2025-10-08 12:11:41.457 [main] INFO  Unidad1.ejemplo.FileNuevo - Android
2025-10-08 12:11:41.459 [main] INFO  Unidad1.ejemplo.FileNuevo - Brave.lnk
2025-10-08 12:11:41.459 [main] INFO  Unidad1.ejemplo.FileNuevo - desktop.ini
2025-10-08 12:11:41.459 [main] INFO  Unidad1.ejemplo.FileNuevo - fichero
2025-10-08 12:11:41.459 [main] INFO  Unidad1.ejemplo.FileNuevo - fichero.txt
2025-10-08 12:11:41.459 [main] INFO  Unidad1.ejemplo.FileNuevo - Optativa
2025-10-08 12:11:41.459 [main] INFO  Unidad1.ejemplo.FileNuevo - Spring
2025-10-08 12:11:41.459 [main] INFO  Unidad1.ejemplo.FileNuevo - SpringNuevo
2025-10-08 12:11:41.459 [main] INFO  Unidad1.ejemplo.FileNuevo - Tu Chrome - Chrome.lnk
2025-10-08 12:11:41.459 [main] INFO  Unidad1.ejemplo.FileNuevo - Visual Studio Code.lnk
2025-10-08 12:13:30.282 [main] INFO  Unidad1.ejemplo.FileNuevo - Android
2025-10-08 12:13:30.284 [main] INFO  Unidad1.ejemplo.FileNuevo - Brave.lnk
2025-10-08 12:13:30.284 [main] INFO  Unidad1.ejemplo.FileNuevo - desktop.ini
2025-10-08 12:13:30.284 [main] INFO  Unidad1.ejemplo.FileNuevo - fichero
2025-10-08 12:13:30.284 [main] INFO  Unidad1.ejemplo.FileNuevo - fichero.txt
2025-10-08 12:13:30.284 [main] INFO  Unidad1.ejemplo.FileNuevo - Optativa
2025-10-08 12:13:30.284 [main] INFO  Unidad1.ejemplo.FileNuevo - Spring
2025-10-08 12:13:30.284 [main] INFO  Unidad1.ejemplo.FileNuevo - SpringNuevo
2025-10-08 12:13:30.284 [main] INFO  Unidad1.ejemplo.FileNuevo - Tu Chrome - Chrome.lnk
2025-10-08 12:13:30.285 [main] INFO  Unidad1.ejemplo.FileNuevo - Visual Studio Code.lnk
2025-10-08 12:13:30.285 [main] INFO  Unidad1.ejemplo.FileNuevo - COMMIT_EDITMSG
2025-10-08 12:13:30.285 [main] INFO  Unidad1.ejemplo.FileNuevo - config
2025-10-08 12:13:30.285 [main] INFO  Unidad1.ejemplo.FileNuevo - description
2025-10-08 12:13:30.285 [main] INFO  Unidad1.ejemplo.FileNuevo - HEAD
2025-10-08 12:13:30.286 [main] INFO  Unidad1.ejemplo.FileNuevo - applypatch-msg.sample
2025-10-08 12:13:30.286 [main] INFO  Unidad1.ejemplo.FileNuevo - commit-msg.sample
2025-10-08 12:13:30.286 [main] INFO  Unidad1.ejemplo.FileNuevo - fsmonitor-watchman.sample
2025-10-08 12:13:30.286 [main] INFO  Unidad1.ejemplo.FileNuevo - post-update.sample
2025-10-08 12:13:30.286 [main] INFO  Unidad1.ejemplo.FileNuevo - pre-applypatch.sample
2025-10-08 12:13:30.286 [main] INFO  Unidad1.ejemplo.FileNuevo - pre-commit.sample
2025-10-08 12:13:30.286 [main] INFO  Unidad1.ejemplo.FileNuevo - pre-merge-commit.sample
2025-10-08 12:13:30.286 [main] INFO  Unidad1.ejemplo.FileNuevo - pre-push.sample
2025-10-08 12:13:30.286 [main] INFO  Unidad1.ejemplo.FileNuevo - pre-rebase.sample
2025-10-08 12:13:30.286 [main] INFO  Unidad1.ejemplo.FileNuevo - pre-receive.sample
2025-10-08 12:13:30.287 [main] INFO  Unidad1.ejemplo.FileNuevo - prepare-commit-msg.sample
2025-10-08 12:13:30.287 [main] INFO  Unidad1.ejemplo.FileNuevo - push-to-checkout.sample
2025-10-08 12:13:30.287 [main] INFO  Unidad1.ejemplo.FileNuevo - sendemail-validate.sample
2025-10-08 12:13:30.287 [main] INFO  Unidad1.ejemplo.FileNuevo - update.sample
2025-10-08 12:13:30.287 [main] INFO  Unidad1.ejemplo.FileNuevo - index
2025-10-08 12:13:30.287 [main] INFO  Unidad1.ejemplo.FileNuevo - exclude
2025-10-08 12:13:30.287 [main] INFO  Unidad1.ejemplo.FileNuevo - HEAD
2025-10-08 12:13:30.288 [main] INFO  Unidad1.ejemplo.FileNuevo - master
2025-10-08 12:13:30.288 [main] INFO  Unidad1.ejemplo.FileNuevo - master
2025-10-08 12:13:30.288 [main] INFO  Unidad1.ejemplo.FileNuevo - ec266f0a03b2ca0ad156db6f995aec3d39712f
2025-10-08 12:13:30.288 [main] INFO  Unidad1.ejemplo.FileNuevo - 615786dd22a6c2df1ebd0b3a53fcd204d49d6c
2025-10-08 12:13:30.289 [main] INFO  Unidad1.ejemplo.FileNuevo - d5da9cbf141911847041df5d7b87f0dd5ef9d4
2025-10-08 12:13:30.289 [main] INFO  Unidad1.ejemplo.FileNuevo - 9f596534cff0ff01695d2b8bde7acf62d122dd
2025-10-08 12:13:30.289 [main] INFO  Unidad1.ejemplo.FileNuevo - 4ce13467aa9741baf73bb3464e5dee0e2095c2
2025-10-08 12:13:30.289 [main] INFO  Unidad1.ejemplo.FileNuevo - 7acd32c4e687021ef32db511e8a206129b88ec
2025-10-08 12:13:30.290 [main] INFO  Unidad1.ejemplo.FileNuevo - 17e928894cecf247fd980964e5e9f7fad16e4e
2025-10-08 12:13:30.290 [main] INFO  Unidad1.ejemplo.FileNuevo - a77a0053be7630553c042a5fcae8cd358fa6b0
2025-10-08 12:13:30.290 [main] INFO  Unidad1.ejemplo.FileNuevo - 032ec51b9f97ba21eaa44772ff5d010dede379
2025-10-08 12:13:30.290 [main] INFO  Unidad1.ejemplo.FileNuevo - 660f1d80a1f5cde389ecce783051eb8f68223d
2025-10-08 12:13:30.290 [main] INFO  Unidad1.ejemplo.FileNuevo - b0d7876bddd1af430ed20380e82474b9b867ae
2025-10-08 12:13:30.290 [main] INFO  Unidad1.ejemplo.FileNuevo - 98f9ecd0a495b04dba10d6603b9754e5d38fe8
2025-10-08 12:13:30.291 [main] INFO  Unidad1.ejemplo.FileNuevo - 2ca1a295f442e373e7c1bc80d932f11d158ec7
2025-10-08 12:13:30.291 [main] INFO  Unidad1.ejemplo.FileNuevo - 9a6956b3acdc11f40ce2bb3f6efbd845cc243f
2025-10-08 12:13:30.291 [main] INFO  Unidad1.ejemplo.FileNuevo - fc19719dd1af7fd9b756ab264426c137eb5261
2025-10-08 12:13:30.291 [main] INFO  Unidad1.ejemplo.FileNuevo - 2a7233a0d3653758130edbca2731201514eeb7
2025-10-08 12:13:30.292 [main] INFO  Unidad1.ejemplo.FileNuevo - d33521af10bcc7fd8cea344038eaaeb78d0ef5
2025-10-08 12:13:30.292 [main] INFO  Unidad1.ejemplo.FileNuevo - 76407b28fa0a4dab5112ead194aaf0bdb16320
2025-10-08 12:13:30.292 [main] INFO  Unidad1.ejemplo.FileNuevo - d4b77f9f036a47549d47db79c16788749dca10
2025-10-08 12:13:30.292 [main] INFO  Unidad1.ejemplo.FileNuevo - daf5309cf7afb824178ae56b7e51d0138f7a01
2025-10-08 12:13:30.292 [main] INFO  Unidad1.ejemplo.FileNuevo - 068d11462a4b96669193de13a711a3a36220a0
2025-10-08 12:13:30.292 [main] INFO  Unidad1.ejemplo.FileNuevo - eb1ddfbbc029bcab630581847471d7f238ec53
2025-10-08 12:13:30.292 [main] INFO  Unidad1.ejemplo.FileNuevo - 45d716325b17c0a134ebc49dc37754078691f0
2025-10-08 12:13:30.292 [main] INFO  Unidad1.ejemplo.FileNuevo - 562787fc544e6bccb4ab62f9f1983c6debe54c
2025-10-08 12:13:30.292 [main] INFO  Unidad1.ejemplo.FileNuevo - 9c96186eb961bceceebcd04962dd7842b64ffa
2025-10-08 12:13:30.293 [main] INFO  Unidad1.ejemplo.FileNuevo - e1a3968d8b34c920ca224de40811509c6625ed
2025-10-08 12:13:30.293 [main] INFO  Unidad1.ejemplo.FileNuevo - eb4776b3b3e6ddaf99d4f501c31ddf7a023740
2025-10-08 12:13:30.293 [main] INFO  Unidad1.ejemplo.FileNuevo - 022c214b8c47a5d5f9774197529f763d5716a0
2025-10-08 12:13:30.293 [main] INFO  Unidad1.ejemplo.FileNuevo - afabfd2abebf31384ca7797186a27a4b7dbee8
2025-10-08 12:13:30.293 [main] INFO  Unidad1.ejemplo.FileNuevo - 87edc225e5dd29788b0c5e26f7c3dbd57a1e4a
2025-10-08 12:13:30.293 [main] INFO  Unidad1.ejemplo.FileNuevo - 123c8a05f7c8ae0d069692786b4f3b1a0648d7
2025-10-08 12:13:30.293 [main] INFO  Unidad1.ejemplo.FileNuevo - 49f27183b41e16673c6f080f304500794e92a7
2025-10-08 12:13:30.295 [main] INFO  Unidad1.ejemplo.FileNuevo - afa981e7c0c2d5690704b296ea0ce2a1d2466e
2025-10-08 12:13:30.295 [main] INFO  Unidad1.ejemplo.FileNuevo - 1bb434814107eb79d7a30b676d344b0df2f8ce
2025-10-08 12:13:30.295 [main] INFO  Unidad1.ejemplo.FileNuevo - 1a308672b82d2ebb8fbafc5d5ba24df9881a43
2025-10-08 12:13:30.295 [main] INFO  Unidad1.ejemplo.FileNuevo - 53bee8cb948a6e677a1a320d0ecfbe26d4062e
2025-10-08 12:13:30.295 [main] INFO  Unidad1.ejemplo.FileNuevo - 54668721ae95d2504f32b346d1997bb87ae6ba
2025-10-08 12:13:30.295 [main] INFO  Unidad1.ejemplo.FileNuevo - 5e39d253ccecd59322033414f6cfa8aff8b8ae
2025-10-08 12:13:30.296 [main] INFO  Unidad1.ejemplo.FileNuevo - f925582478cf0d469c4cff9a4bb50859f3230a
2025-10-08 12:13:30.296 [main] INFO  Unidad1.ejemplo.FileNuevo - 0f1d64e58ba64d180ce43ee13bf9a17835fbca
2025-10-08 12:13:30.296 [main] INFO  Unidad1.ejemplo.FileNuevo - 906e0c811fc9e230eb44819f509cd0627f2600
2025-10-08 12:13:30.296 [main] INFO  Unidad1.ejemplo.FileNuevo - 6abe05699b4a4d708524ba0d8a6ebbd734ec1a
2025-10-08 12:13:30.296 [main] INFO  Unidad1.ejemplo.FileNuevo - 2233e859e57fb2978b3eff5c44d084f2e3ca77
2025-10-08 12:13:30.296 [main] INFO  Unidad1.ejemplo.FileNuevo - a1814ca1fca619aec903c3180015d440d0f3f7
2025-10-08 12:13:30.297 [main] INFO  Unidad1.ejemplo.FileNuevo - 5c4d41c45badc0929a3b57886951a92a4fd8f5
2025-10-08 12:13:30.297 [main] INFO  Unidad1.ejemplo.FileNuevo - 26da982348ec04fd79d859edf9f3b61f9af86e
2025-10-08 12:13:30.297 [main] INFO  Unidad1.ejemplo.FileNuevo - c01897baab47e59edade0e8852810e5fc1d4c5
2025-10-08 12:13:30.297 [main] INFO  Unidad1.ejemplo.FileNuevo - 78e69f933d0e5758ef0e46d981ca542e0088b5
2025-10-08 12:13:30.297 [main] INFO  Unidad1.ejemplo.FileNuevo - 3a75db029cc8f73dca1399d4bab9cdbade064f
2025-10-08 12:13:30.297 [main] INFO  Unidad1.ejemplo.FileNuevo - b611da081676d42f6c3f78a2c91e7bcedddedb
2025-10-08 12:13:30.298 [main] INFO  Unidad1.ejemplo.FileNuevo - 9c779c30dcea44b3fa466e6bdad0eee2f3cc8f
2025-10-08 12:13:30.298 [main] INFO  Unidad1.ejemplo.FileNuevo - 664c6246bd07e6d08e1eb87043191b51a0c32c
2025-10-08 12:13:30.298 [main] INFO  Unidad1.ejemplo.FileNuevo - 3b755bf50c6b03d8714a9c6184705e6a08389f
2025-10-08 12:13:30.298 [main] INFO  Unidad1.ejemplo.FileNuevo - dd639e4ea4800753c1dbdb333093410e843492
2025-10-08 12:13:30.298 [main] INFO  Unidad1.ejemplo.FileNuevo - 18ea20bed877ffbc2bc1f394ab9e89b6316a22
2025-10-08 12:13:30.299 [main] INFO  Unidad1.ejemplo.FileNuevo - 240f7de2a8a23ef562bbae83f2523daefa8eff
2025-10-08 12:13:30.299 [main] INFO  Unidad1.ejemplo.FileNuevo - a5d977951ccdfedf6e21f7fe07f1ac54b3b2ce
2025-10-08 12:13:30.299 [main] INFO  Unidad1.ejemplo.FileNuevo - 1e103ac70d82893bb249bac811811bb6413497
2025-10-08 12:13:30.299 [main] INFO  Unidad1.ejemplo.FileNuevo - 26ae37cbc3587421d6889eadd1d91fbf1994d4
2025-10-08 12:13:30.299 [main] INFO  Unidad1.ejemplo.FileNuevo - f95584ddee9f617685b7fa7225acc588370dc4
2025-10-08 12:13:30.299 [main] INFO  Unidad1.ejemplo.FileNuevo - 87f5083623b375139afb391af71cc533a7dd37
2025-10-08 12:13:30.300 [main] INFO  Unidad1.ejemplo.FileNuevo - 8a3070fe34c611c42c0d3ad3013a0dce358be0
2025-10-08 12:13:30.300 [main] INFO  Unidad1.ejemplo.FileNuevo - eae930ecec22a04356caa84220656ce4aeb9fb
2025-10-08 12:13:30.300 [main] INFO  Unidad1.ejemplo.FileNuevo - f0a8e140eb13e7d6fe6da418d1752a180fc74c
2025-10-08 12:13:30.300 [main] INFO  Unidad1.ejemplo.FileNuevo - 2ba517a4b447bebc00ed3d1e784228226aef3b
2025-10-08 12:13:30.300 [main] INFO  Unidad1.ejemplo.FileNuevo - e9997b0b4726e57c27b2f7b21462b604ff8a88
2025-10-08 12:13:30.300 [main] INFO  Unidad1.ejemplo.FileNuevo - de34961096076e3ad578310142d8e33859d1bb
2025-10-08 12:13:30.301 [main] INFO  Unidad1.ejemplo.FileNuevo - fcbdf0d0043b3a54b14de2350401c3cde249d7
2025-10-08 12:13:30.301 [main] INFO  Unidad1.ejemplo.FileNuevo - 724b77071afcbd9bb398053e05adaf7ac9405a
2025-10-08 12:13:30.301 [main] INFO  Unidad1.ejemplo.FileNuevo - 7d6427e6fa1074b79ccd52ef67ac15c5637e85
2025-10-08 12:13:30.301 [main] INFO  Unidad1.ejemplo.FileNuevo - 4e1eb0183d6bc0706fc494d66872508f198a59
2025-10-08 12:13:30.301 [main] INFO  Unidad1.ejemplo.FileNuevo - 94077ca2fcb01333b143c53620cae4aca0d3a8
2025-10-08 12:13:30.301 [main] INFO  Unidad1.ejemplo.FileNuevo - 68ef36cd2de3a14ddddf25aa9f5d4e95731e18
2025-10-08 12:13:30.302 [main] INFO  Unidad1.ejemplo.FileNuevo - dfe3d1ba5cf3ee31b3ecc1ced89044a1f3b7a9
2025-10-08 12:13:30.302 [main] INFO  Unidad1.ejemplo.FileNuevo - 405b3b32436569d6c9166762efd07fff07e534
2025-10-08 12:13:30.302 [main] INFO  Unidad1.ejemplo.FileNuevo - 6273d9424b73937ca6ad7933f6b7eeb60f4a3d
2025-10-08 12:13:30.302 [main] INFO  Unidad1.ejemplo.FileNuevo - 6f978d568819ab83cdb7567761357884d2b1e4
2025-10-08 12:13:30.302 [main] INFO  Unidad1.ejemplo.FileNuevo - 43ee59f6e0688f3d98cfb4a973382257e5d9d1
2025-10-08 12:13:30.302 [main] INFO  Unidad1.ejemplo.FileNuevo - 6e66da28d46c2e93e571b5259e18d4ea3f540c
2025-10-08 12:13:30.302 [main] INFO  Unidad1.ejemplo.FileNuevo - 33b6b2e70a2d6993c415f583601bc6745f63fb
2025-10-08 12:13:30.302 [main] INFO  Unidad1.ejemplo.FileNuevo - 09e78ecd372343283f4157dcfd918ec5165bb3
2025-10-08 12:13:30.303 [main] INFO  Unidad1.ejemplo.FileNuevo - 3378e93762f42b7d3a6840cc54860dcd1a1ac2
2025-10-08 12:13:30.303 [main] INFO  Unidad1.ejemplo.FileNuevo - 8a635d178e18466674de84da92d92bb148d2c0
2025-10-08 12:13:30.303 [main] INFO  Unidad1.ejemplo.FileNuevo - 524cd961d27b6695e755c6ef2d4d58cf38431e
2025-10-08 12:13:30.303 [main] INFO  Unidad1.ejemplo.FileNuevo - 28e6c207e27654fbec460c4deedcc41e0a9da1
2025-10-08 12:13:30.303 [main] INFO  Unidad1.ejemplo.FileNuevo - f5963e6b99a9f723c22e56756f61a0ca6b2a5f
2025-10-08 12:13:30.303 [main] INFO  Unidad1.ejemplo.FileNuevo - 5b0f2f61ec548c0334a453e602a4298a9e58af
2025-10-08 12:13:30.304 [main] INFO  Unidad1.ejemplo.FileNuevo - 6ac09b2a42e15ad996e8284b9b5570ebeb56cf
2025-10-08 12:13:30.304 [main] INFO  Unidad1.ejemplo.FileNuevo - ae17d0cb638b847bfe67c09b058700ecdce46d
2025-10-08 12:13:30.304 [main] INFO  Unidad1.ejemplo.FileNuevo - 776809be5dab6e24e1f843a8a426f6f140518c
2025-10-08 12:13:30.304 [main] INFO  Unidad1.ejemplo.FileNuevo - 9af4d5b885b4cf699a9be59cd51ea898e75620
2025-10-08 12:13:30.304 [main] INFO  Unidad1.ejemplo.FileNuevo - d865875bed1a07468c9e2602a3465f5675249c
2025-10-08 12:13:30.304 [main] INFO  Unidad1.ejemplo.FileNuevo - 08b1c023ec8b20f512888fe07c5bd3ff77bb8f
2025-10-08 12:13:30.305 [main] INFO  Unidad1.ejemplo.FileNuevo - 5502e6ebc8a4abdc0ee42e0846ee7e606f9016
2025-10-08 12:13:30.305 [main] INFO  Unidad1.ejemplo.FileNuevo - 48317fc2b1406478f0ee240347d26c8adc932f
2025-10-08 12:13:30.305 [main] INFO  Unidad1.ejemplo.FileNuevo - c5a824911e5513ff6c76a660e9b930f7d4afb7
2025-10-08 12:13:30.305 [main] INFO  Unidad1.ejemplo.FileNuevo - 051a6f973e69a86e6f07f1a1c87f17a31c7235
2025-10-08 12:13:30.307 [main] INFO  Unidad1.ejemplo.FileNuevo - master
2025-10-08 12:13:30.307 [main] INFO  Unidad1.ejemplo.FileNuevo - master
2025-10-08 12:13:30.307 [main] INFO  Unidad1.ejemplo.FileNuevo - .gitignore
2025-10-08 12:13:30.307 [main] INFO  Unidad1.ejemplo.FileNuevo - checksums.lock
2025-10-08 12:13:30.307 [main] INFO  Unidad1.ejemplo.FileNuevo - md5-checksums.bin
2025-10-08 12:13:30.308 [main] INFO  Unidad1.ejemplo.FileNuevo - sha1-checksums.bin
2025-10-08 12:13:30.308 [main] INFO  Unidad1.ejemplo.FileNuevo - executionHistory.bin
2025-10-08 12:13:30.308 [main] INFO  Unidad1.ejemplo.FileNuevo - executionHistory.lock
2025-10-08 12:13:30.308 [main] INFO  Unidad1.ejemplo.FileNuevo - last-build.bin
2025-10-08 12:13:30.308 [main] INFO  Unidad1.ejemplo.FileNuevo - fileHashes.bin
2025-10-08 12:13:30.308 [main] INFO  Unidad1.ejemplo.FileNuevo - fileHashes.lock
2025-10-08 12:13:30.308 [main] INFO  Unidad1.ejemplo.FileNuevo - resourceHashesCache.bin
2025-10-08 12:13:30.308 [main] INFO  Unidad1.ejemplo.FileNuevo - gc.properties
2025-10-08 12:13:30.309 [main] INFO  Unidad1.ejemplo.FileNuevo - buildOutputCleanup.lock
2025-10-08 12:13:30.309 [main] INFO  Unidad1.ejemplo.FileNuevo - cache.properties
2025-10-08 12:13:30.309 [main] INFO  Unidad1.ejemplo.FileNuevo - outputFiles.bin
2025-10-08 12:13:30.309 [main] INFO  Unidad1.ejemplo.FileNuevo - config.properties
2025-10-08 12:13:30.309 [main] INFO  Unidad1.ejemplo.FileNuevo - file-system.probe
2025-10-08 12:13:30.309 [main] INFO  Unidad1.ejemplo.FileNuevo - gc.properties
2025-10-08 12:13:30.309 [main] INFO  Unidad1.ejemplo.FileNuevo - .gitignore
2025-10-08 12:13:30.309 [main] INFO  Unidad1.ejemplo.FileNuevo - .name
2025-10-08 12:13:30.309 [main] INFO  Unidad1.ejemplo.FileNuevo - AndroidProjectSystem.xml
2025-10-08 12:13:30.310 [main] INFO  Unidad1.ejemplo.FileNuevo - deviceStreaming.xml
2025-10-08 12:13:30.310 [main] INFO  Unidad1.ejemplo.FileNuevo - compiler.xml
2025-10-08 12:13:30.310 [main] INFO  Unidad1.ejemplo.FileNuevo - deploymentTargetSelector.xml
2025-10-08 12:13:30.310 [main] INFO  Unidad1.ejemplo.FileNuevo - deviceManager.xml
2025-10-08 12:13:30.310 [main] INFO  Unidad1.ejemplo.FileNuevo - gradle.xml
2025-10-08 12:13:30.310 [main] INFO  Unidad1.ejemplo.FileNuevo - migrations.xml
2025-10-08 12:13:30.310 [main] INFO  Unidad1.ejemplo.FileNuevo - misc.xml
2025-10-08 12:13:30.310 [main] INFO  Unidad1.ejemplo.FileNuevo - runConfigurations.xml
2025-10-08 12:13:30.310 [main] INFO  Unidad1.ejemplo.FileNuevo - vcs.xml
2025-10-08 12:13:30.310 [main] INFO  Unidad1.ejemplo.FileNuevo - workspace.xml
2025-10-08 12:13:30.310 [main] INFO  Unidad1.ejemplo.FileNuevo - .gitignore
2025-10-08 12:13:30.311 [main] INFO  Unidad1.ejemplo.FileNuevo - ic_launcher_foreground.xml
2025-10-08 12:13:30.312 [main] INFO  Unidad1.ejemplo.FileNuevo - annotationProcessors.json
2025-10-08 12:13:30.312 [main] INFO  Unidad1.ejemplo.FileNuevo - app-debug.apk
2025-10-08 12:13:30.312 [main] INFO  Unidad1.ejemplo.FileNuevo - output-metadata.json
2025-10-08 12:13:30.312 [main] INFO  Unidad1.ejemplo.FileNuevo - redirect.txt
2025-10-08 12:13:30.312 [main] INFO  Unidad1.ejemplo.FileNuevo - app-metadata.properties
2025-10-08 12:13:30.313 [main] INFO  Unidad1.ejemplo.FileNuevo - output-metadata.json
2025-10-08 12:13:30.313 [main] INFO  Unidad1.ejemplo.FileNuevo - R.jar
2025-10-08 12:13:30.315 [main] INFO  Unidad1.ejemplo.FileNuevo - graph.bin
2025-10-08 12:13:30.315 [main] INFO  Unidad1.ejemplo.FileNuevo - graph.bin
2025-10-08 12:13:30.315 [main] INFO  Unidad1.ejemplo.FileNuevo - graph.bin
2025-10-08 12:13:30.315 [main] INFO  Unidad1.ejemplo.FileNuevo - graph.bin
2025-10-08 12:13:30.315 [main] INFO  Unidad1.ejemplo.FileNuevo - graph.bin
2025-10-08 12:13:30.315 [main] INFO  Unidad1.ejemplo.FileNuevo - graph.bin
2025-10-08 12:13:30.316 [main] INFO  Unidad1.ejemplo.FileNuevo - graph.bin
2025-10-08 12:13:30.316 [main] INFO  Unidad1.ejemplo.FileNuevo - graph.bin
2025-10-08 12:13:30.316 [main] INFO  Unidad1.ejemplo.FileNuevo - graph.bin
2025-10-08 12:13:30.316 [main] INFO  Unidad1.ejemplo.FileNuevo - graph.bin
2025-10-08 12:13:30.316 [main] INFO  Unidad1.ejemplo.FileNuevo - graph.bin
2025-10-08 12:13:30.316 [main] INFO  Unidad1.ejemplo.FileNuevo - graph.bin
2025-10-08 12:13:30.316 [main] INFO  Unidad1.ejemplo.FileNuevo - graph.bin
2025-10-08 12:13:30.317 [main] INFO  Unidad1.ejemplo.FileNuevo - graph.bin
2025-10-08 12:13:30.317 [main] INFO  Unidad1.ejemplo.FileNuevo - graph.bin
2025-10-08 12:13:30.317 [main] INFO  Unidad1.ejemplo.FileNuevo - graph.bin
2025-10-08 12:13:30.317 [main] INFO  Unidad1.ejemplo.FileNuevo - classes.dex
2025-10-08 12:13:30.319 [main] INFO  Unidad1.ejemplo.FileNuevo - classes.dex
2025-10-08 12:13:30.320 [main] INFO  Unidad1.ejemplo.FileNuevo - classes.dex
2025-10-08 12:13:30.320 [main] INFO  Unidad1.ejemplo.FileNuevo - out
2025-10-08 12:13:30.320 [main] INFO  Unidad1.ejemplo.FileNuevo - out
2025-10-08 12:13:30.322 [main] INFO  Unidad1.ejemplo.FileNuevo - compile-file-map.properties
2025-10-08 12:13:30.323 [main] INFO  Unidad1.ejemplo.FileNuevo - merger.xml
2025-10-08 12:13:30.323 [main] INFO  Unidad1.ejemplo.FileNuevo - compile-file-map.properties
2025-10-08 12:13:30.324 [main] INFO  Unidad1.ejemplo.FileNuevo - merger.xml
2025-10-08 12:13:30.324 [main] INFO  Unidad1.ejemplo.FileNuevo - merge-state
2025-10-08 12:13:30.324 [main] INFO  Unidad1.ejemplo.FileNuevo - 06J3wk5RJ32OIlrE4d+vRw==
2025-10-08 12:13:30.324 [main] INFO  Unidad1.ejemplo.FileNuevo - 1avI0Qmmnrpn_vdPZlV1AA==
2025-10-08 12:13:30.324 [main] INFO  Unidad1.ejemplo.FileNuevo - 22VsufL1U3XTqC1DU4m7xg==
2025-10-08 12:13:30.324 [main] INFO  Unidad1.ejemplo.FileNuevo - 4KUTQbaxrpxuQ9sPgpVfzA==
2025-10-08 12:13:30.324 [main] INFO  Unidad1.ejemplo.FileNuevo - 4SYwQ56OuVS4LsQm+iW3gg==
2025-10-08 12:13:30.324 [main] INFO  Unidad1.ejemplo.FileNuevo - 51nxkgeC6ZDPN6EMSuni_Q==
2025-10-08 12:13:30.324 [main] INFO  Unidad1.ejemplo.FileNuevo - 6sjwx5c44WbsK+YGTmRVHw==
2025-10-08 12:13:30.324 [main] INFO  Unidad1.ejemplo.FileNuevo - aif1wudAHAESUEvkhWmJ8Q==
2025-10-08 12:13:30.325 [main] INFO  Unidad1.ejemplo.FileNuevo - APfW+HryITjCqlX8sNol0w==
2025-10-08 12:13:30.325 [main] INFO  Unidad1.ejemplo.FileNuevo - b8Km8C9glVHrIvb8M_E+Jw==
2025-10-08 12:13:30.325 [main] INFO  Unidad1.ejemplo.FileNuevo - cdiBqqrEOPhE70VtCZLTwA==
2025-10-08 12:13:30.325 [main] INFO  Unidad1.ejemplo.FileNuevo - CGc9a_Iybp8aixutiYmspA==
2025-10-08 12:13:30.325 [main] INFO  Unidad1.ejemplo.FileNuevo - dtm6Y8yG8ELHHOpWH+O+9A==
2025-10-08 12:13:30.325 [main] INFO  Unidad1.ejemplo.FileNuevo - eD8pMsdP89U__iOrLGV4QQ==
2025-10-08 12:13:30.325 [main] INFO  Unidad1.ejemplo.FileNuevo - EMZL6yP5sryAuTMmObbLoQ==
2025-10-08 12:13:30.325 [main] INFO  Unidad1.ejemplo.FileNuevo - eu764Be8Vi5MyvQ2JHwy7w==
2025-10-08 12:13:30.325 [main] INFO  Unidad1.ejemplo.FileNuevo - F+ssJOu51FApieQv2QG4GQ==
2025-10-08 12:13:30.325 [main] INFO  Unidad1.ejemplo.FileNuevo - f6gErcHhuarP7eRRRXzueg==
2025-10-08 12:13:30.325 [main] INFO  Unidad1.ejemplo.FileNuevo - FaC4WeMYealUbLY30XKnVQ==
2025-10-08 12:13:30.325 [main] INFO  Unidad1.ejemplo.FileNuevo - ffTSMZyxdMMAm89jstPGFQ==
2025-10-08 12:13:30.326 [main] INFO  Unidad1.ejemplo.FileNuevo - f_3FwVg8SdicMtHO4WCv6g==
2025-10-08 12:13:30.326 [main] INFO  Unidad1.ejemplo.FileNuevo - G+CFndvF0medGqfZS665fA==
2025-10-08 12:13:30.326 [main] INFO  Unidad1.ejemplo.FileNuevo - HlTRxwc40lYafCJYbJZ69Q==
2025-10-08 12:13:30.326 [main] INFO  Unidad1.ejemplo.FileNuevo - hTnYRxPD71hCroLptYB6RA==
2025-10-08 12:13:30.326 [main] INFO  Unidad1.ejemplo.FileNuevo - I0F_Xelmrg1K5gyYh+Mb2w==
2025-10-08 12:13:30.326 [main] INFO  Unidad1.ejemplo.FileNuevo - ia4sE2y8p13InrD1iAazng==
2025-10-08 12:13:30.326 [main] INFO  Unidad1.ejemplo.FileNuevo - iG0eexq63lXCrPqJ5KQ93w==
2025-10-08 12:13:30.326 [main] INFO  Unidad1.ejemplo.FileNuevo - KeKl2RvWe7g6spgIyE9pCQ==
2025-10-08 12:13:30.326 [main] INFO  Unidad1.ejemplo.FileNuevo - kj5Fok34jWYdqAMNwlYKfQ==
2025-10-08 12:13:30.326 [main] INFO  Unidad1.ejemplo.FileNuevo - KTeL8f15ovSAQUiostpZCg==
2025-10-08 12:13:30.326 [main] INFO  Unidad1.ejemplo.FileNuevo - mrfi6Wyl02XuzHehTe1XtA==
2025-10-08 12:13:30.326 [main] INFO  Unidad1.ejemplo.FileNuevo - OC_FAqunxQ5y+4eOeu9oWA==
2025-10-08 12:13:30.326 [main] INFO  Unidad1.ejemplo.FileNuevo - opgIIthlPUZnr6DfttVgUw==
2025-10-08 12:13:30.326 [main] INFO  Unidad1.ejemplo.FileNuevo - otN0tzU_Xa_MFT6fTdtjBQ==
2025-10-08 12:13:30.327 [main] INFO  Unidad1.ejemplo.FileNuevo - Pe+TQVb6w4fen+8YFplAGw==
2025-10-08 12:13:30.327 [main] INFO  Unidad1.ejemplo.FileNuevo - PtzAzQPmM396rPjOf01JaA==
2025-10-08 12:13:30.327 [main] INFO  Unidad1.ejemplo.FileNuevo - qv9oudKQ4IqiYfQZxaWojQ==
2025-10-08 12:13:30.327 [main] INFO  Unidad1.ejemplo.FileNuevo - r299Ztk+vrDH85KqtgcLpA==
2025-10-08 12:13:30.327 [main] INFO  Unidad1.ejemplo.FileNuevo - RBbhVhc8ZPBuSuUa0tjRWQ==
2025-10-08 12:13:30.327 [main] INFO  Unidad1.ejemplo.FileNuevo - RKMzK8G0Yiy16UqhiNeV7g==
2025-10-08 12:13:30.327 [main] INFO  Unidad1.ejemplo.FileNuevo - RPXshDxgj5NnB85jeOtWYQ==
2025-10-08 12:13:30.327 [main] INFO  Unidad1.ejemplo.FileNuevo - ruxoesy4TcanWu6fmthdKA==
2025-10-08 12:13:30.327 [main] INFO  Unidad1.ejemplo.FileNuevo - Tauqt7rUeHruufz+2Nuz1g==
2025-10-08 12:13:30.327 [main] INFO  Unidad1.ejemplo.FileNuevo - TZbrxXs0+VXuPZbzCPRCiA==
2025-10-08 12:13:30.327 [main] INFO  Unidad1.ejemplo.FileNuevo - UIReR5mpXdQpd3M20tslZg==
2025-10-08 12:13:30.327 [main] INFO  Unidad1.ejemplo.FileNuevo - VcdP8vXhHLPX_8IUjVeDRA==
2025-10-08 12:13:30.328 [main] INFO  Unidad1.ejemplo.FileNuevo - vlwFsCNMRF9OrkOB+HWTfw==
2025-10-08 12:13:30.328 [main] INFO  Unidad1.ejemplo.FileNuevo - VSKChhoZLwg_hcxgZyXiDg==
2025-10-08 12:13:30.328 [main] INFO  Unidad1.ejemplo.FileNuevo - VTjDAH3yRTB7c2S0FI+x4g==
2025-10-08 12:13:30.328 [main] INFO  Unidad1.ejemplo.FileNuevo - VXU0UMUxvvHDnJv5MNviLg==
2025-10-08 12:13:30.328 [main] INFO  Unidad1.ejemplo.FileNuevo - wl6rNCx2uxqkBTArAqrsMg==
2025-10-08 12:13:30.328 [main] INFO  Unidad1.ejemplo.FileNuevo - WQlXKoJx7l4mkKQ124hPKg==
2025-10-08 12:13:30.328 [main] INFO  Unidad1.ejemplo.FileNuevo - XDBeqC0qibnzh80D87YHpw==
2025-10-08 12:13:30.328 [main] INFO  Unidad1.ejemplo.FileNuevo - XjpFoEAek1aC9wVxgxI24g==
2025-10-08 12:13:30.328 [main] INFO  Unidad1.ejemplo.FileNuevo - XncESmuAOId1EfxIPmtBPA==
2025-10-08 12:13:30.328 [main] INFO  Unidad1.ejemplo.FileNuevo - yteSZO+W53_4uqanmpJr6w==
2025-10-08 12:13:30.328 [main] INFO  Unidad1.ejemplo.FileNuevo - zkqWzo8RLbNc3gkbbZEDPw==
2025-10-08 12:13:30.329 [main] INFO  Unidad1.ejemplo.FileNuevo - Zpy0GJKI3bz0xLOzl3SKNg==
2025-10-08 12:13:30.329 [main] INFO  Unidad1.ejemplo.FileNuevo - merger.xml
2025-10-08 12:13:30.329 [main] INFO  Unidad1.ejemplo.FileNuevo - merger.xml
2025-10-08 12:13:30.329 [main] INFO  Unidad1.ejemplo.FileNuevo - merger.xml
2025-10-08 12:13:30.329 [main] INFO  Unidad1.ejemplo.FileNuevo - dex-renamer-state.txt
2025-10-08 12:13:30.330 [main] INFO  Unidad1.ejemplo.FileNuevo - androidResources
2025-10-08 12:13:30.330 [main] INFO  Unidad1.ejemplo.FileNuevo - javaResources0
2025-10-08 12:13:30.330 [main] INFO  Unidad1.ejemplo.FileNuevo - MainActivity.class
2025-10-08 12:13:30.331 [main] INFO  Unidad1.ejemplo.FileNuevo - linked-resources-binary-format-debug.ap_
2025-10-08 12:13:30.331 [main] INFO  Unidad1.ejemplo.FileNuevo - output-metadata.json
2025-10-08 12:13:30.331 [main] INFO  Unidad1.ejemplo.FileNuevo - R-def.txt
2025-10-08 12:13:30.331 [main] INFO  Unidad1.ejemplo.FileNuevo - manifest-merger-blame-debug-report.txt
2025-10-08 12:13:30.332 [main] INFO  Unidad1.ejemplo.FileNuevo - base.jar
2025-10-08 12:13:30.332 [main] INFO  Unidad1.ejemplo.FileNuevo - AndroidManifest.xml
2025-10-08 12:13:30.332 [main] INFO  Unidad1.ejemplo.FileNuevo - AndroidManifest.xml
2025-10-08 12:13:30.332 [main] INFO  Unidad1.ejemplo.FileNuevo - output-metadata.json
2025-10-08 12:13:30.333 [main] INFO  Unidad1.ejemplo.FileNuevo - drawable-anydpi-v24_ic_launcher_foreground.xml.flat
2025-10-08 12:13:30.334 [main] INFO  Unidad1.ejemplo.FileNuevo - drawable_ic_launcher_background.xml.flat
2025-10-08 12:13:30.334 [main] INFO  Unidad1.ejemplo.FileNuevo - layout_activity_main.xml.flat
2025-10-08 12:13:30.334 [main] INFO  Unidad1.ejemplo.FileNuevo - mipmap-anydpi-v26_ic_launcher.xml.flat
2025-10-08 12:13:30.334 [main] INFO  Unidad1.ejemplo.FileNuevo - mipmap-anydpi-v26_ic_launcher_round.xml.flat
2025-10-08 12:13:30.334 [main] INFO  Unidad1.ejemplo.FileNuevo - mipmap-hdpi_ic_launcher.webp.flat
2025-10-08 12:13:30.334 [main] INFO  Unidad1.ejemplo.FileNuevo - mipmap-hdpi_ic_launcher_round.webp.flat
2025-10-08 12:13:30.334 [main] INFO  Unidad1.ejemplo.FileNuevo - mipmap-mdpi_ic_launcher.webp.flat
2025-10-08 12:13:30.334 [main] INFO  Unidad1.ejemplo.FileNuevo - mipmap-mdpi_ic_launcher_round.webp.flat
2025-10-08 12:13:30.334 [main] INFO  Unidad1.ejemplo.FileNuevo - mipmap-xhdpi_ic_launcher.webp.flat
2025-10-08 12:13:30.334 [main] INFO  Unidad1.ejemplo.FileNuevo - mipmap-xhdpi_ic_launcher_round.webp.flat
2025-10-08 12:13:30.334 [main] INFO  Unidad1.ejemplo.FileNuevo - mipmap-xxhdpi_ic_launcher.webp.flat
2025-10-08 12:13:30.334 [main] INFO  Unidad1.ejemplo.FileNuevo - mipmap-xxhdpi_ic_launcher_round.webp.flat
2025-10-08 12:13:30.334 [main] INFO  Unidad1.ejemplo.FileNuevo - mipmap-xxxhdpi_ic_launcher.webp.flat
2025-10-08 12:13:30.334 [main] INFO  Unidad1.ejemplo.FileNuevo - mipmap-xxxhdpi_ic_launcher_round.webp.flat
2025-10-08 12:13:30.334 [main] INFO  Unidad1.ejemplo.FileNuevo - values-af_values-af.arsc.flat
2025-10-08 12:13:30.334 [main] INFO  Unidad1.ejemplo.FileNuevo - values-am_values-am.arsc.flat
2025-10-08 12:13:30.334 [main] INFO  Unidad1.ejemplo.FileNuevo - values-ar_values-ar.arsc.flat
2025-10-08 12:13:30.334 [main] INFO  Unidad1.ejemplo.FileNuevo - values-as_values-as.arsc.flat
2025-10-08 12:13:30.336 [main] INFO  Unidad1.ejemplo.FileNuevo - values-az_values-az.arsc.flat
2025-10-08 12:13:30.336 [main] INFO  Unidad1.ejemplo.FileNuevo - values-b+es+419_values-b+es+419.arsc.flat
2025-10-08 12:13:30.336 [main] INFO  Unidad1.ejemplo.FileNuevo - values-b+sr+Latn_values-b+sr+Latn.arsc.flat
2025-10-08 12:13:30.336 [main] INFO  Unidad1.ejemplo.FileNuevo - values-be_values-be.arsc.flat
2025-10-08 12:13:30.336 [main] INFO  Unidad1.ejemplo.FileNuevo - values-bg_values-bg.arsc.flat
2025-10-08 12:13:30.336 [main] INFO  Unidad1.ejemplo.FileNuevo - values-bn_values-bn.arsc.flat
2025-10-08 12:13:30.336 [main] INFO  Unidad1.ejemplo.FileNuevo - values-bs_values-bs.arsc.flat
2025-10-08 12:13:30.336 [main] INFO  Unidad1.ejemplo.FileNuevo - values-ca_values-ca.arsc.flat
2025-10-08 12:13:30.336 [main] INFO  Unidad1.ejemplo.FileNuevo - values-cs_values-cs.arsc.flat
2025-10-08 12:13:30.336 [main] INFO  Unidad1.ejemplo.FileNuevo - values-da_values-da.arsc.flat
2025-10-08 12:13:30.336 [main] INFO  Unidad1.ejemplo.FileNuevo - values-de_values-de.arsc.flat
2025-10-08 12:13:30.336 [main] INFO  Unidad1.ejemplo.FileNuevo - values-el_values-el.arsc.flat
2025-10-08 12:13:30.336 [main] INFO  Unidad1.ejemplo.FileNuevo - values-en-rAU_values-en-rAU.arsc.flat
2025-10-08 12:13:30.336 [main] INFO  Unidad1.ejemplo.FileNuevo - values-en-rCA_values-en-rCA.arsc.flat
2025-10-08 12:13:30.336 [main] INFO  Unidad1.ejemplo.FileNuevo - values-en-rGB_values-en-rGB.arsc.flat
2025-10-08 12:13:30.336 [main] INFO  Unidad1.ejemplo.FileNuevo - values-en-rIN_values-en-rIN.arsc.flat
2025-10-08 12:13:30.336 [main] INFO  Unidad1.ejemplo.FileNuevo - values-en-rXC_values-en-rXC.arsc.flat
2025-10-08 12:13:30.336 [main] INFO  Unidad1.ejemplo.FileNuevo - values-es-rUS_values-es-rUS.arsc.flat
2025-10-08 12:13:30.337 [main] INFO  Unidad1.ejemplo.FileNuevo - values-es_values-es.arsc.flat
2025-10-08 12:13:30.337 [main] INFO  Unidad1.ejemplo.FileNuevo - values-et_values-et.arsc.flat
2025-10-08 12:13:30.337 [main] INFO  Unidad1.ejemplo.FileNuevo - values-eu_values-eu.arsc.flat
2025-10-08 12:13:30.337 [main] INFO  Unidad1.ejemplo.FileNuevo - values-fa_values-fa.arsc.flat
2025-10-08 12:13:30.337 [main] INFO  Unidad1.ejemplo.FileNuevo - values-fi_values-fi.arsc.flat
2025-10-08 12:13:30.337 [main] INFO  Unidad1.ejemplo.FileNuevo - values-fr-rCA_values-fr-rCA.arsc.flat
2025-10-08 12:13:30.337 [main] INFO  Unidad1.ejemplo.FileNuevo - values-fr_values-fr.arsc.flat
2025-10-08 12:13:30.337 [main] INFO  Unidad1.ejemplo.FileNuevo - values-gl_values-gl.arsc.flat
2025-10-08 12:13:30.337 [main] INFO  Unidad1.ejemplo.FileNuevo - values-gu_values-gu.arsc.flat
2025-10-08 12:13:30.337 [main] INFO  Unidad1.ejemplo.FileNuevo - values-h320dp-port-v13_values-h320dp-port-v13.arsc.flat
2025-10-08 12:13:30.337 [main] INFO  Unidad1.ejemplo.FileNuevo - values-h360dp-land-v13_values-h360dp-land-v13.arsc.flat
2025-10-08 12:13:30.337 [main] INFO  Unidad1.ejemplo.FileNuevo - values-h480dp-land-v13_values-h480dp-land-v13.arsc.flat
2025-10-08 12:13:30.337 [main] INFO  Unidad1.ejemplo.FileNuevo - values-h550dp-port-v13_values-h550dp-port-v13.arsc.flat
2025-10-08 12:13:30.337 [main] INFO  Unidad1.ejemplo.FileNuevo - values-h720dp-v13_values-h720dp-v13.arsc.flat
2025-10-08 12:13:30.337 [main] INFO  Unidad1.ejemplo.FileNuevo - values-hdpi-v4_values-hdpi-v4.arsc.flat
2025-10-08 12:13:30.337 [main] INFO  Unidad1.ejemplo.FileNuevo - values-hi_values-hi.arsc.flat
2025-10-08 12:13:30.337 [main] INFO  Unidad1.ejemplo.FileNuevo - values-hr_values-hr.arsc.flat
2025-10-08 12:13:30.337 [main] INFO  Unidad1.ejemplo.FileNuevo - values-hu_values-hu.arsc.flat
2025-10-08 12:13:30.337 [main] INFO  Unidad1.ejemplo.FileNuevo - values-hy_values-hy.arsc.flat
2025-10-08 12:13:30.337 [main] INFO  Unidad1.ejemplo.FileNuevo - values-in_values-in.arsc.flat
2025-10-08 12:13:30.338 [main] INFO  Unidad1.ejemplo.FileNuevo - values-is_values-is.arsc.flat
2025-10-08 12:13:30.338 [main] INFO  Unidad1.ejemplo.FileNuevo - values-it_values-it.arsc.flat
2025-10-08 12:13:30.338 [main] INFO  Unidad1.ejemplo.FileNuevo - values-iw_values-iw.arsc.flat
2025-10-08 12:13:30.338 [main] INFO  Unidad1.ejemplo.FileNuevo - values-ja_values-ja.arsc.flat
2025-10-08 12:13:30.338 [main] INFO  Unidad1.ejemplo.FileNuevo - values-ka_values-ka.arsc.flat
2025-10-08 12:13:30.338 [main] INFO  Unidad1.ejemplo.FileNuevo - values-kk_values-kk.arsc.flat
2025-10-08 12:13:30.338 [main] INFO  Unidad1.ejemplo.FileNuevo - values-km_values-km.arsc.flat
2025-10-08 12:13:30.338 [main] INFO  Unidad1.ejemplo.FileNuevo - values-kn_values-kn.arsc.flat
2025-10-08 12:13:30.338 [main] INFO  Unidad1.ejemplo.FileNuevo - values-ko_values-ko.arsc.flat
2025-10-08 12:13:30.338 [main] INFO  Unidad1.ejemplo.FileNuevo - values-ky_values-ky.arsc.flat
2025-10-08 12:13:30.338 [main] INFO  Unidad1.ejemplo.FileNuevo - values-land_values-land.arsc.flat
2025-10-08 12:13:30.338 [main] INFO  Unidad1.ejemplo.FileNuevo - values-large-v4_values-large-v4.arsc.flat
2025-10-08 12:13:30.338 [main] INFO  Unidad1.ejemplo.FileNuevo - values-ldltr-v21_values-ldltr-v21.arsc.flat
2025-10-08 12:13:30.338 [main] INFO  Unidad1.ejemplo.FileNuevo - values-ldrtl-v17_values-ldrtl-v17.arsc.flat
2025-10-08 12:13:30.338 [main] INFO  Unidad1.ejemplo.FileNuevo - values-lo_values-lo.arsc.flat
2025-10-08 12:13:30.338 [main] INFO  Unidad1.ejemplo.FileNuevo - values-lt_values-lt.arsc.flat
2025-10-08 12:13:30.338 [main] INFO  Unidad1.ejemplo.FileNuevo - values-lv_values-lv.arsc.flat
2025-10-08 12:13:30.338 [main] INFO  Unidad1.ejemplo.FileNuevo - values-mk_values-mk.arsc.flat
2025-10-08 12:13:30.338 [main] INFO  Unidad1.ejemplo.FileNuevo - values-ml_values-ml.arsc.flat
2025-10-08 12:13:30.339 [main] INFO  Unidad1.ejemplo.FileNuevo - values-mn_values-mn.arsc.flat
2025-10-08 12:13:30.339 [main] INFO  Unidad1.ejemplo.FileNuevo - values-mr_values-mr.arsc.flat
2025-10-08 12:13:30.339 [main] INFO  Unidad1.ejemplo.FileNuevo - values-ms_values-ms.arsc.flat
2025-10-08 12:13:30.339 [main] INFO  Unidad1.ejemplo.FileNuevo - values-my_values-my.arsc.flat
2025-10-08 12:13:30.339 [main] INFO  Unidad1.ejemplo.FileNuevo - values-nb_values-nb.arsc.flat
2025-10-08 12:13:30.339 [main] INFO  Unidad1.ejemplo.FileNuevo - values-ne_values-ne.arsc.flat
2025-10-08 12:13:30.339 [main] INFO  Unidad1.ejemplo.FileNuevo - values-night-v8_values-night-v8.arsc.flat
2025-10-08 12:13:30.339 [main] INFO  Unidad1.ejemplo.FileNuevo - values-nl_values-nl.arsc.flat
2025-10-08 12:13:30.339 [main] INFO  Unidad1.ejemplo.FileNuevo - values-or_values-or.arsc.flat
2025-10-08 12:13:30.339 [main] INFO  Unidad1.ejemplo.FileNuevo - values-pa_values-pa.arsc.flat
2025-10-08 12:13:30.339 [main] INFO  Unidad1.ejemplo.FileNuevo - values-pl_values-pl.arsc.flat
2025-10-08 12:13:30.339 [main] INFO  Unidad1.ejemplo.FileNuevo - values-port_values-port.arsc.flat
2025-10-08 12:13:30.339 [main] INFO  Unidad1.ejemplo.FileNuevo - values-pt-rBR_values-pt-rBR.arsc.flat
2025-10-08 12:13:30.339 [main] INFO  Unidad1.ejemplo.FileNuevo - values-pt-rPT_values-pt-rPT.arsc.flat
2025-10-08 12:13:30.339 [main] INFO  Unidad1.ejemplo.FileNuevo - values-pt_values-pt.arsc.flat
2025-10-08 12:13:30.339 [main] INFO  Unidad1.ejemplo.FileNuevo - values-ro_values-ro.arsc.flat
2025-10-08 12:13:30.339 [main] INFO  Unidad1.ejemplo.FileNuevo - values-ru_values-ru.arsc.flat
2025-10-08 12:13:30.340 [main] INFO  Unidad1.ejemplo.FileNuevo - values-si_values-si.arsc.flat
2025-10-08 12:13:30.340 [main] INFO  Unidad1.ejemplo.FileNuevo - values-sk_values-sk.arsc.flat
2025-10-08 12:13:30.340 [main] INFO  Unidad1.ejemplo.FileNuevo - values-sl_values-sl.arsc.flat
2025-10-08 12:13:30.340 [main] INFO  Unidad1.ejemplo.FileNuevo - values-small-v4_values-small-v4.arsc.flat
2025-10-08 12:13:30.340 [main] INFO  Unidad1.ejemplo.FileNuevo - values-sq_values-sq.arsc.flat
2025-10-08 12:13:30.340 [main] INFO  Unidad1.ejemplo.FileNuevo - values-sr_values-sr.arsc.flat
2025-10-08 12:13:30.340 [main] INFO  Unidad1.ejemplo.FileNuevo - values-sv_values-sv.arsc.flat
2025-10-08 12:13:30.340 [main] INFO  Unidad1.ejemplo.FileNuevo - values-sw600dp-v13_values-sw600dp-v13.arsc.flat
2025-10-08 12:13:30.340 [main] INFO  Unidad1.ejemplo.FileNuevo - values-sw_values-sw.arsc.flat
2025-10-08 12:13:30.340 [main] INFO  Unidad1.ejemplo.FileNuevo - values-ta_values-ta.arsc.flat
2025-10-08 12:13:30.340 [main] INFO  Unidad1.ejemplo.FileNuevo - values-te_values-te.arsc.flat
2025-10-08 12:13:30.340 [main] INFO  Unidad1.ejemplo.FileNuevo - values-th_values-th.arsc.flat
2025-10-08 12:13:30.340 [main] INFO  Unidad1.ejemplo.FileNuevo - values-tl_values-tl.arsc.flat
2025-10-08 12:13:30.340 [main] INFO  Unidad1.ejemplo.FileNuevo - values-tr_values-tr.arsc.flat
2025-10-08 12:13:30.340 [main] INFO  Unidad1.ejemplo.FileNuevo - values-uk_values-uk.arsc.flat
2025-10-08 12:13:30.340 [main] INFO  Unidad1.ejemplo.FileNuevo - values-ur_values-ur.arsc.flat
2025-10-08 12:13:30.340 [main] INFO  Unidad1.ejemplo.FileNuevo - values-uz_values-uz.arsc.flat
2025-10-08 12:13:30.341 [main] INFO  Unidad1.ejemplo.FileNuevo - values-v16_values-v16.arsc.flat
2025-10-08 12:13:30.341 [main] INFO  Unidad1.ejemplo.FileNuevo - values-v17_values-v17.arsc.flat
2025-10-08 12:13:30.341 [main] INFO  Unidad1.ejemplo.FileNuevo - values-v18_values-v18.arsc.flat
2025-10-08 12:13:30.341 [main] INFO  Unidad1.ejemplo.FileNuevo - values-v21_values-v21.arsc.flat
2025-10-08 12:13:30.341 [main] INFO  Unidad1.ejemplo.FileNuevo - values-v22_values-v22.arsc.flat
2025-10-08 12:13:30.341 [main] INFO  Unidad1.ejemplo.FileNuevo - values-v23_values-v23.arsc.flat
2025-10-08 12:13:30.341 [main] INFO  Unidad1.ejemplo.FileNuevo - values-v24_values-v24.arsc.flat
2025-10-08 12:13:30.341 [main] INFO  Unidad1.ejemplo.FileNuevo - values-v25_values-v25.arsc.flat
2025-10-08 12:13:30.341 [main] INFO  Unidad1.ejemplo.FileNuevo - values-v26_values-v26.arsc.flat
2025-10-08 12:13:30.341 [main] INFO  Unidad1.ejemplo.FileNuevo - values-v28_values-v28.arsc.flat
2025-10-08 12:13:30.341 [main] INFO  Unidad1.ejemplo.FileNuevo - values-v31_values-v31.arsc.flat
2025-10-08 12:13:30.341 [main] INFO  Unidad1.ejemplo.FileNuevo - values-vi_values-vi.arsc.flat
2025-10-08 12:13:30.341 [main] INFO  Unidad1.ejemplo.FileNuevo - values-w320dp-land-v13_values-w320dp-land-v13.arsc.flat
2025-10-08 12:13:30.341 [main] INFO  Unidad1.ejemplo.FileNuevo - values-w360dp-port-v13_values-w360dp-port-v13.arsc.flat
2025-10-08 12:13:30.341 [main] INFO  Unidad1.ejemplo.FileNuevo - values-w400dp-port-v13_values-w400dp-port-v13.arsc.flat
2025-10-08 12:13:30.341 [main] INFO  Unidad1.ejemplo.FileNuevo - values-w600dp-land-v13_values-w600dp-land-v13.arsc.flat
2025-10-08 12:13:30.342 [main] INFO  Unidad1.ejemplo.FileNuevo - values-watch-v20_values-watch-v20.arsc.flat
2025-10-08 12:13:30.342 [main] INFO  Unidad1.ejemplo.FileNuevo - values-watch-v21_values-watch-v21.arsc.flat
2025-10-08 12:13:30.342 [main] INFO  Unidad1.ejemplo.FileNuevo - values-xlarge-v4_values-xlarge-v4.arsc.flat
2025-10-08 12:13:30.342 [main] INFO  Unidad1.ejemplo.FileNuevo - values-zh-rCN_values-zh-rCN.arsc.flat
2025-10-08 12:13:30.342 [main] INFO  Unidad1.ejemplo.FileNuevo - values-zh-rHK_values-zh-rHK.arsc.flat
2025-10-08 12:13:30.342 [main] INFO  Unidad1.ejemplo.FileNuevo - values-zh-rTW_values-zh-rTW.arsc.flat
2025-10-08 12:13:30.342 [main] INFO  Unidad1.ejemplo.FileNuevo - values-zu_values-zu.arsc.flat
2025-10-08 12:13:30.342 [main] INFO  Unidad1.ejemplo.FileNuevo - values_values.arsc.flat
2025-10-08 12:13:30.342 [main] INFO  Unidad1.ejemplo.FileNuevo - xml_backup_rules.xml.flat
2025-10-08 12:13:30.342 [main] INFO  Unidad1.ejemplo.FileNuevo - xml_data_extraction_rules.xml.flat
2025-10-08 12:13:30.343 [main] INFO  Unidad1.ejemplo.FileNuevo - mergeDebugResources.json
2025-10-08 12:13:30.343 [main] INFO  Unidad1.ejemplo.FileNuevo - values-af.json
2025-10-08 12:13:30.343 [main] INFO  Unidad1.ejemplo.FileNuevo - values-am.json
2025-10-08 12:13:30.343 [main] INFO  Unidad1.ejemplo.FileNuevo - values-ar.json
2025-10-08 12:13:30.343 [main] INFO  Unidad1.ejemplo.FileNuevo - values-as.json
2025-10-08 12:13:30.343 [main] INFO  Unidad1.ejemplo.FileNuevo - values-az.json
2025-10-08 12:13:30.343 [main] INFO  Unidad1.ejemplo.FileNuevo - values-b+es+419.json
2025-10-08 12:13:30.343 [main] INFO  Unidad1.ejemplo.FileNuevo - values-b+sr+Latn.json
2025-10-08 12:13:30.343 [main] INFO  Unidad1.ejemplo.FileNuevo - values-be.json
2025-10-08 12:13:30.343 [main] INFO  Unidad1.ejemplo.FileNuevo - values-bg.json
2025-10-08 12:13:30.344 [main] INFO  Unidad1.ejemplo.FileNuevo - values-bn.json
2025-10-08 12:13:30.344 [main] INFO  Unidad1.ejemplo.FileNuevo - values-bs.json
2025-10-08 12:13:30.344 [main] INFO  Unidad1.ejemplo.FileNuevo - values-ca.json
2025-10-08 12:13:30.344 [main] INFO  Unidad1.ejemplo.FileNuevo - values-cs.json
2025-10-08 12:13:30.344 [main] INFO  Unidad1.ejemplo.FileNuevo - values-da.json
2025-10-08 12:13:30.344 [main] INFO  Unidad1.ejemplo.FileNuevo - values-de.json
2025-10-08 12:13:30.344 [main] INFO  Unidad1.ejemplo.FileNuevo - values-el.json
2025-10-08 12:13:30.344 [main] INFO  Unidad1.ejemplo.FileNuevo - values-en-rAU.json
2025-10-08 12:13:30.344 [main] INFO  Unidad1.ejemplo.FileNuevo - values-en-rCA.json
2025-10-08 12:13:30.344 [main] INFO  Unidad1.ejemplo.FileNuevo - values-en-rGB.json
2025-10-08 12:13:30.344 [main] INFO  Unidad1.ejemplo.FileNuevo - values-en-rIN.json
2025-10-08 12:13:30.344 [main] INFO  Unidad1.ejemplo.FileNuevo - values-en-rXC.json
2025-10-08 12:13:30.344 [main] INFO  Unidad1.ejemplo.FileNuevo - values-es-rUS.json
2025-10-08 12:13:30.344 [main] INFO  Unidad1.ejemplo.FileNuevo - values-es.json
2025-10-08 12:13:30.344 [main] INFO  Unidad1.ejemplo.FileNuevo - values-et.json
2025-10-08 12:13:30.344 [main] INFO  Unidad1.ejemplo.FileNuevo - values-eu.json
2025-10-08 12:13:30.344 [main] INFO  Unidad1.ejemplo.FileNuevo - values-fa.json
2025-10-08 12:13:30.344 [main] INFO  Unidad1.ejemplo.FileNuevo - values-fi.json
2025-10-08 12:13:30.344 [main] INFO  Unidad1.ejemplo.FileNuevo - values-fr-rCA.json
2025-10-08 12:13:30.344 [main] INFO  Unidad1.ejemplo.FileNuevo - values-fr.json
2025-10-08 12:13:30.344 [main] INFO  Unidad1.ejemplo.FileNuevo - values-gl.json
2025-10-08 12:13:30.344 [main] INFO  Unidad1.ejemplo.FileNuevo - values-gu.json
2025-10-08 12:13:30.344 [main] INFO  Unidad1.ejemplo.FileNuevo - values-h320dp-port-v13.json
2025-10-08 12:13:30.344 [main] INFO  Unidad1.ejemplo.FileNuevo - values-h360dp-land-v13.json
2025-10-08 12:13:30.344 [main] INFO  Unidad1.ejemplo.FileNuevo - values-h480dp-land-v13.json
2025-10-08 12:13:30.345 [main] INFO  Unidad1.ejemplo.FileNuevo - values-h550dp-port-v13.json
2025-10-08 12:13:30.345 [main] INFO  Unidad1.ejemplo.FileNuevo - values-h720dp-v13.json
2025-10-08 12:13:30.345 [main] INFO  Unidad1.ejemplo.FileNuevo - values-hdpi-v4.json
2025-10-08 12:13:30.345 [main] INFO  Unidad1.ejemplo.FileNuevo - values-hi.json
2025-10-08 12:13:30.345 [main] INFO  Unidad1.ejemplo.FileNuevo - values-hr.json
2025-10-08 12:13:30.345 [main] INFO  Unidad1.ejemplo.FileNuevo - values-hu.json
2025-10-08 12:13:30.345 [main] INFO  Unidad1.ejemplo.FileNuevo - values-hy.json
2025-10-08 12:13:30.345 [main] INFO  Unidad1.ejemplo.FileNuevo - values-in.json
2025-10-08 12:13:30.345 [main] INFO  Unidad1.ejemplo.FileNuevo - values-is.json
2025-10-08 12:13:30.345 [main] INFO  Unidad1.ejemplo.FileNuevo - values-it.json
2025-10-08 12:13:30.345 [main] INFO  Unidad1.ejemplo.FileNuevo - values-iw.json
2025-10-08 12:13:30.345 [main] INFO  Unidad1.ejemplo.FileNuevo - values-ja.json
2025-10-08 12:13:30.345 [main] INFO  Unidad1.ejemplo.FileNuevo - values-ka.json
2025-10-08 12:13:30.345 [main] INFO  Unidad1.ejemplo.FileNuevo - values-kk.json
2025-10-08 12:13:30.345 [main] INFO  Unidad1.ejemplo.FileNuevo - values-km.json
2025-10-08 12:13:30.345 [main] INFO  Unidad1.ejemplo.FileNuevo - values-kn.json
2025-10-08 12:13:30.345 [main] INFO  Unidad1.ejemplo.FileNuevo - values-ko.json
2025-10-08 12:13:30.345 [main] INFO  Unidad1.ejemplo.FileNuevo - values-ky.json
2025-10-08 12:13:30.345 [main] INFO  Unidad1.ejemplo.FileNuevo - values-land.json
2025-10-08 12:13:30.345 [main] INFO  Unidad1.ejemplo.FileNuevo - values-large-v4.json
2025-10-08 12:13:30.345 [main] INFO  Unidad1.ejemplo.FileNuevo - values-ldltr-v21.json
2025-10-08 12:13:30.345 [main] INFO  Unidad1.ejemplo.FileNuevo - values-ldrtl-v17.json
2025-10-08 12:13:30.345 [main] INFO  Unidad1.ejemplo.FileNuevo - values-lo.json
2025-10-08 12:13:30.345 [main] INFO  Unidad1.ejemplo.FileNuevo - values-lt.json
2025-10-08 12:13:30.345 [main] INFO  Unidad1.ejemplo.FileNuevo - values-lv.json
2025-10-08 12:13:30.345 [main] INFO  Unidad1.ejemplo.FileNuevo - values-mk.json
2025-10-08 12:13:30.345 [main] INFO  Unidad1.ejemplo.FileNuevo - values-ml.json
2025-10-08 12:13:30.346 [main] INFO  Unidad1.ejemplo.FileNuevo - values-mn.json
2025-10-08 12:13:30.346 [main] INFO  Unidad1.ejemplo.FileNuevo - values-mr.json
2025-10-08 12:13:30.346 [main] INFO  Unidad1.ejemplo.FileNuevo - values-ms.json
2025-10-08 12:13:30.346 [main] INFO  Unidad1.ejemplo.FileNuevo - values-my.json
2025-10-08 12:13:30.346 [main] INFO  Unidad1.ejemplo.FileNuevo - values-nb.json
2025-10-08 12:13:30.346 [main] INFO  Unidad1.ejemplo.FileNuevo - values-ne.json
2025-10-08 12:13:30.346 [main] INFO  Unidad1.ejemplo.FileNuevo - values-night-v8.json
2025-10-08 12:13:30.346 [main] INFO  Unidad1.ejemplo.FileNuevo - values-nl.json
2025-10-08 12:13:30.346 [main] INFO  Unidad1.ejemplo.FileNuevo - values-or.json
2025-10-08 12:13:30.346 [main] INFO  Unidad1.ejemplo.FileNuevo - values-pa.json
2025-10-08 12:13:30.346 [main] INFO  Unidad1.ejemplo.FileNuevo - values-pl.json
2025-10-08 12:13:30.346 [main] INFO  Unidad1.ejemplo.FileNuevo - values-port.json
2025-10-08 12:13:30.346 [main] INFO  Unidad1.ejemplo.FileNuevo - values-pt-rBR.json
2025-10-08 12:13:30.346 [main] INFO  Unidad1.ejemplo.FileNuevo - values-pt-rPT.json
2025-10-08 12:13:30.346 [main] INFO  Unidad1.ejemplo.FileNuevo - values-pt.json
2025-10-08 12:13:30.346 [main] INFO  Unidad1.ejemplo.FileNuevo - values-ro.json
2025-10-08 12:13:30.346 [main] INFO  Unidad1.ejemplo.FileNuevo - values-ru.json
2025-10-08 12:13:30.346 [main] INFO  Unidad1.ejemplo.FileNuevo - values-si.json
2025-10-08 12:13:30.346 [main] INFO  Unidad1.ejemplo.FileNuevo - values-sk.json
2025-10-08 12:13:30.346 [main] INFO  Unidad1.ejemplo.FileNuevo - values-sl.json
2025-10-08 12:13:30.346 [main] INFO  Unidad1.ejemplo.FileNuevo - values-small-v4.json
2025-10-08 12:13:30.346 [main] INFO  Unidad1.ejemplo.FileNuevo - values-sq.json
2025-10-08 12:13:30.346 [main] INFO  Unidad1.ejemplo.FileNuevo - values-sr.json
2025-10-08 12:13:30.346 [main] INFO  Unidad1.ejemplo.FileNuevo - values-sv.json
2025-10-08 12:13:30.346 [main] INFO  Unidad1.ejemplo.FileNuevo - values-sw.json
2025-10-08 12:13:30.346 [main] INFO  Unidad1.ejemplo.FileNuevo - values-sw600dp-v13.json
2025-10-08 12:13:30.347 [main] INFO  Unidad1.ejemplo.FileNuevo - values-ta.json
2025-10-08 12:13:30.347 [main] INFO  Unidad1.ejemplo.FileNuevo - values-te.json
2025-10-08 12:13:30.347 [main] INFO  Unidad1.ejemplo.FileNuevo - values-th.json
2025-10-08 12:13:30.347 [main] INFO  Unidad1.ejemplo.FileNuevo - values-tl.json
2025-10-08 12:13:30.347 [main] INFO  Unidad1.ejemplo.FileNuevo - values-tr.json
2025-10-08 12:13:30.347 [main] INFO  Unidad1.ejemplo.FileNuevo - values-uk.json
2025-10-08 12:13:30.347 [main] INFO  Unidad1.ejemplo.FileNuevo - values-ur.json
2025-10-08 12:13:30.347 [main] INFO  Unidad1.ejemplo.FileNuevo - values-uz.json
2025-10-08 12:13:30.347 [main] INFO  Unidad1.ejemplo.FileNuevo - values-v16.json
2025-10-08 12:13:30.347 [main] INFO  Unidad1.ejemplo.FileNuevo - values-v17.json
2025-10-08 12:13:30.347 [main] INFO  Unidad1.ejemplo.FileNuevo - values-v18.json
2025-10-08 12:13:30.347 [main] INFO  Unidad1.ejemplo.FileNuevo - values-v21.json
2025-10-08 12:13:30.347 [main] INFO  Unidad1.ejemplo.FileNuevo - values-v22.json
2025-10-08 12:13:30.347 [main] INFO  Unidad1.ejemplo.FileNuevo - values-v23.json
2025-10-08 12:13:30.347 [main] INFO  Unidad1.ejemplo.FileNuevo - values-v24.json
2025-10-08 12:13:30.347 [main] INFO  Unidad1.ejemplo.FileNuevo - values-v25.json
2025-10-08 12:13:30.347 [main] INFO  Unidad1.ejemplo.FileNuevo - values-v26.json
2025-10-08 12:13:30.347 [main] INFO  Unidad1.ejemplo.FileNuevo - values-v28.json
2025-10-08 12:13:30.347 [main] INFO  Unidad1.ejemplo.FileNuevo - values-v31.json
2025-10-08 12:13:30.348 [main] INFO  Unidad1.ejemplo.FileNuevo - values-vi.json
2025-10-08 12:13:30.348 [main] INFO  Unidad1.ejemplo.FileNuevo - values-w320dp-land-v13.json
2025-10-08 12:13:30.348 [main] INFO  Unidad1.ejemplo.FileNuevo - values-w360dp-port-v13.json
2025-10-08 12:13:30.348 [main] INFO  Unidad1.ejemplo.FileNuevo - values-w400dp-port-v13.json
2025-10-08 12:13:30.348 [main] INFO  Unidad1.ejemplo.FileNuevo - values-w600dp-land-v13.json
2025-10-08 12:13:30.348 [main] INFO  Unidad1.ejemplo.FileNuevo - values-watch-v20.json
2025-10-08 12:13:30.348 [main] INFO  Unidad1.ejemplo.FileNuevo - values-watch-v21.json
2025-10-08 12:13:30.348 [main] INFO  Unidad1.ejemplo.FileNuevo - values-xlarge-v4.json
2025-10-08 12:13:30.348 [main] INFO  Unidad1.ejemplo.FileNuevo - values-zh-rCN.json
2025-10-08 12:13:30.348 [main] INFO  Unidad1.ejemplo.FileNuevo - values-zh-rHK.json
2025-10-08 12:13:30.348 [main] INFO  Unidad1.ejemplo.FileNuevo - values-zh-rTW.json
2025-10-08 12:13:30.348 [main] INFO  Unidad1.ejemplo.FileNuevo - values-zu.json
2025-10-08 12:13:30.348 [main] INFO  Unidad1.ejemplo.FileNuevo - values.json
2025-10-08 12:13:30.348 [main] INFO  Unidad1.ejemplo.FileNuevo - mergeDebugResources.json
2025-10-08 12:13:30.349 [main] INFO  Unidad1.ejemplo.FileNuevo - navigation.json
2025-10-08 12:13:30.350 [main] INFO  Unidad1.ejemplo.FileNuevo - nestedResourcesValidationReport.txt
2025-10-08 12:13:30.350 [main] INFO  Unidad1.ejemplo.FileNuevo - AndroidManifest.xml
2025-10-08 12:13:30.350 [main] INFO  Unidad1.ejemplo.FileNuevo - output-metadata.json
2025-10-08 12:13:30.350 [main] INFO  Unidad1.ejemplo.FileNuevo - ic_launcher_background.xml
2025-10-08 12:13:30.350 [main] INFO  Unidad1.ejemplo.FileNuevo - ic_launcher_foreground.xml
2025-10-08 12:13:30.351 [main] INFO  Unidad1.ejemplo.FileNuevo - activity_main.xml
2025-10-08 12:13:30.351 [main] INFO  Unidad1.ejemplo.FileNuevo - ic_launcher.xml
2025-10-08 12:13:30.351 [main] INFO  Unidad1.ejemplo.FileNuevo - ic_launcher_round.xml
2025-10-08 12:13:30.351 [main] INFO  Unidad1.ejemplo.FileNuevo - ic_launcher.webp
2025-10-08 12:13:30.351 [main] INFO  Unidad1.ejemplo.FileNuevo - ic_launcher_round.webp
2025-10-08 12:13:30.351 [main] INFO  Unidad1.ejemplo.FileNuevo - ic_launcher.webp
2025-10-08 12:13:30.351 [main] INFO  Unidad1.ejemplo.FileNuevo - ic_launcher_round.webp
2025-10-08 12:13:30.351 [main] INFO  Unidad1.ejemplo.FileNuevo - ic_launcher.webp
2025-10-08 12:13:30.351 [main] INFO  Unidad1.ejemplo.FileNuevo - ic_launcher_round.webp
2025-10-08 12:13:30.351 [main] INFO  Unidad1.ejemplo.FileNuevo - ic_launcher.webp
2025-10-08 12:13:30.351 [main] INFO  Unidad1.ejemplo.FileNuevo - ic_launcher_round.webp
2025-10-08 12:13:30.353 [main] INFO  Unidad1.ejemplo.FileNuevo - ic_launcher.webp
2025-10-08 12:13:30.353 [main] INFO  Unidad1.ejemplo.FileNuevo - ic_launcher_round.webp
2025-10-08 12:13:30.353 [main] INFO  Unidad1.ejemplo.FileNuevo - values.xml
2025-10-08 12:13:30.353 [main] INFO  Unidad1.ejemplo.FileNuevo - values-night-v8.xml
2025-10-08 12:13:30.353 [main] INFO  Unidad1.ejemplo.FileNuevo - backup_rules.xml
2025-10-08 12:13:30.353 [main] INFO  Unidad1.ejemplo.FileNuevo - data_extraction_rules.xml
2025-10-08 12:13:30.353 [main] INFO  Unidad1.ejemplo.FileNuevo - 6fd0aedba56a8c56d325a53b9c39c90879ff84e56bb509c84966899dee9ce49b_0.jar
2025-10-08 12:13:30.353 [main] INFO  Unidad1.ejemplo.FileNuevo - 6fd0aedba56a8c56d325a53b9c39c90879ff84e56bb509c84966899dee9ce49b_1.jar
2025-10-08 12:13:30.353 [main] INFO  Unidad1.ejemplo.FileNuevo - 6fd0aedba56a8c56d325a53b9c39c90879ff84e56bb509c84966899dee9ce49b_2.jar
2025-10-08 12:13:30.353 [main] INFO  Unidad1.ejemplo.FileNuevo - 6fd0aedba56a8c56d325a53b9c39c90879ff84e56bb509c84966899dee9ce49b_3.jar
2025-10-08 12:13:30.353 [main] INFO  Unidad1.ejemplo.FileNuevo - 6fd0aedba56a8c56d325a53b9c39c90879ff84e56bb509c84966899dee9ce49b_4.jar
2025-10-08 12:13:30.353 [main] INFO  Unidad1.ejemplo.FileNuevo - 6fd0aedba56a8c56d325a53b9c39c90879ff84e56bb509c84966899dee9ce49b_5.jar
2025-10-08 12:13:30.354 [main] INFO  Unidad1.ejemplo.FileNuevo - 6fd0aedba56a8c56d325a53b9c39c90879ff84e56bb509c84966899dee9ce49b_6.jar
2025-10-08 12:13:30.354 [main] INFO  Unidad1.ejemplo.FileNuevo - 6fd0aedba56a8c56d325a53b9c39c90879ff84e56bb509c84966899dee9ce49b_7.jar
2025-10-08 12:13:30.354 [main] INFO  Unidad1.ejemplo.FileNuevo - MainActivity.dex
2025-10-08 12:13:30.354 [main] INFO  Unidad1.ejemplo.FileNuevo - R.txt
2025-10-08 12:13:30.354 [main] INFO  Unidad1.ejemplo.FileNuevo - signing-config-versions.json
2025-10-08 12:13:30.354 [main] INFO  Unidad1.ejemplo.FileNuevo - file-map.txt
2025-10-08 12:13:30.355 [main] INFO  Unidad1.ejemplo.FileNuevo - stableIds.txt
2025-10-08 12:13:30.355 [main] INFO  Unidad1.ejemplo.FileNuevo - package-aware-r.txt
2025-10-08 12:13:30.355 [main] INFO  Unidad1.ejemplo.FileNuevo - manifest-merger-debug-report.txt
2025-10-08 12:13:30.356 [main] INFO  Unidad1.ejemplo.FileNuevo - MainActivity.class.uniqueId0
2025-10-08 12:13:30.356 [main] INFO  Unidad1.ejemplo.FileNuevo - previous-compilation-data.bin
2025-10-08 12:13:30.356 [main] INFO  Unidad1.ejemplo.FileNuevo - build.gradle.kts
2025-10-08 12:13:30.356 [main] INFO  Unidad1.ejemplo.FileNuevo - proguard-rules.pro
2025-10-08 12:13:30.356 [main] INFO  Unidad1.ejemplo.FileNuevo - ExampleInstrumentedTest.java
2025-10-08 12:13:30.356 [main] INFO  Unidad1.ejemplo.FileNuevo - AndroidManifest.xml
2025-10-08 12:13:30.357 [main] INFO  Unidad1.ejemplo.FileNuevo - MainActivity.java
2025-10-08 12:13:30.357 [main] INFO  Unidad1.ejemplo.FileNuevo - ic_launcher_background.xml
2025-10-08 12:13:30.357 [main] INFO  Unidad1.ejemplo.FileNuevo - ic_launcher_foreground.xml
2025-10-08 12:13:30.357 [main] INFO  Unidad1.ejemplo.FileNuevo - activity_main.xml
2025-10-08 12:13:30.357 [main] INFO  Unidad1.ejemplo.FileNuevo - ic_launcher.xml
2025-10-08 12:13:30.357 [main] INFO  Unidad1.ejemplo.FileNuevo - ic_launcher_round.xml
2025-10-08 12:13:30.357 [main] INFO  Unidad1.ejemplo.FileNuevo - ic_launcher.webp
2025-10-08 12:13:30.358 [main] INFO  Unidad1.ejemplo.FileNuevo - ic_launcher_round.webp
2025-10-08 12:13:30.358 [main] INFO  Unidad1.ejemplo.FileNuevo - ic_launcher.webp
2025-10-08 12:13:30.358 [main] INFO  Unidad1.ejemplo.FileNuevo - ic_launcher_round.webp
2025-10-08 12:13:30.358 [main] INFO  Unidad1.ejemplo.FileNuevo - ic_launcher.webp
2025-10-08 12:13:30.358 [main] INFO  Unidad1.ejemplo.FileNuevo - ic_launcher_round.webp
2025-10-08 12:13:30.358 [main] INFO  Unidad1.ejemplo.FileNuevo - ic_launcher.webp
2025-10-08 12:13:30.358 [main] INFO  Unidad1.ejemplo.FileNuevo - ic_launcher_round.webp
2025-10-08 12:13:30.358 [main] INFO  Unidad1.ejemplo.FileNuevo - ic_launcher.webp
2025-10-08 12:13:30.358 [main] INFO  Unidad1.ejemplo.FileNuevo - ic_launcher_round.webp
2025-10-08 12:13:30.358 [main] INFO  Unidad1.ejemplo.FileNuevo - colors.xml
2025-10-08 12:13:30.358 [main] INFO  Unidad1.ejemplo.FileNuevo - strings.xml
2025-10-08 12:13:30.358 [main] INFO  Unidad1.ejemplo.FileNuevo - themes.xml
2025-10-08 12:13:30.358 [main] INFO  Unidad1.ejemplo.FileNuevo - themes.xml
2025-10-08 12:13:30.359 [main] INFO  Unidad1.ejemplo.FileNuevo - backup_rules.xml
2025-10-08 12:13:30.359 [main] INFO  Unidad1.ejemplo.FileNuevo - data_extraction_rules.xml
2025-10-08 12:13:30.359 [main] INFO  Unidad1.ejemplo.FileNuevo - ExampleUnitTest.java
2025-10-08 12:13:30.359 [main] INFO  Unidad1.ejemplo.FileNuevo - build.gradle.kts
2025-10-08 12:13:30.359 [main] INFO  Unidad1.ejemplo.FileNuevo - libs.versions.toml
2025-10-08 12:13:30.359 [main] INFO  Unidad1.ejemplo.FileNuevo - gradle-wrapper.jar
2025-10-08 12:13:30.359 [main] INFO  Unidad1.ejemplo.FileNuevo - gradle-wrapper.properties
2025-10-08 12:13:30.359 [main] INFO  Unidad1.ejemplo.FileNuevo - gradle.properties
2025-10-08 12:13:30.359 [main] INFO  Unidad1.ejemplo.FileNuevo - gradlew
2025-10-08 12:13:30.359 [main] INFO  Unidad1.ejemplo.FileNuevo - gradlew.bat
2025-10-08 12:13:30.359 [main] INFO  Unidad1.ejemplo.FileNuevo - local.properties
2025-10-08 12:13:30.359 [main] INFO  Unidad1.ejemplo.FileNuevo - settings.gradle.kts
2025-10-08 12:13:30.359 [main] INFO  Unidad1.ejemplo.FileNuevo - Brave.lnk
2025-10-08 12:13:30.360 [main] INFO  Unidad1.ejemplo.FileNuevo - desktop.ini
2025-10-08 12:13:30.360 [main] INFO  Unidad1.ejemplo.FileNuevo - fichero.txt
2025-10-08 12:13:30.360 [main] INFO  Unidad1.ejemplo.FileNuevo - COMMIT_EDITMSG
2025-10-08 12:13:30.360 [main] INFO  Unidad1.ejemplo.FileNuevo - config
2025-10-08 12:13:30.360 [main] INFO  Unidad1.ejemplo.FileNuevo - description
2025-10-08 12:13:30.360 [main] INFO  Unidad1.ejemplo.FileNuevo - FETCH_HEAD
2025-10-08 12:13:30.360 [main] INFO  Unidad1.ejemplo.FileNuevo - HEAD
2025-10-08 12:13:30.360 [main] INFO  Unidad1.ejemplo.FileNuevo - applypatch-msg.sample
2025-10-08 12:13:30.360 [main] INFO  Unidad1.ejemplo.FileNuevo - commit-msg.sample
2025-10-08 12:13:30.360 [main] INFO  Unidad1.ejemplo.FileNuevo - fsmonitor-watchman.sample
2025-10-08 12:13:30.360 [main] INFO  Unidad1.ejemplo.FileNuevo - post-update.sample
2025-10-08 12:13:30.360 [main] INFO  Unidad1.ejemplo.FileNuevo - pre-applypatch.sample
2025-10-08 12:13:30.360 [main] INFO  Unidad1.ejemplo.FileNuevo - pre-commit.sample
2025-10-08 12:13:30.360 [main] INFO  Unidad1.ejemplo.FileNuevo - pre-merge-commit.sample
2025-10-08 12:13:30.360 [main] INFO  Unidad1.ejemplo.FileNuevo - pre-push.sample
2025-10-08 12:13:30.360 [main] INFO  Unidad1.ejemplo.FileNuevo - pre-rebase.sample
2025-10-08 12:13:30.360 [main] INFO  Unidad1.ejemplo.FileNuevo - pre-receive.sample
2025-10-08 12:13:30.360 [main] INFO  Unidad1.ejemplo.FileNuevo - prepare-commit-msg.sample
2025-10-08 12:13:30.360 [main] INFO  Unidad1.ejemplo.FileNuevo - push-to-checkout.sample
2025-10-08 12:13:30.361 [main] INFO  Unidad1.ejemplo.FileNuevo - sendemail-validate.sample
2025-10-08 12:13:30.361 [main] INFO  Unidad1.ejemplo.FileNuevo - update.sample
2025-10-08 12:13:30.361 [main] INFO  Unidad1.ejemplo.FileNuevo - index
2025-10-08 12:13:30.361 [main] INFO  Unidad1.ejemplo.FileNuevo - exclude
2025-10-08 12:13:30.361 [main] INFO  Unidad1.ejemplo.FileNuevo - HEAD
2025-10-08 12:13:30.361 [main] INFO  Unidad1.ejemplo.FileNuevo - master
2025-10-08 12:13:30.361 [main] INFO  Unidad1.ejemplo.FileNuevo - master
2025-10-08 12:13:30.361 [main] INFO  Unidad1.ejemplo.FileNuevo - 991cc1487d873406056d1559ca40b5c0e22c63
2025-10-08 12:13:30.361 [main] INFO  Unidad1.ejemplo.FileNuevo - 415e4333ada901f2b594e7f25de54c13c0578c
2025-10-08 12:13:30.362 [main] INFO  Unidad1.ejemplo.FileNuevo - 0ad66e4716434b540b2f297abf6a1e47182ccf
2025-10-08 12:13:30.362 [main] INFO  Unidad1.ejemplo.FileNuevo - 49d663b978266ffe238496f541759686783b47
2025-10-08 12:13:30.362 [main] INFO  Unidad1.ejemplo.FileNuevo - 337d0902d58df39fba8df1c52754b50cd616a3
2025-10-08 12:13:30.362 [main] INFO  Unidad1.ejemplo.FileNuevo - 496907521b1baf0952731f5441bcf793793cae
2025-10-08 12:13:30.362 [main] INFO  Unidad1.ejemplo.FileNuevo - f2780a1a1aeb474518ec0d7fda69db3c040c2a
2025-10-08 12:13:30.362 [main] INFO  Unidad1.ejemplo.FileNuevo - 45ec52568514a5f928951e5e3c6b4cb07d5405
2025-10-08 12:13:30.362 [main] INFO  Unidad1.ejemplo.FileNuevo - 825dc642cb6eb9a060e54bf8d69288fbee4904
2025-10-08 12:13:30.362 [main] INFO  Unidad1.ejemplo.FileNuevo - 752c13b9ffa4d7d8b53a8fa5af0adb4161767e
2025-10-08 12:13:30.362 [main] INFO  Unidad1.ejemplo.FileNuevo - 295bc8da00197ac4ee235a041fc6aadf56956d
2025-10-08 12:13:30.362 [main] INFO  Unidad1.ejemplo.FileNuevo - 0150c76e5fb70461c2c9e4a415930cebb8a1f5
2025-10-08 12:13:30.362 [main] INFO  Unidad1.ejemplo.FileNuevo - 503941ab8db0f1b9785add81088654e307fbc9
2025-10-08 12:13:30.363 [main] INFO  Unidad1.ejemplo.FileNuevo - 4d53428576b7ae9c2f683e327f0b6319c64cbe
2025-10-08 12:13:30.363 [main] INFO  Unidad1.ejemplo.FileNuevo - ea54b3ce27eb997b05118765db3a8632e0a2d0
2025-10-08 12:13:30.363 [main] INFO  Unidad1.ejemplo.FileNuevo - 2ba1f656557ff01ca606152384e566f8b94746
2025-10-08 12:13:30.363 [main] INFO  Unidad1.ejemplo.FileNuevo - ff9a30b8366068407065e3711339169421c855
2025-10-08 12:13:30.363 [main] INFO  Unidad1.ejemplo.FileNuevo - b654bf811f97dff7fdd32043e1c7de0a4ceb20
2025-10-08 12:13:30.363 [main] INFO  Unidad1.ejemplo.FileNuevo - 38429e4423dfa56297a988fa49cf97c2356ce8
2025-10-08 12:13:30.363 [main] INFO  Unidad1.ejemplo.FileNuevo - aa9e2a2466f2ed871e8d6af6c8d29f9c61f9ce
2025-10-08 12:13:30.363 [main] INFO  Unidad1.ejemplo.FileNuevo - 628d9d3c90c56ce1df4982c9a4ba883aafc591
2025-10-08 12:13:30.363 [main] INFO  Unidad1.ejemplo.FileNuevo - 879548fb1f27d14447033e614b09c0137fac0f
2025-10-08 12:13:30.363 [main] INFO  Unidad1.ejemplo.FileNuevo - a9278360977e5ebe82519c7dfaee19a22b55f5
2025-10-08 12:13:30.364 [main] INFO  Unidad1.ejemplo.FileNuevo - d2f485b3b99f1c52b740d687911cf662a241de
2025-10-08 12:13:30.364 [main] INFO  Unidad1.ejemplo.FileNuevo - 6914c88e603a128a8908beeb4dffc5fdeb8b8d
2025-10-08 12:13:30.364 [main] INFO  Unidad1.ejemplo.FileNuevo - master
2025-10-08 12:13:30.364 [main] INFO  Unidad1.ejemplo.FileNuevo - master
2025-10-08 12:13:30.364 [main] INFO  Unidad1.ejemplo.FileNuevo - stylesheet.css
2025-10-08 12:13:30.364 [main] INFO  Unidad1.ejemplo.FileNuevo - about_us.html
2025-10-08 12:13:30.364 [main] INFO  Unidad1.ejemplo.FileNuevo - index.html
2025-10-08 12:13:30.365 [main] INFO  Unidad1.ejemplo.FileNuevo - myscript.js
2025-10-08 12:13:30.365 [main] INFO  Unidad1.ejemplo.FileNuevo - COMMIT_EDITMSG
2025-10-08 12:13:30.365 [main] INFO  Unidad1.ejemplo.FileNuevo - config
2025-10-08 12:13:30.365 [main] INFO  Unidad1.ejemplo.FileNuevo - description
2025-10-08 12:13:30.365 [main] INFO  Unidad1.ejemplo.FileNuevo - HEAD
2025-10-08 12:13:30.365 [main] INFO  Unidad1.ejemplo.FileNuevo - applypatch-msg.sample
2025-10-08 12:13:30.365 [main] INFO  Unidad1.ejemplo.FileNuevo - commit-msg.sample
2025-10-08 12:13:30.365 [main] INFO  Unidad1.ejemplo.FileNuevo - fsmonitor-watchman.sample
2025-10-08 12:13:30.365 [main] INFO  Unidad1.ejemplo.FileNuevo - post-update.sample
2025-10-08 12:13:30.365 [main] INFO  Unidad1.ejemplo.FileNuevo - pre-applypatch.sample
2025-10-08 12:13:30.365 [main] INFO  Unidad1.ejemplo.FileNuevo - pre-commit.sample
2025-10-08 12:13:30.365 [main] INFO  Unidad1.ejemplo.FileNuevo - pre-merge-commit.sample
2025-10-08 12:13:30.365 [main] INFO  Unidad1.ejemplo.FileNuevo - pre-push.sample
2025-10-08 12:13:30.365 [main] INFO  Unidad1.ejemplo.FileNuevo - pre-rebase.sample
2025-10-08 12:13:30.365 [main] INFO  Unidad1.ejemplo.FileNuevo - pre-receive.sample
2025-10-08 12:13:30.365 [main] INFO  Unidad1.ejemplo.FileNuevo - prepare-commit-msg.sample
2025-10-08 12:13:30.365 [main] INFO  Unidad1.ejemplo.FileNuevo - push-to-checkout.sample
2025-10-08 12:13:30.366 [main] INFO  Unidad1.ejemplo.FileNuevo - sendemail-validate.sample
2025-10-08 12:13:30.366 [main] INFO  Unidad1.ejemplo.FileNuevo - update.sample
2025-10-08 12:13:30.366 [main] INFO  Unidad1.ejemplo.FileNuevo - index
2025-10-08 12:13:30.366 [main] INFO  Unidad1.ejemplo.FileNuevo - exclude
2025-10-08 12:13:30.366 [main] INFO  Unidad1.ejemplo.FileNuevo - HEAD
2025-10-08 12:13:30.366 [main] INFO  Unidad1.ejemplo.FileNuevo - master
2025-10-08 12:13:30.366 [main] INFO  Unidad1.ejemplo.FileNuevo - master
2025-10-08 12:13:30.366 [main] INFO  Unidad1.ejemplo.FileNuevo - 78a0831577ddf78c6aeac2c78225526403dcf9
2025-10-08 12:13:30.367 [main] INFO  Unidad1.ejemplo.FileNuevo - b976ca82c477dd9b1b4f057f13dc4e5c1fd21b
2025-10-08 12:13:30.367 [main] INFO  Unidad1.ejemplo.FileNuevo - d1379bee17f1c80c688621a98659ed72d760f0
2025-10-08 12:13:30.367 [main] INFO  Unidad1.ejemplo.FileNuevo - e712e7ccddb28c6c420214b982a1ecce188131
2025-10-08 12:13:30.367 [main] INFO  Unidad1.ejemplo.FileNuevo - 2c8acbf6704654e22624933781897b666a8908
2025-10-08 12:13:30.367 [main] INFO  Unidad1.ejemplo.FileNuevo - 96fe1c0770795f243b8eb5f22a734e99feabeb
2025-10-08 12:13:30.367 [main] INFO  Unidad1.ejemplo.FileNuevo - ceca75a09dbc71a49050236ceced2d4df52f70
2025-10-08 12:13:30.367 [main] INFO  Unidad1.ejemplo.FileNuevo - f22b5d896e4bfc31afc1e6a40825054700ddb7
2025-10-08 12:13:30.367 [main] INFO  Unidad1.ejemplo.FileNuevo - f6aae7b0b0064c45e743992442e08a0bd1cfb7
2025-10-08 12:13:30.367 [main] INFO  Unidad1.ejemplo.FileNuevo - 10426f587e6ba1af25f1afe30b1ef85d9b90b9
2025-10-08 12:13:30.367 [main] INFO  Unidad1.ejemplo.FileNuevo - 38d26c655030960c5a10f57f3858cf00bf66a0
2025-10-08 12:13:30.367 [main] INFO  Unidad1.ejemplo.FileNuevo - fdaef59fbdc866c88330d37da2f5a31e943b36
2025-10-08 12:13:30.367 [main] INFO  Unidad1.ejemplo.FileNuevo - 2f1dd686c2dbad7a6732d06084bbfd3f5d8515
2025-10-08 12:13:30.368 [main] INFO  Unidad1.ejemplo.FileNuevo - 46dbed46ae8dc0bead2bf538ecc9b6a13ff97b
2025-10-08 12:13:30.368 [main] INFO  Unidad1.ejemplo.FileNuevo - b10fe3fa179b70bf50dcf10b707b77e80e5d25
2025-10-08 12:13:30.368 [main] INFO  Unidad1.ejemplo.FileNuevo - c8dab57214e1af1873207a8f12722d7ef2574d
2025-10-08 12:13:30.368 [main] INFO  Unidad1.ejemplo.FileNuevo - cc0d03f242f0e6eabecc7ecb1fcce1a16a3c3a
2025-10-08 12:13:30.368 [main] INFO  Unidad1.ejemplo.FileNuevo - cff129ad8274fe7414724b693f631e7d5b7c0d
2025-10-08 12:13:30.368 [main] INFO  Unidad1.ejemplo.FileNuevo - 24be6e373e043ab4f7711a3368073f4d5b72f5
2025-10-08 12:13:30.368 [main] INFO  Unidad1.ejemplo.FileNuevo - 357a995c4380dd4885dfe58cc84ac25f163731
2025-10-08 12:13:30.368 [main] INFO  Unidad1.ejemplo.FileNuevo - bbf35ea37f51a5bef3258d0eeb92910d017213
2025-10-08 12:13:30.368 [main] INFO  Unidad1.ejemplo.FileNuevo - cbc563b79c290f5e8559ea1ac9b82b7d2f673d
2025-10-08 12:13:30.368 [main] INFO  Unidad1.ejemplo.FileNuevo - d68ba0d10185e07dd1fcab7d234f6621c82894
2025-10-08 12:13:30.368 [main] INFO  Unidad1.ejemplo.FileNuevo - 30b6d3bbd3e598d3f3c8896459afe30308e794
2025-10-08 12:13:30.368 [main] INFO  Unidad1.ejemplo.FileNuevo - 37a088a01e8ddab3bf3fa98dbe804cbde1a0dc
2025-10-08 12:13:30.368 [main] INFO  Unidad1.ejemplo.FileNuevo - 4fe10403f397661086207da4b0ad7dbc1328d0
2025-10-08 12:13:30.368 [main] INFO  Unidad1.ejemplo.FileNuevo - a8c3b399c856fcfcc4d702d359bf7dd0e17fca
2025-10-08 12:13:30.368 [main] INFO  Unidad1.ejemplo.FileNuevo - 09250513904be92d1cd101b4d854854d2cd446
2025-10-08 12:13:30.368 [main] INFO  Unidad1.ejemplo.FileNuevo - 443f7bf649ccdab85566c675b0a549e571c647
2025-10-08 12:13:30.368 [main] INFO  Unidad1.ejemplo.FileNuevo - 72fbee0341bf3e89cb645621c29cf20c0b5bae
2025-10-08 12:13:30.368 [main] INFO  Unidad1.ejemplo.FileNuevo - 754e9957911a94ec1682aecf3a501340aa56bf
2025-10-08 12:13:30.368 [main] INFO  Unidad1.ejemplo.FileNuevo - f660bd0ea9f4ed5965383d6e18946663e5d2fb
2025-10-08 12:13:30.369 [main] INFO  Unidad1.ejemplo.FileNuevo - 8bcc9799ccca545532a8c9bc1ac806088175a8
2025-10-08 12:13:30.369 [main] INFO  Unidad1.ejemplo.FileNuevo - c2c5ff0f540713576eb21bfd6c34cf902fc9e3
2025-10-08 12:13:30.369 [main] INFO  Unidad1.ejemplo.FileNuevo - 2735db27788b428beb8eb3b47efc3801a5398f
2025-10-08 12:13:30.369 [main] INFO  Unidad1.ejemplo.FileNuevo - 294c6bc5e6754af2ae9e7cd42cff1c44868e74
2025-10-08 12:13:30.369 [main] INFO  Unidad1.ejemplo.FileNuevo - 596fd374706c18ef2f3357b1d05885823fa1dd
2025-10-08 12:13:30.369 [main] INFO  Unidad1.ejemplo.FileNuevo - 880573764edea2f970a4537fdf3d5a500a6030
2025-10-08 12:13:30.369 [main] INFO  Unidad1.ejemplo.FileNuevo - 88cf4fd6436e1a1a5307a8cf1f6db03c7efd0b
2025-10-08 12:13:30.369 [main] INFO  Unidad1.ejemplo.FileNuevo - 976f1066f8ac0eebc6785952d16da04a5fdca5
2025-10-08 12:13:30.369 [main] INFO  Unidad1.ejemplo.FileNuevo - ca1de7eea9bd0630d9861c27f2b509a6a5e1df
2025-10-08 12:13:30.369 [main] INFO  Unidad1.ejemplo.FileNuevo - ddeb618557bf604c856072593b8e7fc403f8ad
2025-10-08 12:13:30.369 [main] INFO  Unidad1.ejemplo.FileNuevo - de6598fe256fd521fea0c4588b702b11236dbe
2025-10-08 12:13:30.369 [main] INFO  Unidad1.ejemplo.FileNuevo - ee57346325af68c09a7aac317d51e4d084ba25
2025-10-08 12:13:30.369 [main] INFO  Unidad1.ejemplo.FileNuevo - 1ff8ffc63f27fb55a17e4464e717868d535dae
2025-10-08 12:13:30.369 [main] INFO  Unidad1.ejemplo.FileNuevo - 5e3d39a6a822a14005aee201d7de2ebf08623e
2025-10-08 12:13:30.369 [main] INFO  Unidad1.ejemplo.FileNuevo - 5f0f326e070af5b76a7e1398871245a2d8a96c
2025-10-08 12:13:30.369 [main] INFO  Unidad1.ejemplo.FileNuevo - 0a32f0d03296b05c1800c7d60087d6b8c1b8d5
2025-10-08 12:13:30.369 [main] INFO  Unidad1.ejemplo.FileNuevo - 38c56a43c6ab0a92d4a5f28b0f8b0388e09f31
2025-10-08 12:13:30.369 [main] INFO  Unidad1.ejemplo.FileNuevo - c44e3f0607fb5e86ef92b995cd87089edc9987
2025-10-08 12:13:30.370 [main] INFO  Unidad1.ejemplo.FileNuevo - 77e12e5eb0a94f5d9e305bf45d62b0df12d3ad
2025-10-08 12:13:30.370 [main] INFO  Unidad1.ejemplo.FileNuevo - 7c16409dddf49e2cdccd6f0587ba8975ca97d1
2025-10-08 12:13:30.370 [main] INFO  Unidad1.ejemplo.FileNuevo - 9f40da8dd675aceeec30239e5d7a6531a32fd4
2025-10-08 12:13:30.370 [main] INFO  Unidad1.ejemplo.FileNuevo - e8cc83b13e7f79fb4a1e4327b1e57990ca440b
2025-10-08 12:13:30.370 [main] INFO  Unidad1.ejemplo.FileNuevo - 59779924f485d13ace986e572e227671b1e862
2025-10-08 12:13:30.370 [main] INFO  Unidad1.ejemplo.FileNuevo - 94c24062cb5911bcd627eefb6b31c980f9b38e
2025-10-08 12:13:30.370 [main] INFO  Unidad1.ejemplo.FileNuevo - ccdc64701628564a942811a2ebdb03563fea03
2025-10-08 12:13:30.370 [main] INFO  Unidad1.ejemplo.FileNuevo - 6d1128e3fff6bbb8e379586b5bf92803103623
2025-10-08 12:13:30.370 [main] INFO  Unidad1.ejemplo.FileNuevo - 8fa4c7bb35cb251f9d7dcb54e4af5f8187cba1
2025-10-08 12:13:30.370 [main] INFO  Unidad1.ejemplo.FileNuevo - f4736d6e9eb07002d910a4fa83844abf193d01
2025-10-08 12:13:30.370 [main] INFO  Unidad1.ejemplo.FileNuevo - f7a9f84a9a683fc0dd17f2422ee4a444f5df0f
2025-10-08 12:13:30.370 [main] INFO  Unidad1.ejemplo.FileNuevo - 10066692dd8a5f51c2704b457bb16b4cdac02a
2025-10-08 12:13:30.370 [main] INFO  Unidad1.ejemplo.FileNuevo - 1d0ebf32c2f8a4b112f7a590ace062e9400adf
2025-10-08 12:13:30.370 [main] INFO  Unidad1.ejemplo.FileNuevo - 7954f4b98a4acd854312ed787a05d3a8df7d0f
2025-10-08 12:13:30.370 [main] INFO  Unidad1.ejemplo.FileNuevo - 9ebcd07684d416e4e7e3e18d528c3c21f5decd
2025-10-08 12:13:30.370 [main] INFO  Unidad1.ejemplo.FileNuevo - e8d35ab3ebc09fe48bf0d64c39dbff765f4bc9
2025-10-08 12:13:30.371 [main] INFO  Unidad1.ejemplo.FileNuevo - 306b6de8662dfd25b619c916816d24c878e138
2025-10-08 12:13:30.371 [main] INFO  Unidad1.ejemplo.FileNuevo - 31887fffe1f4cf1d10f6733a8647bc65036dea
2025-10-08 12:13:30.371 [main] INFO  Unidad1.ejemplo.FileNuevo - c12cee504e58b57b963d7a1bc8d892aa3458ea
2025-10-08 12:13:30.371 [main] INFO  Unidad1.ejemplo.FileNuevo - 259a1a2b5663c448ca79cc46be1985f7eb16a0
2025-10-08 12:13:30.371 [main] INFO  Unidad1.ejemplo.FileNuevo - 964c0cb4d448a86b50070e631f384e6ef6d7ff
2025-10-08 12:13:30.371 [main] INFO  Unidad1.ejemplo.FileNuevo - dd4577e1c0b216b27ad1eeab3f6611592a38d2
2025-10-08 12:13:30.371 [main] INFO  Unidad1.ejemplo.FileNuevo - fdf26bb028d7a434d330c189339b5d8fbcac33
2025-10-08 12:13:30.371 [main] INFO  Unidad1.ejemplo.FileNuevo - 18f3ec09d81210782bfc70711ae52e8221b70b
2025-10-08 12:13:30.371 [main] INFO  Unidad1.ejemplo.FileNuevo - 54b3e0abacc6379422bce8e64fb3c3d61ce624
2025-10-08 12:13:30.371 [main] INFO  Unidad1.ejemplo.FileNuevo - d610ae3ab4bcd363b688bc938c55e49b602547
2025-10-08 12:13:30.371 [main] INFO  Unidad1.ejemplo.FileNuevo - d7bae3dc35342cd0e740f1bbf2be70d8f27208
2025-10-08 12:13:30.371 [main] INFO  Unidad1.ejemplo.FileNuevo - dadca83930f6d27ea54ba59165c01187b5fce1
2025-10-08 12:13:30.371 [main] INFO  Unidad1.ejemplo.FileNuevo - 6c88a91e469584626fb9819f682b485c5f59ef
2025-10-08 12:13:30.371 [main] INFO  Unidad1.ejemplo.FileNuevo - 9aea4d84cda8b198158747b36e63d21c57b368
2025-10-08 12:13:30.371 [main] INFO  Unidad1.ejemplo.FileNuevo - ec5b2e560f6a4462eb96d80f2d1caa05c04d6a
2025-10-08 12:13:30.371 [main] INFO  Unidad1.ejemplo.FileNuevo - fa0827d2cf32cc5cb7aa7943325078e916e745
2025-10-08 12:13:30.371 [main] INFO  Unidad1.ejemplo.FileNuevo - 056c3f888528a5eb59263fb91d5e31b1013b77
2025-10-08 12:13:30.371 [main] INFO  Unidad1.ejemplo.FileNuevo - 0594ceae2d93020b0a85f388c45ea7bcf137f0
2025-10-08 12:13:30.371 [main] INFO  Unidad1.ejemplo.FileNuevo - 288e36f009f5d59232ec157da0c2714fda5ae9
2025-10-08 12:13:30.371 [main] INFO  Unidad1.ejemplo.FileNuevo - 73ffe7f60f0fbe795c5705526385faeeb89e49
2025-10-08 12:13:30.372 [main] INFO  Unidad1.ejemplo.FileNuevo - 92a08c7b1e47f998509289e882df3e38867105
2025-10-08 12:13:30.372 [main] INFO  Unidad1.ejemplo.FileNuevo - e5cab72c1550d8dc398e3413eea91bee24db77
2025-10-08 12:13:30.372 [main] INFO  Unidad1.ejemplo.FileNuevo - 3ef7bdc9bd4141ff4f57709a027c962aea9891
2025-10-08 12:13:30.372 [main] INFO  Unidad1.ejemplo.FileNuevo - 408d1e5bc07ed92297a570784ddbf1f7d936b6
2025-10-08 12:13:30.372 [main] INFO  Unidad1.ejemplo.FileNuevo - e6d8bf059f13bfafdb671b313f1ab60c3ee2a3
2025-10-08 12:13:30.372 [main] INFO  Unidad1.ejemplo.FileNuevo - 2687d7207bbeb77c2f6e5a42b9fd89a2853e48
2025-10-08 12:13:30.372 [main] INFO  Unidad1.ejemplo.FileNuevo - 4946a71130e0f4036aeda5ec586fc92f68ee30
2025-10-08 12:13:30.372 [main] INFO  Unidad1.ejemplo.FileNuevo - d8d791391a75c4fa0c15f0541128d190225b83
2025-10-08 12:13:30.372 [main] INFO  Unidad1.ejemplo.FileNuevo - 2c2eb6058c95ed0f78d66d20e294cbf4a11cff
2025-10-08 12:13:30.372 [main] INFO  Unidad1.ejemplo.FileNuevo - 625b4f30841c8d8aad5c7ffe3aff2db650bff7
2025-10-08 12:13:30.372 [main] INFO  Unidad1.ejemplo.FileNuevo - 6e1ef22f911f3e27b68521135ebb196bce5ec4
2025-10-08 12:13:30.372 [main] INFO  Unidad1.ejemplo.FileNuevo - 70c4b06d626d12e47de51aec877bf4f2b9e4bb
2025-10-08 12:13:30.372 [main] INFO  Unidad1.ejemplo.FileNuevo - 93ac215c6fdebf90e7cabcddf08f5eafbac131
2025-10-08 12:13:30.372 [main] INFO  Unidad1.ejemplo.FileNuevo - bd5d33406e3d98d6e100cab86f76b484831212
2025-10-08 12:13:30.372 [main] INFO  Unidad1.ejemplo.FileNuevo - c74d292516fa50489e4f312de69eb648e26aad
2025-10-08 12:13:30.372 [main] INFO  Unidad1.ejemplo.FileNuevo - 07b0c9cd57cac8e928d774b34c4727f26f8874
2025-10-08 12:13:30.372 [main] INFO  Unidad1.ejemplo.FileNuevo - 5a5c12f7e86d259802b8cdec03666a8648288d
2025-10-08 12:13:30.372 [main] INFO  Unidad1.ejemplo.FileNuevo - 72e1f64f06c3bac6e012d8dc1ddd6d4ea54e97
2025-10-08 12:13:30.372 [main] INFO  Unidad1.ejemplo.FileNuevo - 0967b65a94b635e19554613528ec0a12a969f3
2025-10-08 12:13:30.372 [main] INFO  Unidad1.ejemplo.FileNuevo - 102d941f9116edd975cf2044f1750d8549939d
2025-10-08 12:13:30.373 [main] INFO  Unidad1.ejemplo.FileNuevo - 4f29d62db88b4b458a2f4720cb5b1107599dfe
2025-10-08 12:13:30.373 [main] INFO  Unidad1.ejemplo.FileNuevo - b2a22bafc151508c2a5fa2a2eb904d446c202c
2025-10-08 12:13:30.373 [main] INFO  Unidad1.ejemplo.FileNuevo - e8e87a7d8f3e60c9fcb182cccc0863b065c98e
2025-10-08 12:13:30.373 [main] INFO  Unidad1.ejemplo.FileNuevo - f0bc24f6baa1960a11d8eecefe8a0b28914464
2025-10-08 12:13:30.373 [main] INFO  Unidad1.ejemplo.FileNuevo - d836d1cda11654e894e10d0c61fd12195b3a0c
2025-10-08 12:13:30.373 [main] INFO  Unidad1.ejemplo.FileNuevo - 05f9748be4522b41e1f281025318225546724d
2025-10-08 12:13:30.373 [main] INFO  Unidad1.ejemplo.FileNuevo - 0baaa7f64a4ae85cd20753d24b8840fde7f270
2025-10-08 12:13:30.373 [main] INFO  Unidad1.ejemplo.FileNuevo - 66575ed3bab2ff445c4cfd936edce58011d6ee
2025-10-08 12:13:30.373 [main] INFO  Unidad1.ejemplo.FileNuevo - 3eb1e5059fb9d691c3cae161a73cdc6426eca6
2025-10-08 12:13:30.373 [main] INFO  Unidad1.ejemplo.FileNuevo - f190fb7c4fd60028eaab98ca1409b0ade5d36c
2025-10-08 12:13:30.373 [main] INFO  Unidad1.ejemplo.FileNuevo - 314a1fa40337e6579499f432ec60d515c46118
2025-10-08 12:13:30.373 [main] INFO  Unidad1.ejemplo.FileNuevo - 5517162dda96743ca3680e1175fd6dcd69f99b
2025-10-08 12:13:30.373 [main] INFO  Unidad1.ejemplo.FileNuevo - 60d01a45f1a3525b57af12344192cae0223efd
2025-10-08 12:13:30.373 [main] INFO  Unidad1.ejemplo.FileNuevo - a2876a6c5b3f238d012a84333bcd940f6d8449
2025-10-08 12:13:30.373 [main] INFO  Unidad1.ejemplo.FileNuevo - cdad7a91c82f96417db9adcc4c3c405b21d66e
2025-10-08 12:13:30.373 [main] INFO  Unidad1.ejemplo.FileNuevo - 1d190583dbd8994d64dc05efe94ab848a4fc3e
2025-10-08 12:13:30.373 [main] INFO  Unidad1.ejemplo.FileNuevo - 6485fb8c3dcc5b78940545bc9ca753b33c5d1e
2025-10-08 12:13:30.373 [main] INFO  Unidad1.ejemplo.FileNuevo - a295343b21fbff8c21fa2b1def639a4107f23d
2025-10-08 12:13:30.373 [main] INFO  Unidad1.ejemplo.FileNuevo - 4aaa4ebccd06b4f0c3821afcbec2e6260a1709
2025-10-08 12:13:30.373 [main] INFO  Unidad1.ejemplo.FileNuevo - ae49d4d94b4c0e90e2307833c3281a3fa903b8
2025-10-08 12:13:30.374 [main] INFO  Unidad1.ejemplo.FileNuevo - 0a6c2ffb05e9eb06779fea2b8010133a3d8019
2025-10-08 12:13:30.374 [main] INFO  Unidad1.ejemplo.FileNuevo - 2af8b605b5257b02edcba2d062cfb2f5809df3
2025-10-08 12:13:30.374 [main] INFO  Unidad1.ejemplo.FileNuevo - 659c4aeefd727b101a337bc9d4c1013e022d60
2025-10-08 12:13:30.374 [main] INFO  Unidad1.ejemplo.FileNuevo - 90a254f692aa4a571e3fbad8e701c2a84005a0
2025-10-08 12:13:30.374 [main] INFO  Unidad1.ejemplo.FileNuevo - 33075c44fb21c75ddffeea469ff92f814c2176
2025-10-08 12:13:30.374 [main] INFO  Unidad1.ejemplo.FileNuevo - 90bec5fd2b2b3057e735e81b734f9ca666fb1a
2025-10-08 12:13:30.374 [main] INFO  Unidad1.ejemplo.FileNuevo - cb955ba23571f6fefd57cecf5f67454210bbc8
2025-10-08 12:13:30.374 [main] INFO  Unidad1.ejemplo.FileNuevo - 057d4507e5d5aba320cc81c5b3aa139ff352e0
2025-10-08 12:13:30.374 [main] INFO  Unidad1.ejemplo.FileNuevo - 6369c386cad05cb618f6fcb6b80600890842b7
2025-10-08 12:13:30.374 [main] INFO  Unidad1.ejemplo.FileNuevo - 6a9ae9795f5d094aa48293a614ec8c32928b8e
2025-10-08 12:13:30.374 [main] INFO  Unidad1.ejemplo.FileNuevo - ca135846a047ee6c20253e5383ccbf2779e4a7
2025-10-08 12:13:30.374 [main] INFO  Unidad1.ejemplo.FileNuevo - ca3ff529f2140aa70d17c70e051f986822c4b7
2025-10-08 12:13:30.374 [main] INFO  Unidad1.ejemplo.FileNuevo - 5861f94aafafa678446f366a56eb30f1055869
2025-10-08 12:13:30.374 [main] INFO  Unidad1.ejemplo.FileNuevo - 7d25dfdadc69e0ca4a1899af219a6b5cc42e46
2025-10-08 12:13:30.374 [main] INFO  Unidad1.ejemplo.FileNuevo - 94c07fb899030da7c2b9d668856c3286230556
2025-10-08 12:13:30.374 [main] INFO  Unidad1.ejemplo.FileNuevo - a77ad68e7052d9a8f6c67614267136305db4f2
2025-10-08 12:13:30.374 [main] INFO  Unidad1.ejemplo.FileNuevo - bd3e00515ccf1c693c209962d99cd720ce8a08
2025-10-08 12:13:30.375 [main] INFO  Unidad1.ejemplo.FileNuevo - cb6f3ec83a51f4cd66d512d2e26b2b4730663e
2025-10-08 12:13:30.375 [main] INFO  Unidad1.ejemplo.FileNuevo - e493b63df02c1a4f48bb93d75fc9d6ca7a8cd7
2025-10-08 12:13:30.375 [main] INFO  Unidad1.ejemplo.FileNuevo - 13e89d2430881c7501f1ba2ed4029c7d0f9708
2025-10-08 12:13:30.375 [main] INFO  Unidad1.ejemplo.FileNuevo - 4dd56b5f5632af42be08761c42d0c47f1c3e7e
2025-10-08 12:13:30.375 [main] INFO  Unidad1.ejemplo.FileNuevo - 7204eaf5cc45b5625b71d020e063dbad0a3859
2025-10-08 12:13:30.375 [main] INFO  Unidad1.ejemplo.FileNuevo - 92a21305d9b15f5e148a06c99eb18b27a550f4
2025-10-08 12:13:30.375 [main] INFO  Unidad1.ejemplo.FileNuevo - 949f63750543df329ba19e974d662f5281d11d
2025-10-08 12:13:30.375 [main] INFO  Unidad1.ejemplo.FileNuevo - cee8e960632abf3fba8a5949a458802299f7a7
2025-10-08 12:13:30.375 [main] INFO  Unidad1.ejemplo.FileNuevo - f9334ce0da628af899c289bdc839c9f74f5af9
2025-10-08 12:13:30.375 [main] INFO  Unidad1.ejemplo.FileNuevo - 01a711d3650537f293e54c33498e08814be3c3
2025-10-08 12:13:30.375 [main] INFO  Unidad1.ejemplo.FileNuevo - f601040103a69a0e5d4330dce4465f9fdd2936
2025-10-08 12:13:30.375 [main] INFO  Unidad1.ejemplo.FileNuevo - 20d20bec8d48753d76fbd0846fe08693b6d57c
2025-10-08 12:13:30.375 [main] INFO  Unidad1.ejemplo.FileNuevo - 3c6413e16306b116445c98264ee38c12ce48c1
2025-10-08 12:13:30.375 [main] INFO  Unidad1.ejemplo.FileNuevo - 60c21d642fb5980ba2c655686bb304eeb8c41e
2025-10-08 12:13:30.375 [main] INFO  Unidad1.ejemplo.FileNuevo - 778f4bec516a00e8246b2c0bbe1d69b27caf21
2025-10-08 12:13:30.375 [main] INFO  Unidad1.ejemplo.FileNuevo - 808eb58b80daa74c9f59fe5e38c69436673d42
2025-10-08 12:13:30.375 [main] INFO  Unidad1.ejemplo.FileNuevo - ba8481ce78aa81cbd05147d20de7db248d0b8b
2025-10-08 12:13:30.375 [main] INFO  Unidad1.ejemplo.FileNuevo - 482b2221b8e65af43a3ecd850b37447b27c618
2025-10-08 12:13:30.375 [main] INFO  Unidad1.ejemplo.FileNuevo - 4b446a0cee0cdc93081abef8e28967b12f1267
2025-10-08 12:13:30.376 [main] INFO  Unidad1.ejemplo.FileNuevo - 60084f49e29e05383c0710ecce770e4ce34ba0
2025-10-08 12:13:30.376 [main] INFO  Unidad1.ejemplo.FileNuevo - 63c0851048d8f7bff41ecf0f8cee05f52fd120
2025-10-08 12:13:30.376 [main] INFO  Unidad1.ejemplo.FileNuevo - 12f8a86df13a26752bae5d0ec3dde4357d7d08
2025-10-08 12:13:30.376 [main] INFO  Unidad1.ejemplo.FileNuevo - 171bf3556d3b5290fc7d6722c9b2a9fd68a79d
2025-10-08 12:13:30.376 [main] INFO  Unidad1.ejemplo.FileNuevo - 1a866b0befd31826d7bef2432a782b0c628c44
2025-10-08 12:13:30.376 [main] INFO  Unidad1.ejemplo.FileNuevo - 7bd140a8f5320e30228f3840a94145b865a366
2025-10-08 12:13:30.376 [main] INFO  Unidad1.ejemplo.FileNuevo - 9dce1160a11a8f0f001647b04fa8b58f3d4472
2025-10-08 12:13:30.376 [main] INFO  Unidad1.ejemplo.FileNuevo - c0da5ce9c651ce848ca89acac0d93e4b3f9e17
2025-10-08 12:13:30.376 [main] INFO  Unidad1.ejemplo.FileNuevo - c365b6f8bc9028a2f9ad814477cc940b6c0540
2025-10-08 12:13:30.376 [main] INFO  Unidad1.ejemplo.FileNuevo - cf1d6037539beea45fe374ba2fea589a84930e
2025-10-08 12:13:30.376 [main] INFO  Unidad1.ejemplo.FileNuevo - e3cffb5c3912126c393f98f33981d2e26f1e99
2025-10-08 12:13:30.376 [main] INFO  Unidad1.ejemplo.FileNuevo - f1660e802701445b3bb9b533fafde8f89fe7cc
2025-10-08 12:13:30.376 [main] INFO  Unidad1.ejemplo.FileNuevo - 65749cf71192c133e794f8089c24141618c073
2025-10-08 12:13:30.376 [main] INFO  Unidad1.ejemplo.FileNuevo - 25f0fb0c4acf8b0f1f107e4e7a4b6d42a6f944
2025-10-08 12:13:30.376 [main] INFO  Unidad1.ejemplo.FileNuevo - 2bb1722748404a5aaad752008366ad3ab291bf
2025-10-08 12:13:30.376 [main] INFO  Unidad1.ejemplo.FileNuevo - 658b7af5c0cd3a6559556ef09ccb38cc573edd
2025-10-08 12:13:30.376 [main] INFO  Unidad1.ejemplo.FileNuevo - 841ebf3674439d2ef6c5353f794c4a64ec1903
2025-10-08 12:13:30.376 [main] INFO  Unidad1.ejemplo.FileNuevo - 99720e9729ca8c0e93106dc2ce196f30e86f23
2025-10-08 12:13:30.376 [main] INFO  Unidad1.ejemplo.FileNuevo - bc57c6b8101375291f1ec76bc81b5e1129bb5b
2025-10-08 12:13:30.376 [main] INFO  Unidad1.ejemplo.FileNuevo - c871ce97b1cca225e889206ed1fce415415f3c
2025-10-08 12:13:30.377 [main] INFO  Unidad1.ejemplo.FileNuevo - ade30c4fcd3d4141aec4204c426feead4ced90
2025-10-08 12:13:30.377 [main] INFO  Unidad1.ejemplo.FileNuevo - df02ce4be289e9202726c1adc49d4c3c0af9a2
2025-10-08 12:13:30.377 [main] INFO  Unidad1.ejemplo.FileNuevo - e9fa753fe2b416fb1266741cdf8e19877bfbb5
2025-10-08 12:13:30.377 [main] INFO  Unidad1.ejemplo.FileNuevo - f5c8e235c664289162d9d8a7d8b3cd872f0de0
2025-10-08 12:13:30.377 [main] INFO  Unidad1.ejemplo.FileNuevo - 62cb054c24de1e05b4669a72654139e425f642
2025-10-08 12:13:30.377 [main] INFO  Unidad1.ejemplo.FileNuevo - 725b714694cc52d3c5918b6396a1e94844dc63
2025-10-08 12:13:30.377 [main] INFO  Unidad1.ejemplo.FileNuevo - 9b212cb83beb8f3dbabf411dd6d07ca84b9e64
2025-10-08 12:13:30.377 [main] INFO  Unidad1.ejemplo.FileNuevo - 072b59fd7044d7faab523237587dac24654423
2025-10-08 12:13:30.377 [main] INFO  Unidad1.ejemplo.FileNuevo - 19603d1c4893a36a5e33ca78671694aafbb8ec
2025-10-08 12:13:30.377 [main] INFO  Unidad1.ejemplo.FileNuevo - 2bca552a81294004707d7c13ba5d16f1b41d4f
2025-10-08 12:13:30.377 [main] INFO  Unidad1.ejemplo.FileNuevo - 2f3f35c44815f70d5c5b19a43f7e932a64806a
2025-10-08 12:13:30.377 [main] INFO  Unidad1.ejemplo.FileNuevo - 8a46c7643a0e68e82a93f83b02ae812c41bd08
2025-10-08 12:13:30.377 [main] INFO  Unidad1.ejemplo.FileNuevo - baa749297843a56701178cc972129608de5a19
2025-10-08 12:13:30.377 [main] INFO  Unidad1.ejemplo.FileNuevo - e67a3f22eb316751548685b98f3663366ab131
2025-10-08 12:13:30.377 [main] INFO  Unidad1.ejemplo.FileNuevo - 5993737c457e04cebcb46fa1a8a18126982240
2025-10-08 12:13:30.377 [main] INFO  Unidad1.ejemplo.FileNuevo - 5d92760ba521512e4d68435f1ababd0ae105ea
2025-10-08 12:13:30.377 [main] INFO  Unidad1.ejemplo.FileNuevo - 973ca8c39378b1e7495baa82e8d5c14a64ce53
2025-10-08 12:13:30.378 [main] INFO  Unidad1.ejemplo.FileNuevo - 1ebb1733bd2c86d40c528889ab2989b3ad515d
2025-10-08 12:13:30.378 [main] INFO  Unidad1.ejemplo.FileNuevo - 9c677dac9670f769ab26e1febef5e3b171bd12
2025-10-08 12:13:30.378 [main] INFO  Unidad1.ejemplo.FileNuevo - 3b1a0cc354cdead2fc840354a99f2c0034fa96
2025-10-08 12:13:30.378 [main] INFO  Unidad1.ejemplo.FileNuevo - 9845c3410291c2ddeb70246ae7db7363d67983
2025-10-08 12:13:30.378 [main] INFO  Unidad1.ejemplo.FileNuevo - a88811264dcbd0fd0b36612d504b30833bb215
2025-10-08 12:13:30.378 [main] INFO  Unidad1.ejemplo.FileNuevo - b50ef8e8a3465d06728b858f056b877aa99f88
2025-10-08 12:13:30.378 [main] INFO  Unidad1.ejemplo.FileNuevo - 63388ba3170624730d94541a433dd004488a4e
2025-10-08 12:13:30.378 [main] INFO  Unidad1.ejemplo.FileNuevo - 64a09176ae6115ee10d83c2b2d768db15c1992
2025-10-08 12:13:30.378 [main] INFO  Unidad1.ejemplo.FileNuevo - 0c2e654d628cb590998df7f3c193acb1f7630e
2025-10-08 12:13:30.378 [main] INFO  Unidad1.ejemplo.FileNuevo - 3626881eab05a0b3176dd80c704b6dfe9341bd
2025-10-08 12:13:30.378 [main] INFO  Unidad1.ejemplo.FileNuevo - 76fe69a48880d827baadb8a8f928e03b5db5cb
2025-10-08 12:13:30.378 [main] INFO  Unidad1.ejemplo.FileNuevo - 90e48e0b182263412cca394fefa89e795ef3af
2025-10-08 12:13:30.378 [main] INFO  Unidad1.ejemplo.FileNuevo - acccc372ab3b2bcea995d0359f28344cd12326
2025-10-08 12:13:30.378 [main] INFO  Unidad1.ejemplo.FileNuevo - daea5221ed0655da478b1cd24f2317d15ec0c8
2025-10-08 12:13:30.378 [main] INFO  Unidad1.ejemplo.FileNuevo - 66c13e0bb0da845257850c673befbb507fd059
2025-10-08 12:13:30.378 [main] INFO  Unidad1.ejemplo.FileNuevo - 700be6eedaae7dbbf891d29be14223347c9d30
2025-10-08 12:13:30.378 [main] INFO  Unidad1.ejemplo.FileNuevo - 9478b2019dc26160398e9ef53f155e3ae6d37b
2025-10-08 12:13:30.378 [main] INFO  Unidad1.ejemplo.FileNuevo - f50740ee7ad27e75558e8039d5c5fd81b7be72
2025-10-08 12:13:30.379 [main] INFO  Unidad1.ejemplo.FileNuevo - 10856198aeaf2f249bebf356eb72deb3e0dc71
2025-10-08 12:13:30.379 [main] INFO  Unidad1.ejemplo.FileNuevo - 1d797ba8b74b47b142a9a8b420854c68ec9067
2025-10-08 12:13:30.379 [main] INFO  Unidad1.ejemplo.FileNuevo - 5920a7d397be81a20de63f9be39715a14090cf
2025-10-08 12:13:30.379 [main] INFO  Unidad1.ejemplo.FileNuevo - 615d76ef07f2e5f5ecf7a013e6d971bbc327c9
2025-10-08 12:13:30.379 [main] INFO  Unidad1.ejemplo.FileNuevo - c4ca27ed6e608f03b30cd1a0e4b3bfecdd1b0e
2025-10-08 12:13:30.379 [main] INFO  Unidad1.ejemplo.FileNuevo - 725f42849844103b6b1a91f4bb8649df7b5056
2025-10-08 12:13:30.379 [main] INFO  Unidad1.ejemplo.FileNuevo - 87d095a162e8d3e8c6c6c4128a5fb8026475d0
2025-10-08 12:13:30.379 [main] INFO  Unidad1.ejemplo.FileNuevo - d3125f4ef9df82d279eee78a182d60cf7400f3
2025-10-08 12:13:30.379 [main] INFO  Unidad1.ejemplo.FileNuevo - dcc05e2d205f7488ba9ea84b1a83db0ba27281
2025-10-08 12:13:30.379 [main] INFO  Unidad1.ejemplo.FileNuevo - e0871009d7eab485d4d95fdd21cdd54c703da3
2025-10-08 12:13:30.379 [main] INFO  Unidad1.ejemplo.FileNuevo - 2714cbc42c03b6b29d7795c097bec37efe5be9
2025-10-08 12:13:30.379 [main] INFO  Unidad1.ejemplo.FileNuevo - e4d18f89554de53b1ed36a82e2e002027aa4ba
2025-10-08 12:13:30.379 [main] INFO  Unidad1.ejemplo.FileNuevo - 2a48d7ee5cac75d1a736923cbb35233561e96f
2025-10-08 12:13:30.379 [main] INFO  Unidad1.ejemplo.FileNuevo - 1d9b7df384c9fc22e7e748a9c338847c3f06be
2025-10-08 12:13:30.379 [main] INFO  Unidad1.ejemplo.FileNuevo - 27de00ebad3415d13ce4376d81449d7b9fce9c
2025-10-08 12:13:30.379 [main] INFO  Unidad1.ejemplo.FileNuevo - 6f9b3801cec9b7f2b4bc67c84e10c051dc7c04
2025-10-08 12:13:30.379 [main] INFO  Unidad1.ejemplo.FileNuevo - 8c3d0174d28fb34d4ee0c899c0da54a2e47f1f
2025-10-08 12:13:30.379 [main] INFO  Unidad1.ejemplo.FileNuevo - 78bded7e6d7cf5c71eda3ac675a6e8909d93ff
2025-10-08 12:13:30.380 [main] INFO  Unidad1.ejemplo.FileNuevo - 80316412cbc979b9716b16f176099a201ea432
2025-10-08 12:13:30.380 [main] INFO  Unidad1.ejemplo.FileNuevo - 9783d0ffadc38c88d78dff4f8c121b3319d2d9
2025-10-08 12:13:30.380 [main] INFO  Unidad1.ejemplo.FileNuevo - dbff32613310de060a1baad53b282036288cbe
2025-10-08 12:13:30.380 [main] INFO  Unidad1.ejemplo.FileNuevo - 6e37ab4525a22e0be51695600e014ed2dcf152
2025-10-08 12:13:30.380 [main] INFO  Unidad1.ejemplo.FileNuevo - ec8ea87a0fee0f0b7cbf51836846cc1e90bf38
2025-10-08 12:13:30.380 [main] INFO  Unidad1.ejemplo.FileNuevo - 9e25a648abb96d4fa9508631d8f6915c2ea74d
2025-10-08 12:13:30.380 [main] INFO  Unidad1.ejemplo.FileNuevo - bdd3b8e108513d0f3f7d24ee14154b2c9eb2c7
2025-10-08 12:13:30.380 [main] INFO  Unidad1.ejemplo.FileNuevo - c812a98585d7087f94f44d3ffdf1f9c5d50d2c
2025-10-08 12:13:30.380 [main] INFO  Unidad1.ejemplo.FileNuevo - e97e40594b0c578d4094acdeb880e730c52b81
2025-10-08 12:13:30.380 [main] INFO  Unidad1.ejemplo.FileNuevo - ff0fd2f82547a292a0ea7fb84f68d52bf3f1be
2025-10-08 12:13:30.380 [main] INFO  Unidad1.ejemplo.FileNuevo - 1b835cf6ba2dd572b0adffcd27742cd61f122d
2025-10-08 12:13:30.380 [main] INFO  Unidad1.ejemplo.FileNuevo - 62b3cc9a81b0c7a917a8f3dc9c3353b7922adc
2025-10-08 12:13:30.380 [main] INFO  Unidad1.ejemplo.FileNuevo - b1f511cccdb1722e69b3dd28f8ea1567e692cb
2025-10-08 12:13:30.380 [main] INFO  Unidad1.ejemplo.FileNuevo - bd861fdb0d444ad357c050bf949b4edb05939e
2025-10-08 12:13:30.380 [main] INFO  Unidad1.ejemplo.FileNuevo - 350a1b89a99512edeff5c3a247ec5ff2180e42
2025-10-08 12:13:30.380 [main] INFO  Unidad1.ejemplo.FileNuevo - 3ca6cbd9f5839008418e736360e06c84c0fc11
2025-10-08 12:13:30.380 [main] INFO  Unidad1.ejemplo.FileNuevo - 3d5f95dc8a43c8bb7b7621865d06d4a70856ed
2025-10-08 12:13:30.380 [main] INFO  Unidad1.ejemplo.FileNuevo - 580fb8f820d269031534af4743e7cbce94c9b0
2025-10-08 12:13:30.380 [main] INFO  Unidad1.ejemplo.FileNuevo - 7d247730a088a5e5c0b31822d19c85e304cae8
2025-10-08 12:13:30.381 [main] INFO  Unidad1.ejemplo.FileNuevo - acc575179728929d2f0d54038d375521d512cc
2025-10-08 12:13:30.381 [main] INFO  Unidad1.ejemplo.FileNuevo - f54f3b20d130a399da6c82a1e30da6a9c092fa
2025-10-08 12:13:30.381 [main] INFO  Unidad1.ejemplo.FileNuevo - 3f2d0f2ca52fae6dd9ddf55ca6992e3ab8557b
2025-10-08 12:13:30.381 [main] INFO  Unidad1.ejemplo.FileNuevo - 840a486ecf4e41090b9ef0311d263bb4877195
2025-10-08 12:13:30.381 [main] INFO  Unidad1.ejemplo.FileNuevo - 9558ed8034cb6034d5b2c257225db775c93e8e
2025-10-08 12:13:30.381 [main] INFO  Unidad1.ejemplo.FileNuevo - 97622aab92bae9907c12e02123db0c44442009
2025-10-08 12:13:30.381 [main] INFO  Unidad1.ejemplo.FileNuevo - b6d1e7c210bb79436e05817e10d1f30923404d
2025-10-08 12:13:30.381 [main] INFO  Unidad1.ejemplo.FileNuevo - dcfd9a44e0f232b75c48b38567189788a7049e
2025-10-08 12:13:30.381 [main] INFO  Unidad1.ejemplo.FileNuevo - 380eb031b8087aa6e1a218b1b4e3322b6c5424
2025-10-08 12:13:30.381 [main] INFO  Unidad1.ejemplo.FileNuevo - b93d880229b7ee14eafb9ecd361e0c4534935a
2025-10-08 12:13:30.381 [main] INFO  Unidad1.ejemplo.FileNuevo - f0e02c2f0443d1da7d515f5c6c507d8dfae02b
2025-10-08 12:13:30.381 [main] INFO  Unidad1.ejemplo.FileNuevo - 0036cfa20631da349f53c8f87c8a2b635d1cd0
2025-10-08 12:13:30.381 [main] INFO  Unidad1.ejemplo.FileNuevo - 143a90847121f7ebcdbfc1bea81c9580195862
2025-10-08 12:13:30.381 [main] INFO  Unidad1.ejemplo.FileNuevo - 85ce94a528d0993e18c492af58368c01cd0db6
2025-10-08 12:13:30.381 [main] INFO  Unidad1.ejemplo.FileNuevo - b0b2b9a439e5e0fe89aa99397106171af77db1
2025-10-08 12:13:30.381 [main] INFO  Unidad1.ejemplo.FileNuevo - e7ad4fbcc05da356fbc13c358d318bc010488e
2025-10-08 12:13:30.381 [main] INFO  Unidad1.ejemplo.FileNuevo - 3440270673d4519b73ee4385d02ae5a3d6f403
2025-10-08 12:13:30.381 [main] INFO  Unidad1.ejemplo.FileNuevo - cb4c8d5c47996e9884098a6890c39122102268
2025-10-08 12:13:30.381 [main] INFO  Unidad1.ejemplo.FileNuevo - e2f86308f22446e8ab45f14e7cf25a7b69dd86
2025-10-08 12:13:30.381 [main] INFO  Unidad1.ejemplo.FileNuevo - 3a93d45dd0eca83bb9045942f5e0c4a931a999
2025-10-08 12:13:30.381 [main] INFO  Unidad1.ejemplo.FileNuevo - 4c7bd5aec9a4cf4340fcc753a6fa693bc77119
2025-10-08 12:13:30.382 [main] INFO  Unidad1.ejemplo.FileNuevo - d0248358f0de86435b1f8e42dabeb92876ab6d
2025-10-08 12:13:30.382 [main] INFO  Unidad1.ejemplo.FileNuevo - 156105a87916787d203ecc5a711c7cdd3fa5d9
2025-10-08 12:13:30.382 [main] INFO  Unidad1.ejemplo.FileNuevo - 43510f27d3bdcd40b40d10a1689ae69aa3b38a
2025-10-08 12:13:30.382 [main] INFO  Unidad1.ejemplo.FileNuevo - 7439fdb1dbff4858aa8b038a1192d53593ec8e
2025-10-08 12:13:30.382 [main] INFO  Unidad1.ejemplo.FileNuevo - 8986fab5f736eb54bc51cb39c25c8ec1b37642
2025-10-08 12:13:30.382 [main] INFO  Unidad1.ejemplo.FileNuevo - f997156e1d3513371f8fb46aa7948518df68d6
2025-10-08 12:13:30.382 [main] INFO  Unidad1.ejemplo.FileNuevo - 40e4acd4c0e5e01dcb915c3a58a3639d917785
2025-10-08 12:13:30.382 [main] INFO  Unidad1.ejemplo.FileNuevo - 929aa0071fcde07cec746bfde094b592d24cbb
2025-10-08 12:13:30.382 [main] INFO  Unidad1.ejemplo.FileNuevo - f765070092a629b4cd26068ce3a6c2b8cddd8c
2025-10-08 12:13:30.382 [main] INFO  Unidad1.ejemplo.FileNuevo - 6ff61b2200e4ec12403bed174be5c6eca6ef8f
2025-10-08 12:13:30.382 [main] INFO  Unidad1.ejemplo.FileNuevo - 116ff74070a829d802711669721131b04d9ddf
2025-10-08 12:13:30.382 [main] INFO  Unidad1.ejemplo.FileNuevo - f234df16f5447cffa6a2e6fcf5c443f4e4c7d1
2025-10-08 12:13:30.382 [main] INFO  Unidad1.ejemplo.FileNuevo - 8e0b5cfb6d43e47930c2e9dfd798c37480585a
2025-10-08 12:13:30.382 [main] INFO  Unidad1.ejemplo.FileNuevo - 8f44a0001fc41282bbd3c41f203eca8df2f599
2025-10-08 12:13:30.382 [main] INFO  Unidad1.ejemplo.FileNuevo - 9f57fa8b33e2567d917310881f8db47ae2805d
2025-10-08 12:13:30.382 [main] INFO  Unidad1.ejemplo.FileNuevo - c480f5be1deaf08329f2440cc2a72f0f9519de
2025-10-08 12:13:30.382 [main] INFO  Unidad1.ejemplo.FileNuevo - fbbbd98c0041ae9084968ff275d5a02b67a684
2025-10-08 12:13:30.383 [main] INFO  Unidad1.ejemplo.FileNuevo - 0d67170112bd06160fc4de54bfd84bf41fe21e
2025-10-08 12:13:30.383 [main] INFO  Unidad1.ejemplo.FileNuevo - daaef73b3d6dc19b160aa7f0d9a84cccf43585
2025-10-08 12:13:30.383 [main] INFO  Unidad1.ejemplo.FileNuevo - e7a51b330e6193df478e9f046e99e6782f552e
2025-10-08 12:13:30.383 [main] INFO  Unidad1.ejemplo.FileNuevo - 0a8c2284782db9518e62d5e4b3049a736d142e
2025-10-08 12:13:30.383 [main] INFO  Unidad1.ejemplo.FileNuevo - 0efae9c3d0b7ea77dc3948a6a60658715c4606
2025-10-08 12:13:30.383 [main] INFO  Unidad1.ejemplo.FileNuevo - 85cfcb97f80033715341295e0919c9f22019e3
2025-10-08 12:13:30.383 [main] INFO  Unidad1.ejemplo.FileNuevo - fdd92e5df7ab623f8965b7fbaf64464c56253f
2025-10-08 12:13:30.383 [main] INFO  Unidad1.ejemplo.FileNuevo - 16661693c0c2f4f24e025c7f7e0146f6ec050c
2025-10-08 12:13:30.383 [main] INFO  Unidad1.ejemplo.FileNuevo - 59bdc1f7d343187d85a7409870384f903fe7eb
2025-10-08 12:13:30.383 [main] INFO  Unidad1.ejemplo.FileNuevo - 67db03e9723c4d438576cfd2b6065d8d0220eb
2025-10-08 12:13:30.383 [main] INFO  Unidad1.ejemplo.FileNuevo - 8f537f99b75fabea54b175d7d1b39cd5b802fa
2025-10-08 12:13:30.383 [main] INFO  Unidad1.ejemplo.FileNuevo - a66a16067abc338d487adb789f0d5c30fd918b
2025-10-08 12:13:30.383 [main] INFO  Unidad1.ejemplo.FileNuevo - b46043cc56cbfc5bad81d638c248b6c9389232
2025-10-08 12:13:30.383 [main] INFO  Unidad1.ejemplo.FileNuevo - d6ff9f3c366428c6591f45d10c864a5776bda5
2025-10-08 12:13:30.383 [main] INFO  Unidad1.ejemplo.FileNuevo - e1f207f251fe9c1d8e953275d854c982a1e431
2025-10-08 12:13:30.383 [main] INFO  Unidad1.ejemplo.FileNuevo - e4ae3e5669f82e5ed9b7e4d89027f78aa395f3
2025-10-08 12:13:30.383 [main] INFO  Unidad1.ejemplo.FileNuevo - f0c2c8fb1f2720eb276eef37b8a4f2f8086175
2025-10-08 12:13:30.383 [main] INFO  Unidad1.ejemplo.FileNuevo - 2e24a6082bcdce24b3c91da31d3e1a3f70144b
2025-10-08 12:13:30.383 [main] INFO  Unidad1.ejemplo.FileNuevo - 4779f47b14f3e6e1b2a65211a79329698a07f1
2025-10-08 12:13:30.383 [main] INFO  Unidad1.ejemplo.FileNuevo - d51ea431e5a7f7012196b9644a47ca302a917e
2025-10-08 12:13:30.384 [main] INFO  Unidad1.ejemplo.FileNuevo - 742eec4e5f836b7db045fbd3517f0abce777ce
2025-10-08 12:13:30.384 [main] INFO  Unidad1.ejemplo.FileNuevo - 0ecf96ef667e740cdac851421627f40bf00af7
2025-10-08 12:13:30.384 [main] INFO  Unidad1.ejemplo.FileNuevo - 26b2056615b4f3228b96b25492ae491d908b09
2025-10-08 12:13:30.384 [main] INFO  Unidad1.ejemplo.FileNuevo - 80013a6eeb2d80bca4d12136270e0363580304
2025-10-08 12:13:30.384 [main] INFO  Unidad1.ejemplo.FileNuevo - 2022525855c182894e9a1475b6b5f323dcee68
2025-10-08 12:13:30.384 [main] INFO  Unidad1.ejemplo.FileNuevo - aa065e956311a9f527ed0a109599b01af441a2
2025-10-08 12:13:30.384 [main] INFO  Unidad1.ejemplo.FileNuevo - dbde72f6f4eff1350f7df84d02054ba6ebd589
2025-10-08 12:13:30.384 [main] INFO  Unidad1.ejemplo.FileNuevo - 3f4708db84ac8fd0f5cc47c634f38c013fe9e4
2025-10-08 12:13:30.384 [main] INFO  Unidad1.ejemplo.FileNuevo - 81d8e16960066f709d2d88ee66a28878bb1c2f
2025-10-08 12:13:30.384 [main] INFO  Unidad1.ejemplo.FileNuevo - bd60bc207ffcc951bf9537717d48abb5177168
2025-10-08 12:13:30.384 [main] INFO  Unidad1.ejemplo.FileNuevo - d313442ac81eaa9b05d50015062e49b6fa5105
2025-10-08 12:13:30.384 [main] INFO  Unidad1.ejemplo.FileNuevo - 4604e54f6fe0e30ea92e287705cbcbae333795
2025-10-08 12:13:30.384 [main] INFO  Unidad1.ejemplo.FileNuevo - ba7091f3302f48067866a494f2cbf436e512b3
2025-10-08 12:13:30.384 [main] INFO  Unidad1.ejemplo.FileNuevo - d82041918bd1ff4646dcb75a3414d2f7b2c1c8
2025-10-08 12:13:30.384 [main] INFO  Unidad1.ejemplo.FileNuevo - e4357154127d876a3dd9687e28a58e93200aae
2025-10-08 12:13:30.384 [main] INFO  Unidad1.ejemplo.FileNuevo - e589bd7fd8bb13200733e9daa1400edb630e69
2025-10-08 12:13:30.384 [main] INFO  Unidad1.ejemplo.FileNuevo - 4142638a3056205d40ed9efd092edb20130a2f
2025-10-08 12:13:30.384 [main] INFO  Unidad1.ejemplo.FileNuevo - e805571048555c99313d783e6450fc335ee290
2025-10-08 12:13:30.384 [main] INFO  Unidad1.ejemplo.FileNuevo - 1bb744ed4970a171cb2f8b566c5ff8e9a165fa
2025-10-08 12:13:30.384 [main] INFO  Unidad1.ejemplo.FileNuevo - 2463fe809fd31ed0db743c6693415e04801eb3
2025-10-08 12:13:30.384 [main] INFO  Unidad1.ejemplo.FileNuevo - 41a6eac71a6d54eb26f83e69ab5d703dc605d7
2025-10-08 12:13:30.384 [main] INFO  Unidad1.ejemplo.FileNuevo - 44075e46c83f0e33246e5e286b2aec9a9c1374
2025-10-08 12:13:30.384 [main] INFO  Unidad1.ejemplo.FileNuevo - 767d8d06e5ac8680c28603c714c92036a6435c
2025-10-08 12:13:30.384 [main] INFO  Unidad1.ejemplo.FileNuevo - 771d52e096c81009cc738c71e5417e79d70760
2025-10-08 12:13:30.384 [main] INFO  Unidad1.ejemplo.FileNuevo - a0b7769013920648b17f3f51ba3e88139fdf0e
2025-10-08 12:13:30.384 [main] INFO  Unidad1.ejemplo.FileNuevo - cb4fd99f8c82baef6020fc1672271c69168e33
2025-10-08 12:13:30.384 [main] INFO  Unidad1.ejemplo.FileNuevo - da5afe6d0ef455e42d041e516b802590447f9a
2025-10-08 12:13:30.384 [main] INFO  Unidad1.ejemplo.FileNuevo - 1258f76a8447a27b2d20c03046a0777d97de6a
2025-10-08 12:13:30.384 [main] INFO  Unidad1.ejemplo.FileNuevo - 55f8f31af35371455b88672b3b240afd9f3fea
2025-10-08 12:13:30.384 [main] INFO  Unidad1.ejemplo.FileNuevo - 583effe9d19a2a3176985451476f058e1e9954
2025-10-08 12:13:30.386 [main] INFO  Unidad1.ejemplo.FileNuevo - 636a8fc0c99bfe3c859d6ef7aa4945653e8105
2025-10-08 12:13:30.386 [main] INFO  Unidad1.ejemplo.FileNuevo - a456ca541524242b8391fa0da56404dcbc435f
2025-10-08 12:13:30.386 [main] INFO  Unidad1.ejemplo.FileNuevo - 3caca1456ebcc7a48a861c9761fddac26f3d9d
2025-10-08 12:13:30.386 [main] INFO  Unidad1.ejemplo.FileNuevo - 9b7a28820c9601624c87ab7221812b1b33f641
2025-10-08 12:13:30.386 [main] INFO  Unidad1.ejemplo.FileNuevo - ec97358cf550862fd343fc9a73c159d4c0ab10
2025-10-08 12:13:30.386 [main] INFO  Unidad1.ejemplo.FileNuevo - 05b3412d7ab4068f4adcf3458984d63fb1a082
2025-10-08 12:13:30.386 [main] INFO  Unidad1.ejemplo.FileNuevo - 3eff20c588876a2109a082f9d1a33d4fa024a2
2025-10-08 12:13:30.386 [main] INFO  Unidad1.ejemplo.FileNuevo - 4a12f14f5704c9f244b9c8d3882bd4b2c6f94d
2025-10-08 12:13:30.386 [main] INFO  Unidad1.ejemplo.FileNuevo - 706009c81bea86615fb6d1f7710ea01292300b
2025-10-08 12:13:30.386 [main] INFO  Unidad1.ejemplo.FileNuevo - 7d61c1a084c2eba148367ef871765483ac078f
2025-10-08 12:13:30.386 [main] INFO  Unidad1.ejemplo.FileNuevo - a52c59904b3f83c95b3bd2ecee172aa8f47b1f
2025-10-08 12:13:30.386 [main] INFO  Unidad1.ejemplo.FileNuevo - ca663da5a8d33117cc572e48c7072cb1124eef
2025-10-08 12:13:30.386 [main] INFO  Unidad1.ejemplo.FileNuevo - 83981f6442db9c19003d5bf05cc5f15ac28122
2025-10-08 12:13:30.386 [main] INFO  Unidad1.ejemplo.FileNuevo - bcda0f50401801567569ba4e10aac75137ae8e
2025-10-08 12:13:30.386 [main] INFO  Unidad1.ejemplo.FileNuevo - 66724c7b05e13375eb605e630b01eab1b634eb
2025-10-08 12:13:30.386 [main] INFO  Unidad1.ejemplo.FileNuevo - 81633ad0756479dfd9712ca332d35587d74d89
2025-10-08 12:13:30.386 [main] INFO  Unidad1.ejemplo.FileNuevo - 89274d56b26e01f1bd716235483e57894c55bd
2025-10-08 12:13:30.386 [main] INFO  Unidad1.ejemplo.FileNuevo - a9d2b71f5d69dfb68a02eae0868aa86ebb5d6d
2025-10-08 12:13:30.386 [main] INFO  Unidad1.ejemplo.FileNuevo - 8c932a8f640c33884e5869b606a20127d1995e
2025-10-08 12:13:30.387 [main] INFO  Unidad1.ejemplo.FileNuevo - 96129c27b4c5ea1d5139c975e23f01d5a56f15
2025-10-08 12:13:30.387 [main] INFO  Unidad1.ejemplo.FileNuevo - a08986c3110646964f6eb6a115b903165c408d
2025-10-08 12:13:30.387 [main] INFO  Unidad1.ejemplo.FileNuevo - 0dee2a186fbf15e8f40664d3e115ec93c2a363
2025-10-08 12:13:30.387 [main] INFO  Unidad1.ejemplo.FileNuevo - 1d96b6741ce22fea6f34ffb22e371f3c59fcf4
2025-10-08 12:13:30.387 [main] INFO  Unidad1.ejemplo.FileNuevo - 270ac7f95ac4b63ce4edb6a786c5002403abae
2025-10-08 12:13:30.387 [main] INFO  Unidad1.ejemplo.FileNuevo - 9f4d34b7451e63e6e201b8938cfd8c1778a063
2025-10-08 12:13:30.387 [main] INFO  Unidad1.ejemplo.FileNuevo - 9f536b0a798e4d3b8c0d34c52ee0c3e3c10846
2025-10-08 12:13:30.387 [main] INFO  Unidad1.ejemplo.FileNuevo - c17c000dfc5e4193e9e2725ccdf3eeca5e9244
2025-10-08 12:13:30.387 [main] INFO  Unidad1.ejemplo.FileNuevo - da23a3c844e296613d8209a2eafd0a0feb46a4
2025-10-08 12:13:30.387 [main] INFO  Unidad1.ejemplo.FileNuevo - 0197ed1675fe85bc10fdc9f787543cd7b37550
2025-10-08 12:13:30.387 [main] INFO  Unidad1.ejemplo.FileNuevo - 9012673394ea7e65583052f93d4b740b19dca9
2025-10-08 12:13:30.387 [main] INFO  Unidad1.ejemplo.FileNuevo - 08c1025ee4618c4737057f403e11936758c99d
2025-10-08 12:13:30.387 [main] INFO  Unidad1.ejemplo.FileNuevo - 3dfd75c238077f262308f40d77be535ec58288
2025-10-08 12:13:30.387 [main] INFO  Unidad1.ejemplo.FileNuevo - 8778c5855eb1aa13633467e013daff287e7200
2025-10-08 12:13:30.387 [main] INFO  Unidad1.ejemplo.FileNuevo - 957007fa721e46bfe4acbf956fcb153b58d37a
2025-10-08 12:13:30.387 [main] INFO  Unidad1.ejemplo.FileNuevo - f93e1028eee0c8450ad05ff1b1f3d8e8c4c39f
2025-10-08 12:13:30.387 [main] INFO  Unidad1.ejemplo.FileNuevo - a16e3ca281106531b34c544df2f58e0ade28f5
2025-10-08 12:13:30.387 [main] INFO  Unidad1.ejemplo.FileNuevo - d3c4d0500b41f7a361b0589102da59e54b6bd2
2025-10-08 12:13:30.387 [main] INFO  Unidad1.ejemplo.FileNuevo - a8fe136452fe56c637e42c4c77af84c394d3fe
2025-10-08 12:13:30.387 [main] INFO  Unidad1.ejemplo.FileNuevo - b0c9a703c7401ec7132d978c5e15c27920d8e1
2025-10-08 12:13:30.388 [main] INFO  Unidad1.ejemplo.FileNuevo - b1d96c9b864711771cb82a5df2bd6866879914
2025-10-08 12:13:30.388 [main] INFO  Unidad1.ejemplo.FileNuevo - c14ed49048350de412420167ee64d05eb41298
2025-10-08 12:13:30.388 [main] INFO  Unidad1.ejemplo.FileNuevo - e230b11e820bf54c6c61abfe201166e6c6a288
2025-10-08 12:13:30.388 [main] INFO  Unidad1.ejemplo.FileNuevo - 37e876b27b29e029504065800c462e3d178c4a
2025-10-08 12:13:30.388 [main] INFO  Unidad1.ejemplo.FileNuevo - 3ac5f3a99d22ad4b25e8f71b6d5a513ff7b8db
2025-10-08 12:13:30.388 [main] INFO  Unidad1.ejemplo.FileNuevo - c2b5ea365a499abefd35bdf39b60b074e2e2a9
2025-10-08 12:13:30.388 [main] INFO  Unidad1.ejemplo.FileNuevo - f7728d5d9252833033e7c4c18d6b30ebd20692
2025-10-08 12:13:30.388 [main] INFO  Unidad1.ejemplo.FileNuevo - 4aea95735904ab849f24d1b14ef9ee74b6ad89
2025-10-08 12:13:30.388 [main] INFO  Unidad1.ejemplo.FileNuevo - 646f1c6ba65330566e005080e3e84bebabd61a
2025-10-08 12:13:30.388 [main] INFO  Unidad1.ejemplo.FileNuevo - 27d0a58546eeb9bc6a51fcc212501472816ede
2025-10-08 12:13:30.388 [main] INFO  Unidad1.ejemplo.FileNuevo - 2aaa7640726588bcd3d57e1de4b1315b7f315e
2025-10-08 12:13:30.388 [main] INFO  Unidad1.ejemplo.FileNuevo - 2fef9188d42a7f845296ea6f891ffd60c27436
2025-10-08 12:13:30.389 [main] INFO  Unidad1.ejemplo.FileNuevo - 6f13c91b58de77e38dae0045d472dbb0932332
2025-10-08 12:13:30.389 [main] INFO  Unidad1.ejemplo.FileNuevo - 92b1a39076dedbbbdb0bab6ec1aaeb3e0b5019
2025-10-08 12:13:30.389 [main] INFO  Unidad1.ejemplo.FileNuevo - aee5e6beacfacc9ad0b89386dab8be29227870
2025-10-08 12:13:30.389 [main] INFO  Unidad1.ejemplo.FileNuevo - b8a070f8f48dbe2a5e498e5778c20236b8bb55
2025-10-08 12:13:30.389 [main] INFO  Unidad1.ejemplo.FileNuevo - f076dbe30d3c5dfff8071719a693b073aa1e2b
2025-10-08 12:13:30.389 [main] INFO  Unidad1.ejemplo.FileNuevo - 9b0537eca32ede69b88b35564c7c9716519b40
2025-10-08 12:13:30.389 [main] INFO  Unidad1.ejemplo.FileNuevo - 7c17c7dd91573f9faa1e4d7d24a78599881fb1
2025-10-08 12:13:30.389 [main] INFO  Unidad1.ejemplo.FileNuevo - 707d98c9a93354fbee9d33ea58e4fa28f0d57e
2025-10-08 12:13:30.389 [main] INFO  Unidad1.ejemplo.FileNuevo - fc32890e739547258948e62d03e37241c1fc47
2025-10-08 12:13:30.389 [main] INFO  Unidad1.ejemplo.FileNuevo - 289253b4a76fae69f8f7d1cfebe85a9d6a419d
2025-10-08 12:13:30.389 [main] INFO  Unidad1.ejemplo.FileNuevo - e7aad5515420681be9b16095914da10ace782a
2025-10-08 12:13:30.389 [main] INFO  Unidad1.ejemplo.FileNuevo - 032baf24a13eff27e16a978bd7d41becfa5b2e
2025-10-08 12:13:30.389 [main] INFO  Unidad1.ejemplo.FileNuevo - 2cc1a91454929f2d6b016e7844735ad263c58b
2025-10-08 12:13:30.389 [main] INFO  Unidad1.ejemplo.FileNuevo - 463cb745fe4f12ad7289ad8b879048fa501430
2025-10-08 12:13:30.389 [main] INFO  Unidad1.ejemplo.FileNuevo - 4b23431ee49fb8e4673573888e5bdc3bb4f567
2025-10-08 12:13:30.390 [main] INFO  Unidad1.ejemplo.FileNuevo - d3cb263d75a6a801c85d3cef9edc7f2ccca4fc
2025-10-08 12:13:30.390 [main] INFO  Unidad1.ejemplo.FileNuevo - e7e05d847ac3cfc09a9580f08cb8aa9bd5e6f9
2025-10-08 12:13:30.390 [main] INFO  Unidad1.ejemplo.FileNuevo - 56e87647299b00e4cecbe8cd8aca8ee2d28517
2025-10-08 12:13:30.390 [main] INFO  Unidad1.ejemplo.FileNuevo - a2bd38a7ce183c609b0614eeb2190a25fd7746
2025-10-08 12:13:30.390 [main] INFO  Unidad1.ejemplo.FileNuevo - 9a827a2eea9fe75a9c3deeffdbf64ca39cc0bf
2025-10-08 12:13:30.390 [main] INFO  Unidad1.ejemplo.FileNuevo - b407d7105d237aa925d3171de86175d8143514
2025-10-08 12:13:30.390 [main] INFO  Unidad1.ejemplo.FileNuevo - d717671c18547757e61612322f043d9d4036a0
2025-10-08 12:13:30.390 [main] INFO  Unidad1.ejemplo.FileNuevo - 2539d742c79f54c1a41551e35d6651d48b6c4f
2025-10-08 12:13:30.390 [main] INFO  Unidad1.ejemplo.FileNuevo - 98b894a8d1b420b85a434db4943671eda80132
2025-10-08 12:13:30.390 [main] INFO  Unidad1.ejemplo.FileNuevo - a5fcbd16d8aec3e7e081a25ebc55bcd6eb2381
2025-10-08 12:13:30.390 [main] INFO  Unidad1.ejemplo.FileNuevo - b025f9af8065cff76db0de4657ef90d7077e6e
2025-10-08 12:13:30.390 [main] INFO  Unidad1.ejemplo.FileNuevo - 0393e04654379ad828ce13848e56dcac9cf6fc
2025-10-08 12:13:30.390 [main] INFO  Unidad1.ejemplo.FileNuevo - 4894df29f1bfb699f84501ce617021f69a931d
2025-10-08 12:13:30.390 [main] INFO  Unidad1.ejemplo.FileNuevo - b0e77c1835aff0847992e91cd9e22301f50504
2025-10-08 12:13:30.390 [main] INFO  Unidad1.ejemplo.FileNuevo - c605de543008127a133830c82cf77278ec6c45
2025-10-08 12:13:30.390 [main] INFO  Unidad1.ejemplo.FileNuevo - dee7f49f09f8842e18e89010303f55fb861cd0
2025-10-08 12:13:30.391 [main] INFO  Unidad1.ejemplo.FileNuevo - 5f3d5f59da28a551e9d7e9a2a5b1bf0da98d49
2025-10-08 12:13:30.391 [main] INFO  Unidad1.ejemplo.FileNuevo - 7531f99ff1ba8935c5480b6ed873b81658c0af
2025-10-08 12:13:30.391 [main] INFO  Unidad1.ejemplo.FileNuevo - 838b7de8d9ec954b993e5d50d5b427aeb01d58
2025-10-08 12:13:30.391 [main] INFO  Unidad1.ejemplo.FileNuevo - 9851f591b9f7ea5c5ca5bf13a95ba6e8d258ea
2025-10-08 12:13:30.391 [main] INFO  Unidad1.ejemplo.FileNuevo - b7e097c14f3ebf12468c863f11cf38ea67da72
2025-10-08 12:13:30.391 [main] INFO  Unidad1.ejemplo.FileNuevo - c80d212071edda047625a293249e2962a0dea1
2025-10-08 12:13:30.391 [main] INFO  Unidad1.ejemplo.FileNuevo - 42cbc8c4825ae628c4eeaacac3f0bdb618c0d1
2025-10-08 12:13:30.391 [main] INFO  Unidad1.ejemplo.FileNuevo - 792f960234f261acc67f7910221032bbfcf1d7
2025-10-08 12:13:30.391 [main] INFO  Unidad1.ejemplo.FileNuevo - 8c3b6bbc2de30f5458238b0099cd81a196f7a9
2025-10-08 12:13:30.391 [main] INFO  Unidad1.ejemplo.FileNuevo - 8de8f4c9d294ecc616398899677a98fcd69cea
2025-10-08 12:13:30.391 [main] INFO  Unidad1.ejemplo.FileNuevo - 9f4703adc21313098c76836c683443a9979009
2025-10-08 12:13:30.391 [main] INFO  Unidad1.ejemplo.FileNuevo - c113dcc6077cc3f0e46abcb041d3eb6b01e308
2025-10-08 12:13:30.391 [main] INFO  Unidad1.ejemplo.FileNuevo - d2ce65782c1385481f3383c5f2b73717988912
2025-10-08 12:13:30.391 [main] INFO  Unidad1.ejemplo.FileNuevo - 419701c9daee5f76cf16401a1d1168dca321be
2025-10-08 12:13:30.391 [main] INFO  Unidad1.ejemplo.FileNuevo - 6c6991e497836f8cbf80fc865a8e1515304fd2
2025-10-08 12:13:30.391 [main] INFO  Unidad1.ejemplo.FileNuevo - bc38c72b728cf5aba44bf569e141d74fb9b64a
2025-10-08 12:13:30.391 [main] INFO  Unidad1.ejemplo.FileNuevo - bd403ac665228853dd8fa54b8f4427af1721c0
2025-10-08 12:13:30.391 [main] INFO  Unidad1.ejemplo.FileNuevo - 3e797ee75aaa66c932f86fde772fbd68deffbf
2025-10-08 12:13:30.391 [main] INFO  Unidad1.ejemplo.FileNuevo - ed3839f3c8fcf37cc4c6287ea708b115c14120
2025-10-08 12:13:30.391 [main] INFO  Unidad1.ejemplo.FileNuevo - 17afd37b3d4e58b7c82b6801bd78cbb406de63
2025-10-08 12:13:30.392 [main] INFO  Unidad1.ejemplo.FileNuevo - 1bc97a52f40043c7a2d1298eb4e50f25ea8126
2025-10-08 12:13:30.392 [main] INFO  Unidad1.ejemplo.FileNuevo - 2ab431a7d5b36536ec079446b5a87c9ba4e1d5
2025-10-08 12:13:30.392 [main] INFO  Unidad1.ejemplo.FileNuevo - 375acfe5a80c985b7ab09c1c8c6c1bbb43d6f7
2025-10-08 12:13:30.392 [main] INFO  Unidad1.ejemplo.FileNuevo - 8589c0e138df9f5c274c350e1cbef6661a28fd
2025-10-08 12:13:30.392 [main] INFO  Unidad1.ejemplo.FileNuevo - f29f479a95bbef390ab299a1f20a2cdfcfd38d
2025-10-08 12:13:30.392 [main] INFO  Unidad1.ejemplo.FileNuevo - 4e7d4ae07adfd0b1d4ede086b7a04108737f68
2025-10-08 12:13:30.392 [main] INFO  Unidad1.ejemplo.FileNuevo - 78f80a4330ff0960d318718c36a16da9ca8529
2025-10-08 12:13:30.392 [main] INFO  Unidad1.ejemplo.FileNuevo - 95e6f12488da4127429d0637d248bf71886784
2025-10-08 12:13:30.392 [main] INFO  Unidad1.ejemplo.FileNuevo - 208a7034d8d0783f6988e3d908662a228964cb
2025-10-08 12:13:30.392 [main] INFO  Unidad1.ejemplo.FileNuevo - 2d14d347820ca260c93de393d00cb0febc467b
2025-10-08 12:13:30.392 [main] INFO  Unidad1.ejemplo.FileNuevo - 3a4259ca5b74305ee90fa92b3a968e542a6ebb
2025-10-08 12:13:30.392 [main] INFO  Unidad1.ejemplo.FileNuevo - 4777a250306ab8c94565c46f87f510357846e7
2025-10-08 12:13:30.392 [main] INFO  Unidad1.ejemplo.FileNuevo - 7d412c03778e99638f56d180715d395245919b
2025-10-08 12:13:30.392 [main] INFO  Unidad1.ejemplo.FileNuevo - 836a3c921dc3aca1e4e6dcd8c3a09b02e5adce
2025-10-08 12:13:30.392 [main] INFO  Unidad1.ejemplo.FileNuevo - b9451e802bcffca5bda1bab98331049183974b
2025-10-08 12:13:30.392 [main] INFO  Unidad1.ejemplo.FileNuevo - 29b2a674b40b6250ee5b0ce700bb981df2c613
2025-10-08 12:13:30.392 [main] INFO  Unidad1.ejemplo.FileNuevo - 7eed5636becaf2f1a19d74dbed69738cbd19aa
2025-10-08 12:13:30.392 [main] INFO  Unidad1.ejemplo.FileNuevo - 81f8bfb99cbb87cee4153093174559593b2ac9
2025-10-08 12:13:30.392 [main] INFO  Unidad1.ejemplo.FileNuevo - c048f609a115141f03ca504a2b896597f66541
2025-10-08 12:13:30.392 [main] INFO  Unidad1.ejemplo.FileNuevo - d683d17118b70e46011ddc3562b455d0a4f866
2025-10-08 12:13:30.392 [main] INFO  Unidad1.ejemplo.FileNuevo - f6406f950dc366c4221551df9e2ddae106bcbd
2025-10-08 12:13:30.393 [main] INFO  Unidad1.ejemplo.FileNuevo - 2aad25a3ebff8d1fbc44c9292f89268f0c45ed
2025-10-08 12:13:30.393 [main] INFO  Unidad1.ejemplo.FileNuevo - 76141d0e6e39daede28b3c6e10787d6d427dd9
2025-10-08 12:13:30.393 [main] INFO  Unidad1.ejemplo.FileNuevo - f878319e5a85ad1ce10b330a0527ef8583555d
2025-10-08 12:13:30.393 [main] INFO  Unidad1.ejemplo.FileNuevo - 29cf9c4347c61cfc8bb7c54899904241b03222
2025-10-08 12:13:30.393 [main] INFO  Unidad1.ejemplo.FileNuevo - be7478b8acb04bc2a48f0fb96f46282a4dc4a2
2025-10-08 12:13:30.393 [main] INFO  Unidad1.ejemplo.FileNuevo - 218c631b81aeeee156503d3e32ae9cc1a3aa54
2025-10-08 12:13:30.393 [main] INFO  Unidad1.ejemplo.FileNuevo - 481a0967a9c246e37ae06ab1606767fd5491b2
2025-10-08 12:13:30.393 [main] INFO  Unidad1.ejemplo.FileNuevo - 4d21d25a910ae0ffb84adac5c8ab6e29c8c0df
2025-10-08 12:13:30.394 [main] INFO  Unidad1.ejemplo.FileNuevo - 01eb679f541ac2b010a16e64fcfafe75ebbd95
2025-10-08 12:13:30.394 [main] INFO  Unidad1.ejemplo.FileNuevo - 12dd51055ba3015e72a4d5da0e8680821e9b07
2025-10-08 12:13:30.394 [main] INFO  Unidad1.ejemplo.FileNuevo - 60accab35646008f6c4eafd95cd02268daf901
2025-10-08 12:13:30.394 [main] INFO  Unidad1.ejemplo.FileNuevo - 7559195f583fffc1bf3e0238d853bf644bf966
2025-10-08 12:13:30.394 [main] INFO  Unidad1.ejemplo.FileNuevo - 0bd6c41d7ca07f663290e024537b85c2b020e6
2025-10-08 12:13:30.394 [main] INFO  Unidad1.ejemplo.FileNuevo - 4a3ab30d4661f66ef813cc9eb8270c1de72bcc
2025-10-08 12:13:30.394 [main] INFO  Unidad1.ejemplo.FileNuevo - 718217b41cea9fa3270a2741b5d833035fa286
2025-10-08 12:13:30.394 [main] INFO  Unidad1.ejemplo.FileNuevo - b9a39c84a744a0fcc68a331afb4843834355a4
2025-10-08 12:13:30.394 [main] INFO  Unidad1.ejemplo.FileNuevo - d21d14b03bc9eef57e79c5f00c582d3a6a624f
2025-10-08 12:13:30.394 [main] INFO  Unidad1.ejemplo.FileNuevo - eca4e2e733e11f10a97cf0022d91cc8950b636
2025-10-08 12:13:30.394 [main] INFO  Unidad1.ejemplo.FileNuevo - f546f4b7ab46a5b2cc29e5409551f8a286d87a
2025-10-08 12:13:30.394 [main] INFO  Unidad1.ejemplo.FileNuevo - 3e2c6a8967b88955fe1c4d12b9316eace74b32
2025-10-08 12:13:30.394 [main] INFO  Unidad1.ejemplo.FileNuevo - 774b5d5e3f6b4d3439bad0a4d48a53ce6ea239
2025-10-08 12:13:30.394 [main] INFO  Unidad1.ejemplo.FileNuevo - c328057cf1cfdf40153d63f6a1949883d5ba52
2025-10-08 12:13:30.394 [main] INFO  Unidad1.ejemplo.FileNuevo - ffe5b9507dd5def2a564b3b5f923104a1e7da8
2025-10-08 12:13:30.394 [main] INFO  Unidad1.ejemplo.FileNuevo - 22fffa0940eff89356ac3a5050fe6b20b8f4ca
2025-10-08 12:13:30.394 [main] INFO  Unidad1.ejemplo.FileNuevo - 3c6ab3f7eae85dcf042b9448580408e254b167
2025-10-08 12:13:30.394 [main] INFO  Unidad1.ejemplo.FileNuevo - 7e03f20867b87b73d8bc200f47fed51332ee2b
2025-10-08 12:13:30.394 [main] INFO  Unidad1.ejemplo.FileNuevo - 863977890401f7158f3d921ad9a3be30cee75c
2025-10-08 12:13:30.394 [main] INFO  Unidad1.ejemplo.FileNuevo - d40a04268fa86bd4c8fa6661d2f734f8c0b71e
2025-10-08 12:13:30.395 [main] INFO  Unidad1.ejemplo.FileNuevo - 76b34e581abea2c1a88b1df4fb3afaf1e8a187
2025-10-08 12:13:30.395 [main] INFO  Unidad1.ejemplo.FileNuevo - 88fce5030084441743a898c65fc67f96e08a69
2025-10-08 12:13:30.395 [main] INFO  Unidad1.ejemplo.FileNuevo - ac989844760ea93d711f909e26d1b43f40bd4f
2025-10-08 12:13:30.395 [main] INFO  Unidad1.ejemplo.FileNuevo - d4d3d5c309a0aa7fb4ff75bc6ee0249e29d850
2025-10-08 12:13:30.395 [main] INFO  Unidad1.ejemplo.FileNuevo - ddb0be47506d2af0e089861aff50ad3aa25446
2025-10-08 12:13:30.395 [main] INFO  Unidad1.ejemplo.FileNuevo - 30bf6ce94e866bfc2a188ddd83de7d4817e60c
2025-10-08 12:13:30.395 [main] INFO  Unidad1.ejemplo.FileNuevo - 8b895b614144eb5d5f20a1e20767c0167babe5
2025-10-08 12:13:30.395 [main] INFO  Unidad1.ejemplo.FileNuevo - c385ffa3bf33b876bba8fc7e64742f87eff70e
2025-10-08 12:13:30.395 [main] INFO  Unidad1.ejemplo.FileNuevo - c6577c390fdac85b25e28bf9b7e2b84fa2cd78
2025-10-08 12:13:30.395 [main] INFO  Unidad1.ejemplo.FileNuevo - e80a3f8baab61dbc6b0ef2c5999b1c1876931a
2025-10-08 12:13:30.395 [main] INFO  Unidad1.ejemplo.FileNuevo - 76beaecb0fc23f0885c35bb808d0e8e8468cf4
2025-10-08 12:13:30.395 [main] INFO  Unidad1.ejemplo.FileNuevo - 9f431ce8c862e81f0b75dbe599c678f3660527
2025-10-08 12:13:30.395 [main] INFO  Unidad1.ejemplo.FileNuevo - f2fbf37a240d38f09fca227923f3fd494269d7
2025-10-08 12:13:30.395 [main] INFO  Unidad1.ejemplo.FileNuevo - bf2d3b51987e3e8d13b03f31979ca171c760b0
2025-10-08 12:13:30.395 [main] INFO  Unidad1.ejemplo.FileNuevo - 59e97492e8eb5b39c57d8eb92ed49fd2be4324
2025-10-08 12:13:30.395 [main] INFO  Unidad1.ejemplo.FileNuevo - ca1008c3a8ab066cf59681e33f626ad83b86d6
2025-10-08 12:13:30.395 [main] INFO  Unidad1.ejemplo.FileNuevo - 2c1ac90f5afc9585f26acdae02a11f44ec5933
2025-10-08 12:13:30.395 [main] INFO  Unidad1.ejemplo.FileNuevo - 75ad9fce6f5aa7236f35cd14738db9c25b0620
2025-10-08 12:13:30.396 [main] INFO  Unidad1.ejemplo.FileNuevo - 462a6cf4a5380e037352977c750defd2aaed72
2025-10-08 12:13:30.396 [main] INFO  Unidad1.ejemplo.FileNuevo - 4c85243953733da1b1c75d582bc7164e27b913
2025-10-08 12:13:30.396 [main] INFO  Unidad1.ejemplo.FileNuevo - 77826ab47b90461d07e4bba4ec0cac18532c41
2025-10-08 12:13:30.396 [main] INFO  Unidad1.ejemplo.FileNuevo - ad9cdcb6f5757af140f0af6dbe51dbe31c2a51
2025-10-08 12:13:30.396 [main] INFO  Unidad1.ejemplo.FileNuevo - db84a4116a4ee7615b48f834fe3be0ffe2d75c
2025-10-08 12:13:30.396 [main] INFO  Unidad1.ejemplo.FileNuevo - 45f1e9f88e334fadebc86ca19109804f8ae725
2025-10-08 12:13:30.396 [main] INFO  Unidad1.ejemplo.FileNuevo - 6cb8d1e219055395763f8bec3481687995acfe
2025-10-08 12:13:30.396 [main] INFO  Unidad1.ejemplo.FileNuevo - 8c1a6042939e861814336a5d04c837b49a02a2
2025-10-08 12:13:30.396 [main] INFO  Unidad1.ejemplo.FileNuevo - 9e9755d5ec5dc39999f22ee83ad371253b85ce
2025-10-08 12:13:30.396 [main] INFO  Unidad1.ejemplo.FileNuevo - 20e03e5806e7afdd39b215e20f620108a6c0eb
2025-10-08 12:13:30.396 [main] INFO  Unidad1.ejemplo.FileNuevo - 21825ca2aadfd4be781f37c542e0128140159e
2025-10-08 12:13:30.396 [main] INFO  Unidad1.ejemplo.FileNuevo - b0bb0c66f1878002c00c66c9f902588bc47a9b
2025-10-08 12:13:30.396 [main] INFO  Unidad1.ejemplo.FileNuevo - d0d2b0a6cb6e5dd2e65ac378aabdca66a8ecf5
2025-10-08 12:13:30.396 [main] INFO  Unidad1.ejemplo.FileNuevo - d47c1c8159bd1bd539eedab09edf82cb34cd69
2025-10-08 12:13:30.396 [main] INFO  Unidad1.ejemplo.FileNuevo - 1b4c2ffaf42c378b4d8876ba06dadd6b0e6682
2025-10-08 12:13:30.396 [main] INFO  Unidad1.ejemplo.FileNuevo - 611b8620ca1dac3c045bf1cc9cdbdb79612c39
2025-10-08 12:13:30.396 [main] INFO  Unidad1.ejemplo.FileNuevo - 36a02b6540602f3e25c569d14916efbc1e7d49
2025-10-08 12:13:30.396 [main] INFO  Unidad1.ejemplo.FileNuevo - 7d014315525e0b5988a94c99e87d4ebb324f12
2025-10-08 12:13:30.396 [main] INFO  Unidad1.ejemplo.FileNuevo - 9bb83772ccf91a25d77cb7bee614d11d108506
2025-10-08 12:13:30.396 [main] INFO  Unidad1.ejemplo.FileNuevo - a80b0d55f8bce5ec33f172195ecc60d34b5e49
2025-10-08 12:13:30.396 [main] INFO  Unidad1.ejemplo.FileNuevo - b2782c1c1ceec3a9eca32fb7604bfd4334c949
2025-10-08 12:13:30.397 [main] INFO  Unidad1.ejemplo.FileNuevo - 9b69c8fb2f1b8b8948aa4b8c81651c1a9755f0
2025-10-08 12:13:30.397 [main] INFO  Unidad1.ejemplo.FileNuevo - d3b9497d0ef61f5418194c5cf8714d534bde8f
2025-10-08 12:13:30.397 [main] INFO  Unidad1.ejemplo.FileNuevo - 00b807dd40473e94dc2f31e05a04dd68f01b6a
2025-10-08 12:13:30.397 [main] INFO  Unidad1.ejemplo.FileNuevo - 1e05d7685df39e16e0015b1da6a1c715826b9b
2025-10-08 12:13:30.397 [main] INFO  Unidad1.ejemplo.FileNuevo - 1e2fe23ae9ae39c2ff9bdc1f50881490a56403
2025-10-08 12:13:30.397 [main] INFO  Unidad1.ejemplo.FileNuevo - 385d306033d38c5154cb4ebac36bd1adf4eb09
2025-10-08 12:13:30.397 [main] INFO  Unidad1.ejemplo.FileNuevo - 5ea35bb1d805f8884be70ecf46f49e0489adf3
2025-10-08 12:13:30.397 [main] INFO  Unidad1.ejemplo.FileNuevo - acb8f6c527100b6f5660289d1d3d228ca50853
2025-10-08 12:13:30.397 [main] INFO  Unidad1.ejemplo.FileNuevo - 1c648b78b58deca805cb9191d5968f3ed46373
2025-10-08 12:13:30.397 [main] INFO  Unidad1.ejemplo.FileNuevo - 392ea8281890a5a8397e1936ad3e528a4c6ea6
2025-10-08 12:13:30.397 [main] INFO  Unidad1.ejemplo.FileNuevo - a9ed024d3859793618152ea559a168bbcbb5e2
2025-10-08 12:13:30.397 [main] INFO  Unidad1.ejemplo.FileNuevo - 12a4c101ccc26fd9a656104844f6d14289f799
2025-10-08 12:13:30.397 [main] INFO  Unidad1.ejemplo.FileNuevo - 383ac2f27ee0508c6ffe2f8f05999a3d11af02
2025-10-08 12:13:30.397 [main] INFO  Unidad1.ejemplo.FileNuevo - 3f42ca3aa81ec9e6545080116264fbe5436c8d
2025-10-08 12:13:30.397 [main] INFO  Unidad1.ejemplo.FileNuevo - 4a6fd31351404aa97fb2d167e6aa4628f007b3
2025-10-08 12:13:30.397 [main] INFO  Unidad1.ejemplo.FileNuevo - c2ff11c9c812ea48c88335671e0c874c00b0d5
2025-10-08 12:13:30.397 [main] INFO  Unidad1.ejemplo.FileNuevo - 076483032876a6700d13f17aa5cb919fc9cff9
2025-10-08 12:13:30.397 [main] INFO  Unidad1.ejemplo.FileNuevo - 29d054fc7f8fe179c821f9feeb2d9f81fb6f59
2025-10-08 12:13:30.397 [main] INFO  Unidad1.ejemplo.FileNuevo - 39e1b009557078e91c7a7a1f0c07a4082496ef
2025-10-08 12:13:30.397 [main] INFO  Unidad1.ejemplo.FileNuevo - 8d47fc84524489338fee96e37b57110f40a51a
2025-10-08 12:13:30.398 [main] INFO  Unidad1.ejemplo.FileNuevo - fad4eefaa4d1411a1eaa3887537966361d7584
2025-10-08 12:13:30.398 [main] INFO  Unidad1.ejemplo.FileNuevo - 2c0f214c2cbd1c126cd173ae9dc954a3bb84d8
2025-10-08 12:13:30.398 [main] INFO  Unidad1.ejemplo.FileNuevo - bebfc2edbbbec4974b0ae5d3d569f4be16cb8f
2025-10-08 12:13:30.398 [main] INFO  Unidad1.ejemplo.FileNuevo - 7f02dabad6588f7663326729be158ca5a08362
2025-10-08 12:13:30.398 [main] INFO  Unidad1.ejemplo.FileNuevo - 8b947d01f689cc2be74fec4b75e85e29ed00e1
2025-10-08 12:13:30.398 [main] INFO  Unidad1.ejemplo.FileNuevo - a1862b1f03216767accb24ca3f9267c1cc43ac
2025-10-08 12:13:30.398 [main] INFO  Unidad1.ejemplo.FileNuevo - b90ca7f6619028f4f7613343638d486877899d
2025-10-08 12:13:30.398 [main] INFO  Unidad1.ejemplo.FileNuevo - bd980c17d753ec4bbda98397246d0c447a4c2c
2025-10-08 12:13:30.398 [main] INFO  Unidad1.ejemplo.FileNuevo - c9c36eed0ba1b2e573d5ed1e3995b548730016
2025-10-08 12:13:30.398 [main] INFO  Unidad1.ejemplo.FileNuevo - f26c0203a7844de00dbfc56e6a35d8ed3c022c
2025-10-08 12:13:30.398 [main] INFO  Unidad1.ejemplo.FileNuevo - 2359a6c3b64a3d9c1707093be3f399de07a22a
2025-10-08 12:13:30.398 [main] INFO  Unidad1.ejemplo.FileNuevo - 715eaee21936fc9c46af63fc7e8820a794c7f2
2025-10-08 12:13:30.398 [main] INFO  Unidad1.ejemplo.FileNuevo - 7984bb6c3f1e10e23bb2027abcfa84ae076ca5
2025-10-08 12:13:30.398 [main] INFO  Unidad1.ejemplo.FileNuevo - b53be6e9f10183075003cc026d5da8c7e3aa8f
2025-10-08 12:13:30.398 [main] INFO  Unidad1.ejemplo.FileNuevo - 3f4f75914aedf5f1a9f6e0409f9cf18c33d519
2025-10-08 12:13:30.398 [main] INFO  Unidad1.ejemplo.FileNuevo - 8637bc565891ee149a7c6e71e8760d20e434eb
2025-10-08 12:13:30.398 [main] INFO  Unidad1.ejemplo.FileNuevo - df3b1f360838ed2fb5b967e741c8fa187252b9
2025-10-08 12:13:30.398 [main] INFO  Unidad1.ejemplo.FileNuevo - df5d376be5871f8c4020c65b3da98a0022dde4
2025-10-08 12:13:30.398 [main] INFO  Unidad1.ejemplo.FileNuevo - f21924234d0c3a455c2c8e1b20586dd13fee42
2025-10-08 12:13:30.398 [main] INFO  Unidad1.ejemplo.FileNuevo - 48b39686bd0278524558f80ab56b93ed85a142
2025-10-08 12:13:30.399 [main] INFO  Unidad1.ejemplo.FileNuevo - 8504b198cef60c1a1af77a62154ca5ede26590
2025-10-08 12:13:30.399 [main] INFO  Unidad1.ejemplo.FileNuevo - bf4e4fdc24067fc50d7610ee1e1a224fbdd988
2025-10-08 12:13:30.399 [main] INFO  Unidad1.ejemplo.FileNuevo - 3f5158ac1e635be594f24f5e701f456b7dac42
2025-10-08 12:13:30.399 [main] INFO  Unidad1.ejemplo.FileNuevo - 9875566c599f2dde24a1bc423734c70e46088a
2025-10-08 12:13:30.399 [main] INFO  Unidad1.ejemplo.FileNuevo - 9add5e7c4c8a887206992397a2825123955cb1
2025-10-08 12:13:30.399 [main] INFO  Unidad1.ejemplo.FileNuevo - c6e5e3f8cf19b9b12cf591b63860268e7e97bc
2025-10-08 12:13:30.399 [main] INFO  Unidad1.ejemplo.FileNuevo - eaae749a6857baa7023662b90850817be0bcd9
2025-10-08 12:13:30.399 [main] INFO  Unidad1.ejemplo.FileNuevo - 1bb409bad74bb7d632558299b4ec9fb46c5033
2025-10-08 12:13:30.399 [main] INFO  Unidad1.ejemplo.FileNuevo - 1c56cae614d0e9d7eacdfe9ac8e3902cca17ce
2025-10-08 12:13:30.399 [main] INFO  Unidad1.ejemplo.FileNuevo - 1ec88a046de3b447df8f84f7e399ee72293c47
2025-10-08 12:13:30.399 [main] INFO  Unidad1.ejemplo.FileNuevo - 492b2e5b7067d4b067eac516a03d0d0c3af5ef
2025-10-08 12:13:30.399 [main] INFO  Unidad1.ejemplo.FileNuevo - ffde76cb6690350a757596f922e265cec42873
2025-10-08 12:13:30.399 [main] INFO  Unidad1.ejemplo.FileNuevo - 6a82fc450fbef1579decb4a0531f7799019bd1
2025-10-08 12:13:30.399 [main] INFO  Unidad1.ejemplo.FileNuevo - 6d4e5fdad455738deee0c91f322efc49e2f8f8
2025-10-08 12:13:30.399 [main] INFO  Unidad1.ejemplo.FileNuevo - 7d9aa6958b7caaefb4b773fd20bd793273883f
2025-10-08 12:13:30.399 [main] INFO  Unidad1.ejemplo.FileNuevo - dfd2507eb8ca5a66b05943c75e02638dff95be
2025-10-08 12:13:30.399 [main] INFO  Unidad1.ejemplo.FileNuevo - b7fd51bf254bce6240f31e925adaf830d1bdec
2025-10-08 12:13:30.399 [main] INFO  Unidad1.ejemplo.FileNuevo - e980379ba56078df1db25d5b895d77d6a922e5
2025-10-08 12:13:30.399 [main] INFO  Unidad1.ejemplo.FileNuevo - fa1d5204c50579b231d1724880a24c56810792
2025-10-08 12:13:30.399 [main] INFO  Unidad1.ejemplo.FileNuevo - 05a6f04bcb1402bba463b3c57c0afe1c917909
2025-10-08 12:13:30.400 [main] INFO  Unidad1.ejemplo.FileNuevo - 24c3f6897072b32971b8d529028f66c1aafc27
2025-10-08 12:13:30.400 [main] INFO  Unidad1.ejemplo.FileNuevo - 2c0ca5b35bad89b23c73d9f84ff0be5d12c913
2025-10-08 12:13:30.400 [main] INFO  Unidad1.ejemplo.FileNuevo - c3209833a49a8231799571c29a71c41f36535d
2025-10-08 12:13:30.400 [main] INFO  Unidad1.ejemplo.FileNuevo - 653a03ab6949434c08682a0dca81317c780a5e
2025-10-08 12:13:30.400 [main] INFO  Unidad1.ejemplo.FileNuevo - 89d64c3f7918f12725fcb2683beeb2620c3f7a
2025-10-08 12:13:30.400 [main] INFO  Unidad1.ejemplo.FileNuevo - b49803c83e0109c36b2fbae2b34f4aecd2fe19
2025-10-08 12:13:30.400 [main] INFO  Unidad1.ejemplo.FileNuevo - 1d896189034ca01ed5d63448d2928614c19de7
2025-10-08 12:13:30.400 [main] INFO  Unidad1.ejemplo.FileNuevo - 4d6924d6f6a2a3677d6f25fd023cbc4bae0a3c
2025-10-08 12:13:30.400 [main] INFO  Unidad1.ejemplo.FileNuevo - 7aa97fb1e3a68635c0ce358a96356df06b7fa0
2025-10-08 12:13:30.400 [main] INFO  Unidad1.ejemplo.FileNuevo - 83ba3eb956d4be92e55511384f916ddfd45a93
2025-10-08 12:13:30.400 [main] INFO  Unidad1.ejemplo.FileNuevo - 8647cf60764d9599d55a01ca799152872bd2d9
2025-10-08 12:13:30.400 [main] INFO  Unidad1.ejemplo.FileNuevo - c1b425965cfd28a6be4fe737bde2d4c4497350
2025-10-08 12:13:30.400 [main] INFO  Unidad1.ejemplo.FileNuevo - 28b68502e8f15dc0523ccae4572a70f22d7393
2025-10-08 12:13:30.400 [main] INFO  Unidad1.ejemplo.FileNuevo - 81b36b325e0453ce56a5d743101817f2eedb3d
2025-10-08 12:13:30.400 [main] INFO  Unidad1.ejemplo.FileNuevo - 89e45081920dbcf046eba3a1f3df5c9de765e6
2025-10-08 12:13:30.400 [main] INFO  Unidad1.ejemplo.FileNuevo - a5545d7afdd35d5505eecfacf51513218acc7b
2025-10-08 12:13:30.400 [main] INFO  Unidad1.ejemplo.FileNuevo - be6dc1ac3c1d9d582585599d04a11f07f3423a
2025-10-08 12:13:30.400 [main] INFO  Unidad1.ejemplo.FileNuevo - ee3cbc9a7fb4242b2f2becb901674986dc4389
2025-10-08 12:13:30.400 [main] INFO  Unidad1.ejemplo.FileNuevo - 15e184e2f4853ea02a49895fa3d5fe660ea973
2025-10-08 12:13:30.400 [main] INFO  Unidad1.ejemplo.FileNuevo - 7709f3cd9ed4989e6a908576c6f2e09a7eb8a9
2025-10-08 12:13:30.400 [main] INFO  Unidad1.ejemplo.FileNuevo - 7f14276b1af3e77345e347cfb1cd191c429e2c
2025-10-08 12:13:30.401 [main] INFO  Unidad1.ejemplo.FileNuevo - 3452b60e57c5bcdb595b1c122e776e5c81b7cc
2025-10-08 12:13:30.401 [main] INFO  Unidad1.ejemplo.FileNuevo - 7b25e1962f26a032048cc40d1fbe560a966e06
2025-10-08 12:13:30.401 [main] INFO  Unidad1.ejemplo.FileNuevo - c17cf9968e1fdfdcb62be51ff0d3fe16adc7d6
2025-10-08 12:13:30.401 [main] INFO  Unidad1.ejemplo.FileNuevo - ec3c21f67636e99bae74d4b039ec86a8df2318
2025-10-08 12:13:30.401 [main] INFO  Unidad1.ejemplo.FileNuevo - 307c95ee9e8a9e2d48f912bfedb6169a509366
2025-10-08 12:13:30.401 [main] INFO  Unidad1.ejemplo.FileNuevo - 50677d8d809f643b9df00f283111f0541b0a14
2025-10-08 12:13:30.401 [main] INFO  Unidad1.ejemplo.FileNuevo - 77f527bdd74ca9b2dccf3628df6ee841a9352c
2025-10-08 12:13:30.401 [main] INFO  Unidad1.ejemplo.FileNuevo - a6354bd3d7601ccc903a1c84553d537164ef9a
2025-10-08 12:13:30.401 [main] INFO  Unidad1.ejemplo.FileNuevo - 33b1d5f933ddb95bc896579ecbfae320bc594a
2025-10-08 12:13:30.401 [main] INFO  Unidad1.ejemplo.FileNuevo - 37d7b9c64b73ba5fd1e0039fa31a6cba4284b1
2025-10-08 12:13:30.401 [main] INFO  Unidad1.ejemplo.FileNuevo - 56603b9f1a992f4ce04b3e8af62c13e06b90d2
2025-10-08 12:13:30.401 [main] INFO  Unidad1.ejemplo.FileNuevo - 9ca1f47721e4361a9943750aad6d1d90b9fb1c
2025-10-08 12:13:30.401 [main] INFO  Unidad1.ejemplo.FileNuevo - a64f19686990e6c85a44f0d6788ba19773dd71
2025-10-08 12:13:30.402 [main] INFO  Unidad1.ejemplo.FileNuevo - 650c9183a0be7692744c61591b6a1ca042e37e
2025-10-08 12:13:30.402 [main] INFO  Unidad1.ejemplo.FileNuevo - a646ce60b4e080a0c6bc092ee9e13e1d9dfd4c
2025-10-08 12:13:30.402 [main] INFO  Unidad1.ejemplo.FileNuevo - b488d42860e8ae8b91e8ef761277c20866f316
2025-10-08 12:13:30.402 [main] INFO  Unidad1.ejemplo.FileNuevo - d76207527348f8e5b82748490d1b2671dab93e
2025-10-08 12:13:30.402 [main] INFO  Unidad1.ejemplo.FileNuevo - f0678baf780cf15c2069eda6f5b685552342ec
2025-10-08 12:13:30.402 [main] INFO  Unidad1.ejemplo.FileNuevo - 69407f7c7535120f7442887334df35de262fa5
2025-10-08 12:13:30.402 [main] INFO  Unidad1.ejemplo.FileNuevo - 6f26f122fbe7c007915367fa406fb2087f90c6
2025-10-08 12:13:30.402 [main] INFO  Unidad1.ejemplo.FileNuevo - 99aea96b0bae91905622498da65edaf6d76bae
2025-10-08 12:13:30.402 [main] INFO  Unidad1.ejemplo.FileNuevo - bf75d348224a0d24a2ebd35ee20489c998171c
2025-10-08 12:13:30.402 [main] INFO  Unidad1.ejemplo.FileNuevo - 06f51f89c222c6fed0938fdef5df11f1896e7b
2025-10-08 12:13:30.402 [main] INFO  Unidad1.ejemplo.FileNuevo - 2cf0f127d41be3b7c775ec6545bbed8a1c637e
2025-10-08 12:13:30.402 [main] INFO  Unidad1.ejemplo.FileNuevo - bf8e5211b6a04431b29bc5ab1269fb2676782d
2025-10-08 12:13:30.402 [main] INFO  Unidad1.ejemplo.FileNuevo - 1e7fd6a5af4a6333c890e4bed5f0569ef697d7
2025-10-08 12:13:30.402 [main] INFO  Unidad1.ejemplo.FileNuevo - 50e4fda061335437382da8d9649d8598ca16af
2025-10-08 12:13:30.402 [main] INFO  Unidad1.ejemplo.FileNuevo - bc1da78005f3580aa68466aeeca33876694100
2025-10-08 12:13:30.402 [main] INFO  Unidad1.ejemplo.FileNuevo - ea5c508541db760aea32641fb7b467c11ffb6a
2025-10-08 12:13:30.402 [main] INFO  Unidad1.ejemplo.FileNuevo - 40901d4f462d860f8efece45d0dac6d154e949
2025-10-08 12:13:30.402 [main] INFO  Unidad1.ejemplo.FileNuevo - 2fefae1d83493ba5af4490d1bddd3e09bd5c68
2025-10-08 12:13:30.402 [main] INFO  Unidad1.ejemplo.FileNuevo - 6eee5d7bf9bc39e8df98dbefd8c4e7a6708b35
2025-10-08 12:13:30.402 [main] INFO  Unidad1.ejemplo.FileNuevo - e84745f65bbfe20031bf501ac6468c487f998e
2025-10-08 12:13:30.403 [main] INFO  Unidad1.ejemplo.FileNuevo - 50592af2e0f3b80bc2040b8b87199b3cac1a90
2025-10-08 12:13:30.403 [main] INFO  Unidad1.ejemplo.FileNuevo - 557ed864dc5981353629b5682bf30e287895ac
2025-10-08 12:13:30.403 [main] INFO  Unidad1.ejemplo.FileNuevo - 81b0eec8cb08091aeb3d4088772f196d003b24
2025-10-08 12:13:30.403 [main] INFO  Unidad1.ejemplo.FileNuevo - 81bf92e1e2b8b68ace3fb4d3c80e905bf72d58
2025-10-08 12:13:30.403 [main] INFO  Unidad1.ejemplo.FileNuevo - 048be55ba78d5d8418ab661f5b5d208890450e
2025-10-08 12:13:30.403 [main] INFO  Unidad1.ejemplo.FileNuevo - 2e8d23083bc76978c90035be1887729f557c62
2025-10-08 12:13:30.403 [main] INFO  Unidad1.ejemplo.FileNuevo - acec94db3b5b350a06087b3359791edd7cbae4
2025-10-08 12:13:30.403 [main] INFO  Unidad1.ejemplo.FileNuevo - af7401928dfdd737b1d0ff3836d5bac2eda6e5
2025-10-08 12:13:30.403 [main] INFO  Unidad1.ejemplo.FileNuevo - d9fafc34e6e3970df611396f554d37a6acc1cf
2025-10-08 12:13:30.403 [main] INFO  Unidad1.ejemplo.FileNuevo - 7bf707b9db233c2b7c27e951e8fb5939c9b463
2025-10-08 12:13:30.403 [main] INFO  Unidad1.ejemplo.FileNuevo - e7a7517f4fd6d046c69c7483b9cd277fcf3bd7
2025-10-08 12:13:30.403 [main] INFO  Unidad1.ejemplo.FileNuevo - 48f536d50cd60354f13016aec845359b4f986d
2025-10-08 12:13:30.403 [main] INFO  Unidad1.ejemplo.FileNuevo - 898dc6e1b042d658ae5ce8998b13f0b84c6445
2025-10-08 12:13:30.403 [main] INFO  Unidad1.ejemplo.FileNuevo - acd9ca923aac1b102813188069d80937c20660
2025-10-08 12:13:30.403 [main] INFO  Unidad1.ejemplo.FileNuevo - 034dd702751868a0a68e8b2b09d09ae4bcd884
2025-10-08 12:13:30.403 [main] INFO  Unidad1.ejemplo.FileNuevo - 060a44488ea2a40249fb159ef3c48e8ed49c16
2025-10-08 12:13:30.403 [main] INFO  Unidad1.ejemplo.FileNuevo - bf4757063175189f5b8270b46a46331841a0bc
2025-10-08 12:13:30.404 [main] INFO  Unidad1.ejemplo.FileNuevo - 12f3a40f9afdd28fe56222a2f78e73a8ac1331
2025-10-08 12:13:30.404 [main] INFO  Unidad1.ejemplo.FileNuevo - 41716029245405e6b57324715801e7a63431ba
2025-10-08 12:13:30.404 [main] INFO  Unidad1.ejemplo.FileNuevo - dfa6d7cb15dbd158787708b782b6d3c6ad6936
2025-10-08 12:13:30.404 [main] INFO  Unidad1.ejemplo.FileNuevo - ff79580a16bfc4d4e2f48d995535d35ef9993b
2025-10-08 12:13:30.404 [main] INFO  Unidad1.ejemplo.FileNuevo - 22d4eff0d6b9eeb41972c34fbffe829f922491
2025-10-08 12:13:30.404 [main] INFO  Unidad1.ejemplo.FileNuevo - 8ca2966fcb074a556b349efdcd4a5e979811f6
2025-10-08 12:13:30.404 [main] INFO  Unidad1.ejemplo.FileNuevo - cb1e59f2247a92893799512013852cb8f5dc38
2025-10-08 12:13:30.404 [main] INFO  Unidad1.ejemplo.FileNuevo - 11114c7646f1ab24fb5c18f985bbcf29a8a79b
2025-10-08 12:13:30.404 [main] INFO  Unidad1.ejemplo.FileNuevo - 2556e2e618a35d6031b384f02732a46f783866
2025-10-08 12:13:30.404 [main] INFO  Unidad1.ejemplo.FileNuevo - 2f8848a38e6c565fe5589cf8ec22b3a8ec6067
2025-10-08 12:13:30.404 [main] INFO  Unidad1.ejemplo.FileNuevo - 5b489b0060a1b87ca419d02df108508be10329
2025-10-08 12:13:30.404 [main] INFO  Unidad1.ejemplo.FileNuevo - 947e6c8dac27172cc2807825eb3a1994e288b0
2025-10-08 12:13:30.404 [main] INFO  Unidad1.ejemplo.FileNuevo - 9c06133fe2df9537ecb11b571c22a723db524a
2025-10-08 12:13:30.404 [main] INFO  Unidad1.ejemplo.FileNuevo - 034e8067091bf1a57a005af115dea775b5e631
2025-10-08 12:13:30.404 [main] INFO  Unidad1.ejemplo.FileNuevo - 21e098b8af80dcd761c3542a8eb6aa4096feb1
2025-10-08 12:13:30.404 [main] INFO  Unidad1.ejemplo.FileNuevo - ab951d0bccda408fc7dd3211c44215e9bafcc1
2025-10-08 12:13:30.404 [main] INFO  Unidad1.ejemplo.FileNuevo - f127de922a82201bf857c1e4e520dd946085dc
2025-10-08 12:13:30.405 [main] INFO  Unidad1.ejemplo.FileNuevo - 2fbb874634df73604c47ce2f0101e9db83613a
2025-10-08 12:13:30.405 [main] INFO  Unidad1.ejemplo.FileNuevo - 53ba8da6629e8a17a4bf3fc820eb75476a1669
2025-10-08 12:13:30.405 [main] INFO  Unidad1.ejemplo.FileNuevo - 82bef26558ce8f6b62d74a0d219c9160d0ced9
2025-10-08 12:13:30.405 [main] INFO  Unidad1.ejemplo.FileNuevo - 066d91f6becdcc669b487a586415e282f5b00b
2025-10-08 12:13:30.405 [main] INFO  Unidad1.ejemplo.FileNuevo - 8084d82c7da8aa5d47f8070627c78bf3f770cc
2025-10-08 12:13:30.405 [main] INFO  Unidad1.ejemplo.FileNuevo - bcb75c00293ad10cda7464bb1173e0216186d8
2025-10-08 12:13:30.405 [main] INFO  Unidad1.ejemplo.FileNuevo - d3eab1f1970897a888ac1ee1a503a07fce5b0f
2025-10-08 12:13:30.405 [main] INFO  Unidad1.ejemplo.FileNuevo - f12aef80c291e1ab2fc487daf3e0cd64a67877
2025-10-08 12:13:30.405 [main] INFO  Unidad1.ejemplo.FileNuevo - 037383e93117e6e65532cbbb0033941d3da501
2025-10-08 12:13:30.405 [main] INFO  Unidad1.ejemplo.FileNuevo - 0b3d4e92913a3e2fdc8f715a14889fa0c3aaef
2025-10-08 12:13:30.405 [main] INFO  Unidad1.ejemplo.FileNuevo - 4b1e2406ec5418f2bb690251628dde11afa468
2025-10-08 12:13:30.405 [main] INFO  Unidad1.ejemplo.FileNuevo - 715b2aec8e390a63c3ed669cb96c1e284a846b
2025-10-08 12:13:30.405 [main] INFO  Unidad1.ejemplo.FileNuevo - d5d054245d8520e0b6f488ff65b004e8938d03
2025-10-08 12:13:30.405 [main] INFO  Unidad1.ejemplo.FileNuevo - e5af90135226c97caa120d6efec40d397453a6
2025-10-08 12:13:30.405 [main] INFO  Unidad1.ejemplo.FileNuevo - ee6591e86b44e500b39ebedf785c343a1e2ee4
2025-10-08 12:13:30.405 [main] INFO  Unidad1.ejemplo.FileNuevo - f06b3f6e5c0ae13f5c93c62af34fed46da5097
2025-10-08 12:13:30.407 [main] INFO  Unidad1.ejemplo.FileNuevo - fc85cf4378e451b1d77b6d083afa03b8ba61d1
2025-10-08 12:13:30.407 [main] INFO  Unidad1.ejemplo.FileNuevo - 11faf3158e9f44784358f6c88de7bf4d551e7c
2025-10-08 12:13:30.407 [main] INFO  Unidad1.ejemplo.FileNuevo - 152ec6da6e7999723067607c88d5906b1f3239
2025-10-08 12:13:30.407 [main] INFO  Unidad1.ejemplo.FileNuevo - 7a32df0e5708bdc65a1f187cdfd5d87f056875
2025-10-08 12:13:30.407 [main] INFO  Unidad1.ejemplo.FileNuevo - cf51db448ebe060a2f16d526291fec97abab2d
2025-10-08 12:13:30.407 [main] INFO  Unidad1.ejemplo.FileNuevo - 4312bb71001d72f730b8e2d7f2556da824b73e
2025-10-08 12:13:30.407 [main] INFO  Unidad1.ejemplo.FileNuevo - a81549f6ea86ebe9c82248b99b4229b5dd50a2
2025-10-08 12:13:30.407 [main] INFO  Unidad1.ejemplo.FileNuevo - b2a7f598e6a67be935db116af3f6e8d12ef85b
2025-10-08 12:13:30.407 [main] INFO  Unidad1.ejemplo.FileNuevo - bfe13f0e939c711bd9a708790ec46a9cbf4460
2025-10-08 12:13:30.407 [main] INFO  Unidad1.ejemplo.FileNuevo - 1376aad7f92d1fc4a2f8bff07140fdc0ee99f2
2025-10-08 12:13:30.407 [main] INFO  Unidad1.ejemplo.FileNuevo - 35e6490e5dc528da5c2d5046799e865f773a22
2025-10-08 12:13:30.407 [main] INFO  Unidad1.ejemplo.FileNuevo - 58842a8d00628383e4e615d04115c1d64291a4
2025-10-08 12:13:30.407 [main] INFO  Unidad1.ejemplo.FileNuevo - 9ad5cf6372d6663a2ddac8619939116ed8766e
2025-10-08 12:13:30.407 [main] INFO  Unidad1.ejemplo.FileNuevo - 28fdbf984b1c28f7c60d1798bb84569a9eea16
2025-10-08 12:13:30.407 [main] INFO  Unidad1.ejemplo.FileNuevo - 8c3e10e76ca9a03f06a1ae19957ba432a70898
2025-10-08 12:13:30.407 [main] INFO  Unidad1.ejemplo.FileNuevo - d906e16fd5a6b289b619c3a805cf104546328e
2025-10-08 12:13:30.407 [main] INFO  Unidad1.ejemplo.FileNuevo - 08ec8ef203f5cfc7ff2a4a1b0df1e5fa736327
2025-10-08 12:13:30.407 [main] INFO  Unidad1.ejemplo.FileNuevo - 12e06e54ed0841e86b4b4f70d528638bc35e3e
2025-10-08 12:13:30.407 [main] INFO  Unidad1.ejemplo.FileNuevo - 1c79ea14fd46e5da8228551da33ff632a55a83
2025-10-08 12:13:30.407 [main] INFO  Unidad1.ejemplo.FileNuevo - 40edbdbe1dafd5e7d9d39226e67b1b15663f7c
2025-10-08 12:13:30.408 [main] INFO  Unidad1.ejemplo.FileNuevo - fca904fe9fd4709d7f0415c64222848d74500a
2025-10-08 12:13:30.408 [main] INFO  Unidad1.ejemplo.FileNuevo - 5e12e8133193fa9610dffad614107a43fcd0c4
2025-10-08 12:13:30.408 [main] INFO  Unidad1.ejemplo.FileNuevo - 6cfb118b42b5f1883da6c26d5cc7d69f8760b3
2025-10-08 12:13:30.408 [main] INFO  Unidad1.ejemplo.FileNuevo - 73977663deef2d46b7979ceb11ed33e9e55291
2025-10-08 12:13:30.408 [main] INFO  Unidad1.ejemplo.FileNuevo - f697c7bb7a25e5d4b2b4749b88cb26b8aea493
2025-10-08 12:13:30.408 [main] INFO  Unidad1.ejemplo.FileNuevo - 593bcb3aebc2ade88c7a46352d704c08758d57
2025-10-08 12:13:30.408 [main] INFO  Unidad1.ejemplo.FileNuevo - 8a12f03d4f1d813c33e24f68f23caef714b1f2
2025-10-08 12:13:30.408 [main] INFO  Unidad1.ejemplo.FileNuevo - c372a2f7d13038d99d5d85d124a324475ed4da
2025-10-08 12:13:30.408 [main] INFO  Unidad1.ejemplo.FileNuevo - 650fb3b8a59bc1fc0441b9ab308c3ea2bf255a
2025-10-08 12:13:30.408 [main] INFO  Unidad1.ejemplo.FileNuevo - 6a2d4f18f8b89bceb2ad789365df7b50942550
2025-10-08 12:13:30.408 [main] INFO  Unidad1.ejemplo.FileNuevo - deafe4b7adb93bd6d0652589a97f296217207b
2025-10-08 12:13:30.408 [main] INFO  Unidad1.ejemplo.FileNuevo - 44cb46946684bfb7751c744fd3689eb5bf25e5
2025-10-08 12:13:30.408 [main] INFO  Unidad1.ejemplo.FileNuevo - 65ff813436f44fdc83ad24d5929e35b8a4ecf9
2025-10-08 12:13:30.408 [main] INFO  Unidad1.ejemplo.FileNuevo - 39ccee3c562df077e3bd05793a5abd9cc9e292
2025-10-08 12:13:30.408 [main] INFO  Unidad1.ejemplo.FileNuevo - 6a637bba9f13b2ae5b550f6698ebb8b4fe3757
2025-10-08 12:13:30.408 [main] INFO  Unidad1.ejemplo.FileNuevo - 364425af63be83810704185e043870a4d0aae0
2025-10-08 12:13:30.408 [main] INFO  Unidad1.ejemplo.FileNuevo - 56c5098776b7ed6259734eb43f49fd3522acaa
2025-10-08 12:13:30.408 [main] INFO  Unidad1.ejemplo.FileNuevo - 86cf1a4076bbe2b5360a1abfc22e912df62f03
2025-10-08 12:13:30.408 [main] INFO  Unidad1.ejemplo.FileNuevo - e2eb9adcfb2d3313ec85f5c28cedda950a3f9b
2025-10-08 12:13:30.409 [main] INFO  Unidad1.ejemplo.FileNuevo - 6dabff96191267ae899203af93d083b45b075c
2025-10-08 12:13:30.409 [main] INFO  Unidad1.ejemplo.FileNuevo - 25366ed7c82625b901b61c0ba3ff468f403e35
2025-10-08 12:13:30.409 [main] INFO  Unidad1.ejemplo.FileNuevo - 5de53d618d771958e84100eb2e42252aaac94f
2025-10-08 12:13:30.409 [main] INFO  Unidad1.ejemplo.FileNuevo - 8e626af962269375fbb48f5ef9e62c6f9c1a58
2025-10-08 12:13:30.409 [main] INFO  Unidad1.ejemplo.FileNuevo - b810de323f81d83797ae5f3c8bd83a3032689e
2025-10-08 12:13:30.409 [main] INFO  Unidad1.ejemplo.FileNuevo - c6d5247f19375b41b7cf83986c7847a52edbc9
2025-10-08 12:13:30.409 [main] INFO  Unidad1.ejemplo.FileNuevo - 1e2da1e853003933f655b221e0ae0694236c15
2025-10-08 12:13:30.409 [main] INFO  Unidad1.ejemplo.FileNuevo - 57a02205f0b7cd93c4289fe654fb2e5344afbb
2025-10-08 12:13:30.409 [main] INFO  Unidad1.ejemplo.FileNuevo - 737cf75173f746e0843ab2a615d53441ca6551
2025-10-08 12:13:30.409 [main] INFO  Unidad1.ejemplo.FileNuevo - a0fa0d44676a3ebb2dbe592459079907ae0e2f
2025-10-08 12:13:30.409 [main] INFO  Unidad1.ejemplo.FileNuevo - c0101019e05d09ac9375c14eecbca671592966
2025-10-08 12:13:30.409 [main] INFO  Unidad1.ejemplo.FileNuevo - c203adf69eee67fef6bb13190ccb9c9826caed
2025-10-08 12:13:30.409 [main] INFO  Unidad1.ejemplo.FileNuevo - 22ac0db3d05010aa7324031c6a5791cf72f227
2025-10-08 12:13:30.409 [main] INFO  Unidad1.ejemplo.FileNuevo - 4eaa539c5f4b0f916828ed253989682ceaf93c
2025-10-08 12:13:30.409 [main] INFO  Unidad1.ejemplo.FileNuevo - 8d67d4f5fb34933697161cf2843ea13257cff2
2025-10-08 12:13:30.409 [main] INFO  Unidad1.ejemplo.FileNuevo - 9801540415a53308eedc5fcc702e91359af3e7
2025-10-08 12:13:30.409 [main] INFO  Unidad1.ejemplo.FileNuevo - 187265420b1090f2f08c8866ab51da557ade78
2025-10-08 12:13:30.410 [main] INFO  Unidad1.ejemplo.FileNuevo - 6b6e13fdde393910075fc8eb333da1c1c74b6f
2025-10-08 12:13:30.410 [main] INFO  Unidad1.ejemplo.FileNuevo - c5a11ca2b8eca0f2d2eed2896dc4552c005814
2025-10-08 12:13:30.410 [main] INFO  Unidad1.ejemplo.FileNuevo - e227537008d074e5c39ea45b81d93c33adb8a1
2025-10-08 12:13:30.410 [main] INFO  Unidad1.ejemplo.FileNuevo - 2ec14bb2975351bae496b434e19bfc2f7c64ce
2025-10-08 12:13:30.410 [main] INFO  Unidad1.ejemplo.FileNuevo - 7d9e51df4117cd11347b90217b2c8f96498ed5
2025-10-08 12:13:30.410 [main] INFO  Unidad1.ejemplo.FileNuevo - 9a44bc064bbfbbf559f98c5d779037c963845d
2025-10-08 12:13:30.410 [main] INFO  Unidad1.ejemplo.FileNuevo - a0a55fe569f659796c863ce8c9756bcf68e2bf
2025-10-08 12:13:30.410 [main] INFO  Unidad1.ejemplo.FileNuevo - dda14a054492739232af7ce60ea333f192df9b
2025-10-08 12:13:30.410 [main] INFO  Unidad1.ejemplo.FileNuevo - 1868ae0cd233e7a1989c95fe3c93a55aa5f242
2025-10-08 12:13:30.410 [main] INFO  Unidad1.ejemplo.FileNuevo - 1fe88ca1dab8c7939bfaaa5b8d605bd362ebc3
2025-10-08 12:13:30.410 [main] INFO  Unidad1.ejemplo.FileNuevo - 6a5396f1141b8ed44275e748f14e40f575c394
2025-10-08 12:13:30.410 [main] INFO  Unidad1.ejemplo.FileNuevo - 6af82d818cb344807e8ced44ce9b93432ae239
2025-10-08 12:13:30.410 [main] INFO  Unidad1.ejemplo.FileNuevo - ed60372e1ffd2baeae479b4df2d61c7c9f3a62
2025-10-08 12:13:30.410 [main] INFO  Unidad1.ejemplo.FileNuevo - 8115492cbef3cb4cae896c46b4fd371cc71aab
2025-10-08 12:13:30.410 [main] INFO  Unidad1.ejemplo.FileNuevo - 313d4b25e4b826b5efa4bed06fd69068761519
2025-10-08 12:13:30.410 [main] INFO  Unidad1.ejemplo.FileNuevo - 4d7d12d4cb5bf374391ff1909888939e61eb94
2025-10-08 12:13:30.410 [main] INFO  Unidad1.ejemplo.FileNuevo - 71e393d643fa068ba7bdb62441a95dbb6cb023
2025-10-08 12:13:30.411 [main] INFO  Unidad1.ejemplo.FileNuevo - af8efd040e5a0d5cb93fe1676bd63bb7713893
2025-10-08 12:13:30.411 [main] INFO  Unidad1.ejemplo.FileNuevo - d71b73decd2d5eaefe86da764feb5faab94cb7
2025-10-08 12:13:30.411 [main] INFO  Unidad1.ejemplo.FileNuevo - de8c1e1c16c7824d7660d2e2eabbfe7dcbe904
2025-10-08 12:13:30.411 [main] INFO  Unidad1.ejemplo.FileNuevo - e50b6c285459799b6661683b6ca22e8d7ddb6c
2025-10-08 12:13:30.411 [main] INFO  Unidad1.ejemplo.FileNuevo - feccb3b0f7d2cb256d777a21bcd5145a999ed9
2025-10-08 12:13:30.411 [main] INFO  Unidad1.ejemplo.FileNuevo - 50ac9bb6a777c1559c6428850bb8d88047af3c
2025-10-08 12:13:30.411 [main] INFO  Unidad1.ejemplo.FileNuevo - 6c53f151bf27a16afdcdce18f4154bdfe705c7
2025-10-08 12:13:30.411 [main] INFO  Unidad1.ejemplo.FileNuevo - 3e2e2bff98c3e8c96e36b9b5cb4682f3b10343
2025-10-08 12:13:30.411 [main] INFO  Unidad1.ejemplo.FileNuevo - 7f8a5dae7fcf051cdff8786ab0bf30f9ddabbd
2025-10-08 12:13:30.411 [main] INFO  Unidad1.ejemplo.FileNuevo - a900b49ebcd794559dac86da7b2d6a8b960915
2025-10-08 12:13:30.411 [main] INFO  Unidad1.ejemplo.FileNuevo - fdd132608334fb68254e93887045efc40d4273
2025-10-08 12:13:30.411 [main] INFO  Unidad1.ejemplo.FileNuevo - 532620586caf0f7a511af7e0861c57b59a5ea7
2025-10-08 12:13:30.411 [main] INFO  Unidad1.ejemplo.FileNuevo - 6fb77e93ac8a536b5dbade616d63abd00626c5
2025-10-08 12:13:30.411 [main] INFO  Unidad1.ejemplo.FileNuevo - d2c65b095a9b2e77291b5ca9ea9beebd7b880c
2025-10-08 12:13:30.411 [main] INFO  Unidad1.ejemplo.FileNuevo - d3ead4fc5bdd3a2637ecf988269e4f99835226
2025-10-08 12:13:30.411 [main] INFO  Unidad1.ejemplo.FileNuevo - e021208cbb651fd0e70692d62da046312171dc
2025-10-08 12:13:30.411 [main] INFO  Unidad1.ejemplo.FileNuevo - 959722120ffd65aec3a57a8b0164439ef63f52
2025-10-08 12:13:30.411 [main] INFO  Unidad1.ejemplo.FileNuevo - a9b66394cf2f69c9b6ea7c5df6adcc0b9e65b9
2025-10-08 12:13:30.411 [main] INFO  Unidad1.ejemplo.FileNuevo - dce100799066081469085697e39f8f50ab64b3
2025-10-08 12:13:30.412 [main] INFO  Unidad1.ejemplo.FileNuevo - 3e504b687990b21bfc3501b81413fbb64ecaac
2025-10-08 12:13:30.412 [main] INFO  Unidad1.ejemplo.FileNuevo - 9330a10d9e878b5153b30a476f8d49bc475ce0
2025-10-08 12:13:30.412 [main] INFO  Unidad1.ejemplo.FileNuevo - 97c704c4e7d170187667b2f6f6eb7d0d9ad00a
2025-10-08 12:13:30.412 [main] INFO  Unidad1.ejemplo.FileNuevo - b993ac1fa3c64938968659462214c2df2af1ce
2025-10-08 12:13:30.412 [main] INFO  Unidad1.ejemplo.FileNuevo - ded8bb4884019e59812e7fade4cc1a2bd8248f
2025-10-08 12:13:30.412 [main] INFO  Unidad1.ejemplo.FileNuevo - ef089d54cc44ffdc45ff2a5c5893af219229ea
2025-10-08 12:13:30.412 [main] INFO  Unidad1.ejemplo.FileNuevo - ad82ce872ebf7a1c0ac025d98c9be641bcdd1d
2025-10-08 12:13:30.412 [main] INFO  Unidad1.ejemplo.FileNuevo - 583641da7d335990d81b47eca023f9bfa89119
2025-10-08 12:13:30.412 [main] INFO  Unidad1.ejemplo.FileNuevo - 623e9e7415fdf01ff9abe2fd2dcdce3ae1e213
2025-10-08 12:13:30.412 [main] INFO  Unidad1.ejemplo.FileNuevo - 629ff4185b6d7da23ad598fd9b69cd9879c9e7
2025-10-08 12:13:30.412 [main] INFO  Unidad1.ejemplo.FileNuevo - 63150409ea3bb349905e7d2cd8ab78827b90e8
2025-10-08 12:13:30.412 [main] INFO  Unidad1.ejemplo.FileNuevo - 8d977eab929bb4c2d98822c31e2c8f3d1e9d84
2025-10-08 12:13:30.412 [main] INFO  Unidad1.ejemplo.FileNuevo - ac3aac4fff1b76c0ff3f75b609b9915c54651d
2025-10-08 12:13:30.412 [main] INFO  Unidad1.ejemplo.FileNuevo - 4b51fcdf7357d04ed2ac24aa04875087d0d356
2025-10-08 12:13:30.412 [main] INFO  Unidad1.ejemplo.FileNuevo - 57345607a1b1d3957868fb58e368cecda4d853
2025-10-08 12:13:30.412 [main] INFO  Unidad1.ejemplo.FileNuevo - 2b7874944965bff68017b54d7e69781f70cd4f
2025-10-08 12:13:30.412 [main] INFO  Unidad1.ejemplo.FileNuevo - 3e655e6a992a0077e54fcba98ba332445f7024
2025-10-08 12:13:30.413 [main] INFO  Unidad1.ejemplo.FileNuevo - 6768ca9b70160604557b77738fcbf7132d7a89
2025-10-08 12:13:30.413 [main] INFO  Unidad1.ejemplo.FileNuevo - 89d907d6895b7afa97a709bf015807b221b95e
2025-10-08 12:13:30.413 [main] INFO  Unidad1.ejemplo.FileNuevo - 078eedb817e105c130ba6c5946c735368c34ac
2025-10-08 12:13:30.413 [main] INFO  Unidad1.ejemplo.FileNuevo - 0e727be5ce2dc48c7d4d86a401a2744e73c8c1
2025-10-08 12:13:30.413 [main] INFO  Unidad1.ejemplo.FileNuevo - aa765a5caaf211bb550a73738acf6277f041ff
2025-10-08 12:13:30.413 [main] INFO  Unidad1.ejemplo.FileNuevo - e863b68fa1c191137897218e6bdb22bb08e41a
2025-10-08 12:13:30.413 [main] INFO  Unidad1.ejemplo.FileNuevo - 2d3fb8b22af323263c8df9b9f70826bf27db2c
2025-10-08 12:13:30.413 [main] INFO  Unidad1.ejemplo.FileNuevo - 4c1085bc8b3751f467b57822e675cab4b16842
2025-10-08 12:13:30.413 [main] INFO  Unidad1.ejemplo.FileNuevo - 63b97ebf42b0ef4b6c5e9da3d05b54550a6908
2025-10-08 12:13:30.413 [main] INFO  Unidad1.ejemplo.FileNuevo - 7a9695bebe5a7073664f2530338bb929021349
2025-10-08 12:13:30.413 [main] INFO  Unidad1.ejemplo.FileNuevo - 8fd5d9c7c86bdc34fccbfb5fcee4e23b1939ec
2025-10-08 12:13:30.413 [main] INFO  Unidad1.ejemplo.FileNuevo - b37281ed97c38c1c2605257ff4cc1d6775b394
2025-10-08 12:13:30.413 [main] INFO  Unidad1.ejemplo.FileNuevo - c4d9b516aa8eefe4c5b75ed1b71bba22fbe252
2025-10-08 12:13:30.413 [main] INFO  Unidad1.ejemplo.FileNuevo - cc60115ac3cc9a3c0523ea39fee6f30c5e91d3
2025-10-08 12:13:30.413 [main] INFO  Unidad1.ejemplo.FileNuevo - cef3c401eb3e0db791285e5d6846889f8fbe41
2025-10-08 12:13:30.413 [main] INFO  Unidad1.ejemplo.FileNuevo - d621dee481f877bfac57b50b6dc101824bec9c
2025-10-08 12:13:30.413 [main] INFO  Unidad1.ejemplo.FileNuevo - 37c9d2ebcac8d12735cb341ed1f2a0bd3c7624
2025-10-08 12:13:30.413 [main] INFO  Unidad1.ejemplo.FileNuevo - 3a946aa20c42779322df7a03fd9c8f820ca5f2
2025-10-08 12:13:30.413 [main] INFO  Unidad1.ejemplo.FileNuevo - 4ca3dadb61f6fba8a5745fda5795b028bb476f
2025-10-08 12:13:30.413 [main] INFO  Unidad1.ejemplo.FileNuevo - 614b7a68ebc51ecf3de1debe10b4a1b3ab3bbb
2025-10-08 12:13:30.413 [main] INFO  Unidad1.ejemplo.FileNuevo - 7456cbd78ce5f217c9df7147f5336a5146dc7a
2025-10-08 12:13:30.413 [main] INFO  Unidad1.ejemplo.FileNuevo - e455196560ac41f5d953f223a2f48890eec39b
2025-10-08 12:13:30.413 [main] INFO  Unidad1.ejemplo.FileNuevo - faf0b538766bf0e65c5b87b09008e147d39c71
2025-10-08 12:13:30.413 [main] INFO  Unidad1.ejemplo.FileNuevo - 57e35cc5a88e513e22b0dc917f0278b7b20755
2025-10-08 12:13:30.413 [main] INFO  Unidad1.ejemplo.FileNuevo - 6ca440dad3696eb6f823e0ce51feadff79d857
2025-10-08 12:13:30.414 [main] INFO  Unidad1.ejemplo.FileNuevo - 9f36373b5c5a08b8e92f5989fa6c4aae12a2c9
2025-10-08 12:13:30.414 [main] INFO  Unidad1.ejemplo.FileNuevo - 7fc706f2d6b863d0c9628d5e499dc0daa8318b
2025-10-08 12:13:30.414 [main] INFO  Unidad1.ejemplo.FileNuevo - 3f3caf34a58ad2718f1b920eacc86431bf9697
2025-10-08 12:13:30.414 [main] INFO  Unidad1.ejemplo.FileNuevo - 856a567b68345ce751a0838de01a1c44b51b44
2025-10-08 12:13:30.414 [main] INFO  Unidad1.ejemplo.FileNuevo - 9de29bb2d1d6434b8b29ae775ad8c2e48c5391
2025-10-08 12:13:30.414 [main] INFO  Unidad1.ejemplo.FileNuevo - c5d0235c1cdd61c9f9fb7c9acee0cda813b473
2025-10-08 12:13:30.414 [main] INFO  Unidad1.ejemplo.FileNuevo - a1bda9f47f36f4fe926471d11d8b58121a2bcc
2025-10-08 12:13:30.414 [main] INFO  Unidad1.ejemplo.FileNuevo - 55a7edce3fe397ec998d775a4b614875916537
2025-10-08 12:13:30.414 [main] INFO  Unidad1.ejemplo.FileNuevo - ee56d41cc43a3ccb7e075e21b6c9fdc47716f1
2025-10-08 12:13:30.414 [main] INFO  Unidad1.ejemplo.FileNuevo - 319244b47e7a43bc794b535a84cdc441a31dca
2025-10-08 12:13:30.414 [main] INFO  Unidad1.ejemplo.FileNuevo - 39b0952bf25e41b51e4faec8496ba1a724c49d
2025-10-08 12:13:30.414 [main] INFO  Unidad1.ejemplo.FileNuevo - a7e54f58a098a955f32f399d6cd7f3da1ee004
2025-10-08 12:13:30.414 [main] INFO  Unidad1.ejemplo.FileNuevo - ce1ad95fdb302f235465317ac4601d90f7d0a8
2025-10-08 12:13:30.414 [main] INFO  Unidad1.ejemplo.FileNuevo - fb4da3dbfe206c646e42f37c6f73164466d405
2025-10-08 12:13:30.414 [main] INFO  Unidad1.ejemplo.FileNuevo - 386f008ba7725423acac34ca5ebc0389707ab4
2025-10-08 12:13:30.414 [main] INFO  Unidad1.ejemplo.FileNuevo - 5514e687c93c161080eb5274b8804711fe6533
2025-10-08 12:13:30.416 [main] INFO  Unidad1.ejemplo.FileNuevo - d72ba7d87f667c8948b796ddb537abcf4b33e8
2025-10-08 12:13:30.416 [main] INFO  Unidad1.ejemplo.FileNuevo - f667f625fde90cd9edf041aa763cdbd9b09dc7
2025-10-08 12:13:30.416 [main] INFO  Unidad1.ejemplo.FileNuevo - fef54a1b8cc625ee7f1af9995486a27885fa12
2025-10-08 12:13:30.416 [main] INFO  Unidad1.ejemplo.FileNuevo - 30b0bb4cfceb94f43c26e8ea73b4f6a199bc74
2025-10-08 12:13:30.416 [main] INFO  Unidad1.ejemplo.FileNuevo - 3b726886b1859e6bd977524f6a3e69b26c0c72
2025-10-08 12:13:30.416 [main] INFO  Unidad1.ejemplo.FileNuevo - e2b11458e2f59f9773b9f8969a35330dcd49db
2025-10-08 12:13:30.416 [main] INFO  Unidad1.ejemplo.FileNuevo - 3775de38a423513725b9c35be7dfccf3b47a65
2025-10-08 12:13:30.416 [main] INFO  Unidad1.ejemplo.FileNuevo - e87e3287274ef1ceaebd87c9d931d0e32242d9
2025-10-08 12:13:30.416 [main] INFO  Unidad1.ejemplo.FileNuevo - e93dd209e1804e26db0e6c654ef667d2ca8aa0
2025-10-08 12:13:30.416 [main] INFO  Unidad1.ejemplo.FileNuevo - fd7c585427bcd65deacc19547062a6561dd4cb
2025-10-08 12:13:30.416 [main] INFO  Unidad1.ejemplo.FileNuevo - 277060d23c0366ba9fbb3de4245f82721565ec
2025-10-08 12:13:30.416 [main] INFO  Unidad1.ejemplo.FileNuevo - 961d7c1c7ccf80df8d5475e7aeb35d57dc8d1a
2025-10-08 12:13:30.416 [main] INFO  Unidad1.ejemplo.FileNuevo - bf2bc4a44c1cfe1ef88fcc157248a698924e9b
2025-10-08 12:13:30.416 [main] INFO  Unidad1.ejemplo.FileNuevo - d160ec9c17c782586ae65c91448b4a36a9c3b3
2025-10-08 12:13:30.416 [main] INFO  Unidad1.ejemplo.FileNuevo - 1967886a6702f7c0988171cb582a2db1e941b3
2025-10-08 12:13:30.416 [main] INFO  Unidad1.ejemplo.FileNuevo - 3543c4badf98e9201b573b5a9bc9c894582b46
2025-10-08 12:13:30.416 [main] INFO  Unidad1.ejemplo.FileNuevo - 828dca6aea51e8e4ad6e7dd2ceb447c7845541
2025-10-08 12:13:30.416 [main] INFO  Unidad1.ejemplo.FileNuevo - 91f35909f6b11ebd91299d4adb4e4b23adae46
2025-10-08 12:13:30.416 [main] INFO  Unidad1.ejemplo.FileNuevo - 9334582d7d54b75528fa8ef8b5f9da53e8476a
2025-10-08 12:13:30.416 [main] INFO  Unidad1.ejemplo.FileNuevo - ca37838b2444da007a17beede38ac602467377
2025-10-08 12:13:30.416 [main] INFO  Unidad1.ejemplo.FileNuevo - 11a899e8e0f2b65988efdeff45be968e3ba956
2025-10-08 12:13:30.417 [main] INFO  Unidad1.ejemplo.FileNuevo - 06221c22902a456abf39b468543ec236ecebe9
2025-10-08 12:13:30.417 [main] INFO  Unidad1.ejemplo.FileNuevo - 3777ab0420fa0c7e1852039ccc16a13ac839f5
2025-10-08 12:13:30.417 [main] INFO  Unidad1.ejemplo.FileNuevo - 71927833edf8bc4a9c8fa16291a17f98512c1d
2025-10-08 12:13:30.417 [main] INFO  Unidad1.ejemplo.FileNuevo - a78849e7d60f9281a11aa32e9028e2488a1437
2025-10-08 12:13:30.417 [main] INFO  Unidad1.ejemplo.FileNuevo - c78a1411313fde50ddd10413755fbb6e6eb855
2025-10-08 12:13:30.417 [main] INFO  Unidad1.ejemplo.FileNuevo - 209aa3e2ec6b5c057588d9553247ee040918d3
2025-10-08 12:13:30.417 [main] INFO  Unidad1.ejemplo.FileNuevo - 3d85ee8df6502d9ba5695dbf4e1a9520a50726
2025-10-08 12:13:30.417 [main] INFO  Unidad1.ejemplo.FileNuevo - a637d68c4b917d9841fe80b1b81f9dff1d39bc
2025-10-08 12:13:30.417 [main] INFO  Unidad1.ejemplo.FileNuevo - a92d28ca073fcb281bf429be474041caa12a1d
2025-10-08 12:13:30.417 [main] INFO  Unidad1.ejemplo.FileNuevo - d7546df96b6eb603d4836bed2ce815b55a2814
2025-10-08 12:13:30.417 [main] INFO  Unidad1.ejemplo.FileNuevo - f53ffe5a1eea3c3b0bb98c2ea8718cae28df83
2025-10-08 12:13:30.417 [main] INFO  Unidad1.ejemplo.FileNuevo - 10f237555f49f9d15c173e8508964fa8bce964
2025-10-08 12:13:30.417 [main] INFO  Unidad1.ejemplo.FileNuevo - 4f06e0fe9f6dcf14e60278b4c34b81edb45d5d
2025-10-08 12:13:30.417 [main] INFO  Unidad1.ejemplo.FileNuevo - 26227d483819a5c38f875b9129a1f642bc278e
2025-10-08 12:13:30.417 [main] INFO  Unidad1.ejemplo.FileNuevo - 95b7dc32c4b340f18645e948401250d09ce201
2025-10-08 12:13:30.417 [main] INFO  Unidad1.ejemplo.FileNuevo - 9c0885c40c5567c8afc66dbe1c959ec2f6e7ea
2025-10-08 12:13:30.417 [main] INFO  Unidad1.ejemplo.FileNuevo - 08c8ed65f800edc671ab0ca868490f546a91c3
2025-10-08 12:13:30.417 [main] INFO  Unidad1.ejemplo.FileNuevo - 6e37280a336e156d63e54f5e2f0bed5b985076
2025-10-08 12:13:30.417 [main] INFO  Unidad1.ejemplo.FileNuevo - 7f23fa59e53aeff32f5c637517d016ac013265
2025-10-08 12:13:30.417 [main] INFO  Unidad1.ejemplo.FileNuevo - 8756eeb2cee27a030113aad32053a20f946997
2025-10-08 12:13:30.417 [main] INFO  Unidad1.ejemplo.FileNuevo - ec096176d13da410cba10beb3306671c20175f
2025-10-08 12:13:30.418 [main] INFO  Unidad1.ejemplo.FileNuevo - 1dc7d7fc6d5cd13ae34da116c4962fc058e5a2
2025-10-08 12:13:30.418 [main] INFO  Unidad1.ejemplo.FileNuevo - 62dd12160916380ceeb1921694b9d36c9fd4e5
2025-10-08 12:13:30.418 [main] INFO  Unidad1.ejemplo.FileNuevo - 401145784eb5c0fc62acdecb9ae77dc246ed4d
2025-10-08 12:13:30.418 [main] INFO  Unidad1.ejemplo.FileNuevo - 44324ee44271ff4c129fea8e5c634cf64a2b9f
2025-10-08 12:13:30.418 [main] INFO  Unidad1.ejemplo.FileNuevo - 5638fb772b50c4b88730209b04c84f1543b53f
2025-10-08 12:13:30.418 [main] INFO  Unidad1.ejemplo.FileNuevo - 70f1a9c2b7d82d6950e2614406c9f5edbe0c0a
2025-10-08 12:13:30.418 [main] INFO  Unidad1.ejemplo.FileNuevo - ab241a8b7dc299e20ca3a142358bb70bc558bb
2025-10-08 12:13:30.418 [main] INFO  Unidad1.ejemplo.FileNuevo - c295cd08db05940817e9d2c5c5cb3f854ecec6
2025-10-08 12:13:30.418 [main] INFO  Unidad1.ejemplo.FileNuevo - 18767053648708a56dd2bbfa6578570e20eca9
2025-10-08 12:13:30.418 [main] INFO  Unidad1.ejemplo.FileNuevo - 6c80a1589d36b9cbcc7a8636504fac1abf4048
2025-10-08 12:13:30.418 [main] INFO  Unidad1.ejemplo.FileNuevo - 9d1079cf1cb54a6554665d105b338572549352
2025-10-08 12:13:30.418 [main] INFO  Unidad1.ejemplo.FileNuevo - df5175887e67a084a475553bdfeaea6453f8a4
2025-10-08 12:13:30.418 [main] INFO  Unidad1.ejemplo.FileNuevo - fedcfe53eada060bda86947f2dcc36aac982bb
2025-10-08 12:13:30.418 [main] INFO  Unidad1.ejemplo.FileNuevo - 59d1756346910160b0f5fc08105778bc4d46ff
2025-10-08 12:13:30.418 [main] INFO  Unidad1.ejemplo.FileNuevo - 97a7f1cb2389f85fe6381425d29f0a9866fb65
2025-10-08 12:13:30.418 [main] INFO  Unidad1.ejemplo.FileNuevo - b1faf12c6b605d9c9cec06f23acc45ff03b136
2025-10-08 12:13:30.418 [main] INFO  Unidad1.ejemplo.FileNuevo - f79d6c54db7b5cb367af39c96be28fbee71fbd
2025-10-08 12:13:30.418 [main] INFO  Unidad1.ejemplo.FileNuevo - fd009e96b366191193febee3949ec2118cbc1e
2025-10-08 12:13:30.418 [main] INFO  Unidad1.ejemplo.FileNuevo - 24f91a0f8f8f859e07fc57c731c5566d90f193
2025-10-08 12:13:30.418 [main] INFO  Unidad1.ejemplo.FileNuevo - cb162687976abfca39b6447e6adbab800c10d2
2025-10-08 12:13:30.418 [main] INFO  Unidad1.ejemplo.FileNuevo - f41baa251dc174761462638df59d247d4ae0e1
2025-10-08 12:13:30.419 [main] INFO  Unidad1.ejemplo.FileNuevo - 019bf1c420ff5ad4c250d26d7500e4c809eca5
2025-10-08 12:13:30.419 [main] INFO  Unidad1.ejemplo.FileNuevo - 12695cf94cd8cf1fae1737bd6919e7405edfef
2025-10-08 12:13:30.419 [main] INFO  Unidad1.ejemplo.FileNuevo - 48fcb4c52ad70e3717af7acb9f2f1d80d0c2df
2025-10-08 12:13:30.419 [main] INFO  Unidad1.ejemplo.FileNuevo - 66c357c85ca1660f860e0b252dd603328fadbd
2025-10-08 12:13:30.419 [main] INFO  Unidad1.ejemplo.FileNuevo - d1d0db4e6f98f7b66318af8ce54ce49410a235
2025-10-08 12:13:30.419 [main] INFO  Unidad1.ejemplo.FileNuevo - 02ff25cc16562675bb74681850f386783a66f9
2025-10-08 12:13:30.419 [main] INFO  Unidad1.ejemplo.FileNuevo - a6d68d547258be15cd78fdbcb5568d14edac7f
2025-10-08 12:13:30.419 [main] INFO  Unidad1.ejemplo.FileNuevo - d6e733ab0604e8b7f2c25364b12a868825a070
2025-10-08 12:13:30.419 [main] INFO  Unidad1.ejemplo.FileNuevo - 0aa3e623e2d5b39fd844d83684b6ec4f1b95fc
2025-10-08 12:13:30.419 [main] INFO  Unidad1.ejemplo.FileNuevo - 4d0b068c872dd298bea3dedfd2fe8c116830c3
2025-10-08 12:13:30.419 [main] INFO  Unidad1.ejemplo.FileNuevo - e6fdacc7e44bf1b68aad4c0b5d3959735c352d
2025-10-08 12:13:30.419 [main] INFO  Unidad1.ejemplo.FileNuevo - 0186e2947aec32678e8e249985a819e6bdd86e
2025-10-08 12:13:30.419 [main] INFO  Unidad1.ejemplo.FileNuevo - 8caba89cfe13625e1f67a685a404348b38aebf
2025-10-08 12:13:30.419 [main] INFO  Unidad1.ejemplo.FileNuevo - dcab4d933093616db2a21ddc2f18f1c01228a4
2025-10-08 12:13:30.420 [main] INFO  Unidad1.ejemplo.FileNuevo - master
2025-10-08 12:13:30.420 [main] INFO  Unidad1.ejemplo.FileNuevo - master
2025-10-08 12:13:30.420 [main] INFO  Unidad1.ejemplo.FileNuevo - .gitignore
2025-10-08 12:13:30.420 [main] INFO  Unidad1.ejemplo.FileNuevo - .bak_0.log
2025-10-08 12:13:30.420 [main] INFO  Unidad1.ejemplo.FileNuevo - .bak_1.log
2025-10-08 12:13:30.420 [main] INFO  Unidad1.ejemplo.FileNuevo - .bak_2.log
2025-10-08 12:13:30.420 [main] INFO  Unidad1.ejemplo.FileNuevo - .bak_3.log
2025-10-08 12:13:30.420 [main] INFO  Unidad1.ejemplo.FileNuevo - .bak_4.log
2025-10-08 12:13:30.420 [main] INFO  Unidad1.ejemplo.FileNuevo - .bak_5.log
2025-10-08 12:13:30.420 [main] INFO  Unidad1.ejemplo.FileNuevo - .bak_6.log
2025-10-08 12:13:30.420 [main] INFO  Unidad1.ejemplo.FileNuevo - .bak_7.log
2025-10-08 12:13:30.420 [main] INFO  Unidad1.ejemplo.FileNuevo - .bak_8.log
2025-10-08 12:13:30.420 [main] INFO  Unidad1.ejemplo.FileNuevo - .bak_9.log
2025-10-08 12:13:30.420 [main] INFO  Unidad1.ejemplo.FileNuevo - .lock
2025-10-08 12:13:30.420 [main] INFO  Unidad1.ejemplo.FileNuevo - .lock_info
2025-10-08 12:13:30.420 [main] INFO  Unidad1.ejemplo.FileNuevo - .log
2025-10-08 12:13:30.420 [main] INFO  Unidad1.ejemplo.FileNuevo - .tasks.xml.zip
2025-10-08 12:13:30.421 [main] INFO  Unidad1.ejemplo.FileNuevo - repositories.xml.zip
2025-10-08 12:13:30.421 [main] INFO  Unidad1.ejemplo.FileNuevo - tasks.xml.zip
2025-10-08 12:13:30.421 [main] INFO  Unidad1.ejemplo.FileNuevo - versions.json
2025-10-08 12:13:30.422 [main] INFO  Unidad1.ejemplo.FileNuevo - 40bb4aa3ad9e001015b2da57bac9e46b
2025-10-08 12:13:30.422 [main] INFO  Unidad1.ejemplo.FileNuevo - 4076f2d591a200101152860d73a4f125
2025-10-08 12:13:30.422 [main] INFO  Unidad1.ejemplo.FileNuevo - 104c02fa85a200101152860d73a4f125
2025-10-08 12:13:30.422 [main] INFO  Unidad1.ejemplo.FileNuevo - 50bc8f0290a200101152860d73a4f125
2025-10-08 12:13:30.422 [main] INFO  Unidad1.ejemplo.FileNuevo - 1071eb4bac9e001015b2da57bac9e46b
2025-10-08 12:13:30.422 [main] INFO  Unidad1.ejemplo.FileNuevo - 6082406989a200101152860d73a4f125
2025-10-08 12:13:30.422 [main] INFO  Unidad1.ejemplo.FileNuevo - d06ca33f63a3001014fe9a304d2b845b
2025-10-08 12:13:30.422 [main] INFO  Unidad1.ejemplo.FileNuevo - e03071c7a29e001015b2da57bac9e46b
2025-10-08 12:13:30.422 [main] INFO  Unidad1.ejemplo.FileNuevo - 40fdb49989a200101152860d73a4f125
2025-10-08 12:13:30.422 [main] INFO  Unidad1.ejemplo.FileNuevo - 503db8b45ba3001014fe9a304d2b845b
2025-10-08 12:13:30.422 [main] INFO  Unidad1.ejemplo.FileNuevo - 90a4234988a200101152860d73a4f125
2025-10-08 12:13:30.423 [main] INFO  Unidad1.ejemplo.FileNuevo - 008836f2b39e001015b2da57bac9e46b
2025-10-08 12:13:30.423 [main] INFO  Unidad1.ejemplo.FileNuevo - f058d62486a200101152860d73a4f125
2025-10-08 12:13:30.423 [main] INFO  Unidad1.ejemplo.FileNuevo - 609f499785a200101152860d73a4f125
2025-10-08 12:13:30.423 [main] INFO  Unidad1.ejemplo.FileNuevo - 00b8c95f89a200101152860d73a4f125
2025-10-08 12:13:30.423 [main] INFO  Unidad1.ejemplo.FileNuevo - 10931bbbae9e001015b2da57bac9e46b
2025-10-08 12:13:30.423 [main] INFO  Unidad1.ejemplo.FileNuevo - d02f24bcb69e001015b2da57bac9e46b
2025-10-08 12:13:30.423 [main] INFO  Unidad1.ejemplo.FileNuevo - 904fcc8c87a200101152860d73a4f125
2025-10-08 12:13:30.423 [main] INFO  Unidad1.ejemplo.FileNuevo - 90702f7fb59e001015b2da57bac9e46b
2025-10-08 12:13:30.424 [main] INFO  Unidad1.ejemplo.FileNuevo - 30d21b5e8fa200101152860d73a4f125
2025-10-08 12:13:30.424 [main] INFO  Unidad1.ejemplo.FileNuevo - 30e82345ac9e001015b2da57bac9e46b
2025-10-08 12:13:30.424 [main] INFO  Unidad1.ejemplo.FileNuevo - 00f0de1d92a200101152860d73a4f125
2025-10-08 12:13:30.424 [main] INFO  Unidad1.ejemplo.FileNuevo - a042f46b87a200101152860d73a4f125
2025-10-08 12:13:30.424 [main] INFO  Unidad1.ejemplo.FileNuevo - 9010880bae9e001015b2da57bac9e46b
2025-10-08 12:13:30.424 [main] INFO  Unidad1.ejemplo.FileNuevo - c0e3f680ad9e001015b2da57bac9e46b
2025-10-08 12:13:30.424 [main] INFO  Unidad1.ejemplo.FileNuevo - 80a3b35eac9e001015b2da57bac9e46b
2025-10-08 12:13:30.424 [main] INFO  Unidad1.ejemplo.FileNuevo - 50918465a39e001015b2da57bac9e46b
2025-10-08 12:13:30.425 [main] INFO  Unidad1.ejemplo.FileNuevo - 100dcc6e2fa400101ad9cf4fbdd2aef3
2025-10-08 12:13:30.425 [main] INFO  Unidad1.ejemplo.FileNuevo - 10153bee61a3001014fe9a304d2b845b
2025-10-08 12:13:30.425 [main] INFO  Unidad1.ejemplo.FileNuevo - 50f056298ca200101152860d73a4f125
2025-10-08 12:13:30.425 [main] INFO  Unidad1.ejemplo.FileNuevo - d00bc9e788a200101152860d73a4f125
2025-10-08 12:13:30.425 [main] INFO  Unidad1.ejemplo.FileNuevo - 70e23132b39e001015b2da57bac9e46b
2025-10-08 12:13:30.425 [main] INFO  Unidad1.ejemplo.FileNuevo - 0028574691a200101152860d73a4f125
2025-10-08 12:13:30.425 [main] INFO  Unidad1.ejemplo.FileNuevo - 00f2c2aa88a200101152860d73a4f125
2025-10-08 12:13:30.425 [main] INFO  Unidad1.ejemplo.FileNuevo - 20c9dbbf62a3001014fe9a304d2b845b
2025-10-08 12:13:30.426 [main] INFO  Unidad1.ejemplo.FileNuevo - 30bd5d0b88a200101152860d73a4f125
2025-10-08 12:13:30.426 [main] INFO  Unidad1.ejemplo.FileNuevo - b0c4442988a200101152860d73a4f125
2025-10-08 12:13:30.426 [main] INFO  Unidad1.ejemplo.FileNuevo - 00b9cb0586a200101152860d73a4f125
2025-10-08 12:13:30.426 [main] INFO  Unidad1.ejemplo.FileNuevo - 802f0386e69d00101231de45aae18b29
2025-10-08 12:13:30.426 [main] INFO  Unidad1.ejemplo.FileNuevo - b0e4674b87a200101152860d73a4f125
2025-10-08 12:13:30.426 [main] INFO  Unidad1.ejemplo.FileNuevo - 90bfeec2ae9e001015b2da57bac9e46b
2025-10-08 12:13:30.426 [main] INFO  Unidad1.ejemplo.FileNuevo - 904cdf8d8fa200101152860d73a4f125
2025-10-08 12:13:30.426 [main] INFO  Unidad1.ejemplo.FileNuevo - d00ad823ac9e001015b2da57bac9e46b
2025-10-08 12:13:30.426 [main] INFO  Unidad1.ejemplo.FileNuevo - 3063fa0d5ba3001014fe9a304d2b845b
2025-10-08 12:13:30.427 [main] INFO  Unidad1.ejemplo.FileNuevo - d01d5a70a29e001015b2da57bac9e46b
2025-10-08 12:13:30.427 [main] INFO  Unidad1.ejemplo.FileNuevo - a0ccedbbad9e001015b2da57bac9e46b
2025-10-08 12:13:30.427 [main] INFO  Unidad1.ejemplo.FileNuevo - e06cf6a090a200101152860d73a4f125
2025-10-08 12:13:30.427 [main] INFO  Unidad1.ejemplo.FileNuevo - 20c8c13f90a200101152860d73a4f125
2025-10-08 12:13:30.427 [main] INFO  Unidad1.ejemplo.FileNuevo - 201e322e2fa400101ad9cf4fbdd2aef3
2025-10-08 12:13:30.427 [main] INFO  Unidad1.ejemplo.FileNuevo - 5096b9b088a200101152860d73a4f125
2025-10-08 12:13:30.428 [main] INFO  Unidad1.ejemplo.FileNuevo - d08a4ce088a200101152860d73a4f125
2025-10-08 12:13:30.428 [main] INFO  Unidad1.ejemplo.FileNuevo - a0c0a71589a200101152860d73a4f125
2025-10-08 12:13:30.428 [main] INFO  Unidad1.ejemplo.FileNuevo - 60d53a32ae9e001015b2da57bac9e46b
2025-10-08 12:13:30.428 [main] INFO  Unidad1.ejemplo.FileNuevo - c0fb9c77a39e001015b2da57bac9e46b
2025-10-08 12:13:30.428 [main] INFO  Unidad1.ejemplo.FileNuevo - 50fbeaed87a200101152860d73a4f125
2025-10-08 12:13:30.428 [main] INFO  Unidad1.ejemplo.FileNuevo - 70582ed288a200101152860d73a4f125
2025-10-08 12:13:30.428 [main] INFO  Unidad1.ejemplo.FileNuevo - 70a7c66bac9e001015b2da57bac9e46b
2025-10-08 12:13:30.428 [main] INFO  Unidad1.ejemplo.FileNuevo - b0843115a39e001015b2da57bac9e46b
2025-10-08 12:13:30.429 [main] INFO  Unidad1.ejemplo.FileNuevo - c0c708a75aa3001014fe9a304d2b845b
2025-10-08 12:13:30.429 [main] INFO  Unidad1.ejemplo.FileNuevo - f017747489a200101152860d73a4f125
2025-10-08 12:13:30.429 [main] INFO  Unidad1.ejemplo.FileNuevo - 20aa603b4fa300101805e67faad3a4fa
2025-10-08 12:13:30.430 [main] INFO  Unidad1.ejemplo.FileNuevo - 20c1d9355ba3001014fe9a304d2b845b
2025-10-08 12:13:30.430 [main] INFO  Unidad1.ejemplo.FileNuevo - e0d92fbab69e001015b2da57bac9e46b
2025-10-08 12:13:30.430 [main] INFO  Unidad1.ejemplo.FileNuevo - 10a1322aac9e001015b2da57bac9e46b
2025-10-08 12:13:30.430 [main] INFO  Unidad1.ejemplo.FileNuevo - 907663cf62a3001014fe9a304d2b845b
2025-10-08 12:13:30.430 [main] INFO  Unidad1.ejemplo.FileNuevo - 4066feb2a39e001015b2da57bac9e46b
2025-10-08 12:13:30.430 [main] INFO  Unidad1.ejemplo.FileNuevo - a04e96df92a200101152860d73a4f125
2025-10-08 12:13:30.430 [main] INFO  Unidad1.ejemplo.FileNuevo - 30edd8c892a200101152860d73a4f125
2025-10-08 12:13:30.431 [main] INFO  Unidad1.ejemplo.FileNuevo - 608abedeaf9e001015b2da57bac9e46b
2025-10-08 12:13:30.431 [main] INFO  Unidad1.ejemplo.FileNuevo - e040f8b4e79d00101231de45aae18b29
2025-10-08 12:13:30.431 [main] INFO  Unidad1.ejemplo.FileNuevo - 80994587b59e001015b2da57bac9e46b
2025-10-08 12:13:30.431 [main] INFO  Unidad1.ejemplo.FileNuevo - a002a5ab4ea300101805e67faad3a4fa
2025-10-08 12:13:30.431 [main] INFO  Unidad1.ejemplo.FileNuevo - d092c1bf90a200101152860d73a4f125
2025-10-08 12:13:30.431 [main] INFO  Unidad1.ejemplo.FileNuevo - 80d481d0a49e001015b2da57bac9e46b
2025-10-08 12:13:30.431 [main] INFO  Unidad1.ejemplo.FileNuevo - a0b0f10d5ba3001014fe9a304d2b845b
2025-10-08 12:13:30.431 [main] INFO  Unidad1.ejemplo.FileNuevo - 108f8ff285a200101152860d73a4f125
2025-10-08 12:13:30.432 [main] INFO  Unidad1.ejemplo.FileNuevo - 301cfd06e89d00101231de45aae18b29
2025-10-08 12:13:30.432 [main] INFO  Unidad1.ejemplo.FileNuevo - 40325a3ca29e001015b2da57bac9e46b
2025-10-08 12:13:30.432 [main] INFO  Unidad1.ejemplo.FileNuevo - e0a94711af9e001015b2da57bac9e46b
2025-10-08 12:13:30.432 [main] INFO  Unidad1.ejemplo.FileNuevo - 302f67d6ae9e001015b2da57bac9e46b
2025-10-08 12:13:30.432 [main] INFO  Unidad1.ejemplo.FileNuevo - 002a1a93b59e001015b2da57bac9e46b
2025-10-08 12:13:30.432 [main] INFO  Unidad1.ejemplo.FileNuevo - 70156acd8fa200101152860d73a4f125
2025-10-08 12:13:30.432 [main] INFO  Unidad1.ejemplo.FileNuevo - 409fed195ba3001014fe9a304d2b845b
2025-10-08 12:13:30.432 [main] INFO  Unidad1.ejemplo.FileNuevo - 7041d0348ca200101152860d73a4f125
2025-10-08 12:13:30.433 [main] INFO  Unidad1.ejemplo.FileNuevo - b034d82fe79d00101231de45aae18b29
2025-10-08 12:13:30.433 [main] INFO  Unidad1.ejemplo.FileNuevo - 104695b286a200101152860d73a4f125
2025-10-08 12:13:30.433 [main] INFO  Unidad1.ejemplo.FileNuevo - c073fca891a200101152860d73a4f125
2025-10-08 12:13:30.433 [main] INFO  Unidad1.ejemplo.FileNuevo - 40c1c0e25ba3001014fe9a304d2b845b
2025-10-08 12:13:30.433 [main] INFO  Unidad1.ejemplo.FileNuevo - d0ee5027b59e001015b2da57bac9e46b
2025-10-08 12:13:30.433 [main] INFO  Unidad1.ejemplo.FileNuevo - 409d4c102fa400101ad9cf4fbdd2aef3
2025-10-08 12:13:30.433 [main] INFO  Unidad1.ejemplo.FileNuevo - a074fb0d5ba3001014fe9a304d2b845b
2025-10-08 12:13:30.433 [main] INFO  Unidad1.ejemplo.FileNuevo - d0f39d535aa3001014fe9a304d2b845b
2025-10-08 12:13:30.433 [main] INFO  Unidad1.ejemplo.FileNuevo - 30f42ba3a39e001015b2da57bac9e46b
2025-10-08 12:13:30.433 [main] INFO  Unidad1.ejemplo.FileNuevo - 90c22f438ca200101152860d73a4f125
2025-10-08 12:13:30.435 [main] INFO  Unidad1.ejemplo.FileNuevo - 5040f80d5ba3001014fe9a304d2b845b
2025-10-08 12:13:30.435 [main] INFO  Unidad1.ejemplo.FileNuevo - e0523f1188a200101152860d73a4f125
2025-10-08 12:13:30.435 [main] INFO  Unidad1.ejemplo.FileNuevo - e0b3f09488a200101152860d73a4f125
2025-10-08 12:13:30.435 [main] INFO  Unidad1.ejemplo.FileNuevo - 50b9cf7a2ea400101ad9cf4fbdd2aef3
2025-10-08 12:13:30.435 [main] INFO  Unidad1.ejemplo.FileNuevo - 30a456ecac9e001015b2da57bac9e46b
2025-10-08 12:13:30.435 [main] INFO  Unidad1.ejemplo.FileNuevo - d00d2e0eaf9e001015b2da57bac9e46b
2025-10-08 12:13:30.435 [main] INFO  Unidad1.ejemplo.FileNuevo - 90724766e79d00101231de45aae18b29
2025-10-08 12:13:30.435 [main] INFO  Unidad1.ejemplo.FileNuevo - 00351459ae9e001015b2da57bac9e46b
2025-10-08 12:13:30.435 [main] INFO  Unidad1.ejemplo.FileNuevo - f042bae6ae9e001015b2da57bac9e46b
2025-10-08 12:13:30.436 [main] INFO  Unidad1.ejemplo.FileNuevo - .location
2025-10-08 12:13:30.436 [main] INFO  Unidad1.ejemplo.FileNuevo - .markers.snap
2025-10-08 12:13:30.436 [main] INFO  Unidad1.ejemplo.FileNuevo - .syncinfo.snap
2025-10-08 12:13:30.436 [main] INFO  Unidad1.ejemplo.FileNuevo - .markers
2025-10-08 12:13:30.436 [main] INFO  Unidad1.ejemplo.FileNuevo - .markers.snap
2025-10-08 12:13:30.436 [main] INFO  Unidad1.ejemplo.FileNuevo - .syncinfo.snap
2025-10-08 12:13:30.436 [main] INFO  Unidad1.ejemplo.FileNuevo - state.dat
2025-10-08 12:13:30.437 [main] INFO  Unidad1.ejemplo.FileNuevo - history.index
2025-10-08 12:13:30.437 [main] INFO  Unidad1.ejemplo.FileNuevo - history.index
2025-10-08 12:13:30.437 [main] INFO  Unidad1.ejemplo.FileNuevo - history.index
2025-10-08 12:13:30.437 [main] INFO  Unidad1.ejemplo.FileNuevo - history.index
2025-10-08 12:13:30.437 [main] INFO  Unidad1.ejemplo.FileNuevo - history.index
2025-10-08 12:13:30.437 [main] INFO  Unidad1.ejemplo.FileNuevo - history.index
2025-10-08 12:13:30.437 [main] INFO  Unidad1.ejemplo.FileNuevo - history.index
2025-10-08 12:13:30.437 [main] INFO  Unidad1.ejemplo.FileNuevo - history.index
2025-10-08 12:13:30.437 [main] INFO  Unidad1.ejemplo.FileNuevo - properties.index
2025-10-08 12:13:30.437 [main] INFO  Unidad1.ejemplo.FileNuevo - .markers
2025-10-08 12:13:30.437 [main] INFO  Unidad1.ejemplo.FileNuevo - .markers.snap
2025-10-08 12:13:30.438 [main] INFO  Unidad1.ejemplo.FileNuevo - .syncinfo.snap
2025-10-08 12:13:30.438 [main] INFO  Unidad1.ejemplo.FileNuevo - GitProjectData.properties
2025-10-08 12:13:30.438 [main] INFO  Unidad1.ejemplo.FileNuevo - history.index
2025-10-08 12:13:30.438 [main] INFO  Unidad1.ejemplo.FileNuevo - properties.index
2025-10-08 12:13:30.438 [main] INFO  Unidad1.ejemplo.FileNuevo - .markers
2025-10-08 12:13:30.438 [main] INFO  Unidad1.ejemplo.FileNuevo - .markers.snap
2025-10-08 12:13:30.438 [main] INFO  Unidad1.ejemplo.FileNuevo - .syncinfo.snap
2025-10-08 12:13:30.438 [main] INFO  Unidad1.ejemplo.FileNuevo - GitProjectData.properties
2025-10-08 12:13:30.439 [main] INFO  Unidad1.ejemplo.FileNuevo - history.version
2025-10-08 12:13:30.439 [main] INFO  Unidad1.ejemplo.FileNuevo - properties.index
2025-10-08 12:13:30.439 [main] INFO  Unidad1.ejemplo.FileNuevo - properties.version
2025-10-08 12:13:30.439 [main] INFO  Unidad1.ejemplo.FileNuevo - .markers.snap
2025-10-08 12:13:30.439 [main] INFO  Unidad1.ejemplo.FileNuevo - 18.tree
2025-10-08 12:13:30.439 [main] INFO  Unidad1.ejemplo.FileNuevo - org.eclipse.core.resources
2025-10-08 12:13:30.439 [main] INFO  Unidad1.ejemplo.FileNuevo - 18.snap
2025-10-08 12:13:30.439 [main] INFO  Unidad1.ejemplo.FileNuevo - Docker.prefs
2025-10-08 12:13:30.439 [main] INFO  Unidad1.ejemplo.FileNuevo - org.eclipse.core.resources.prefs
2025-10-08 12:13:30.439 [main] INFO  Unidad1.ejemplo.FileNuevo - org.eclipse.core.variables.prefs
2025-10-08 12:13:30.439 [main] INFO  Unidad1.ejemplo.FileNuevo - org.eclipse.debug.ui.prefs
2025-10-08 12:13:30.439 [main] INFO  Unidad1.ejemplo.FileNuevo - org.eclipse.egit.core.prefs
2025-10-08 12:13:30.439 [main] INFO  Unidad1.ejemplo.FileNuevo - org.eclipse.jdt.core.prefs
2025-10-08 12:13:30.439 [main] INFO  Unidad1.ejemplo.FileNuevo - org.eclipse.jdt.debug.ui.prefs
2025-10-08 12:13:30.439 [main] INFO  Unidad1.ejemplo.FileNuevo - org.eclipse.jdt.junit.prefs
2025-10-08 12:13:30.439 [main] INFO  Unidad1.ejemplo.FileNuevo - org.eclipse.jdt.launching.prefs
2025-10-08 12:13:30.440 [main] INFO  Unidad1.ejemplo.FileNuevo - org.eclipse.jdt.ui.prefs
2025-10-08 12:13:30.440 [main] INFO  Unidad1.ejemplo.FileNuevo - org.eclipse.jsch.core.prefs
2025-10-08 12:13:30.440 [main] INFO  Unidad1.ejemplo.FileNuevo - org.eclipse.m2e.apt.prefs
2025-10-08 12:13:30.440 [main] INFO  Unidad1.ejemplo.FileNuevo - org.eclipse.m2e.core.prefs
2025-10-08 12:13:30.440 [main] INFO  Unidad1.ejemplo.FileNuevo - org.eclipse.m2e.discovery.prefs
2025-10-08 12:13:30.440 [main] INFO  Unidad1.ejemplo.FileNuevo - org.eclipse.mylyn.context.core.prefs
2025-10-08 12:13:30.440 [main] INFO  Unidad1.ejemplo.FileNuevo - org.eclipse.mylyn.monitor.ui.prefs
2025-10-08 12:13:30.440 [main] INFO  Unidad1.ejemplo.FileNuevo - org.eclipse.mylyn.tasks.ui.prefs
2025-10-08 12:13:30.440 [main] INFO  Unidad1.ejemplo.FileNuevo - org.eclipse.pde.api.tools.prefs
2025-10-08 12:13:30.440 [main] INFO  Unidad1.ejemplo.FileNuevo - org.eclipse.ui.ide.prefs
2025-10-08 12:13:30.440 [main] INFO  Unidad1.ejemplo.FileNuevo - org.eclipse.ui.workbench.prefs
2025-10-08 12:13:30.440 [main] INFO  Unidad1.ejemplo.FileNuevo - org.springframework.ide.eclipse.boot.dash.prefs
2025-10-08 12:13:30.440 [main] INFO  Unidad1.ejemplo.FileNuevo - org.springframework.ide.eclipse.boot.launch.prefs
2025-10-08 12:13:30.440 [main] INFO  Unidad1.ejemplo.FileNuevo - org.springframework.ide.eclipse.imports.prefs
2025-10-08 12:13:30.440 [main] INFO  Unidad1.ejemplo.FileNuevo - org.springsource.ide.eclipse.commons.ui.prefs
2025-10-08 12:13:30.440 [main] INFO  Unidad1.ejemplo.FileNuevo - Ejemplo.launch
2025-10-08 12:13:30.440 [main] INFO  Unidad1.ejemplo.FileNuevo - EjemploProcessBuilder.launch
2025-10-08 12:13:30.440 [main] INFO  Unidad1.ejemplo.FileNuevo - FileNuevo.launch
2025-10-08 12:13:30.440 [main] INFO  Unidad1.ejemplo.FileNuevo - LanzadorEjemplo.launch
2025-10-08 12:13:30.440 [main] INFO  Unidad1.ejemplo.FileNuevo - PruebaLog.launch
2025-10-08 12:13:30.440 [main] INFO  Unidad1.ejemplo.FileNuevo - StreamMain.launch
2025-10-08 12:13:30.440 [main] INFO  Unidad1.ejemplo.FileNuevo - dialog_settings.xml
2025-10-08 12:13:30.441 [main] INFO  Unidad1.ejemplo.FileNuevo - launchConfigurationHistory.xml
2025-10-08 12:13:30.441 [main] INFO  Unidad1.ejemplo.FileNuevo - workbench.xmi
2025-10-08 12:13:30.441 [main] INFO  Unidad1.ejemplo.FileNuevo - .project
2025-10-08 12:13:30.441 [main] INFO  Unidad1.ejemplo.FileNuevo - org.eclipse.core.resources.prefs
2025-10-08 12:13:30.441 [main] INFO  Unidad1.ejemplo.FileNuevo - 1283376873.index
2025-10-08 12:13:30.441 [main] INFO  Unidad1.ejemplo.FileNuevo - 1865797976.index
2025-10-08 12:13:30.441 [main] INFO  Unidad1.ejemplo.FileNuevo - 2012168914.index
2025-10-08 12:13:30.441 [main] INFO  Unidad1.ejemplo.FileNuevo - 3772730432.index
2025-10-08 12:13:30.441 [main] INFO  Unidad1.ejemplo.FileNuevo - 4055417802.index
2025-10-08 12:13:30.441 [main] INFO  Unidad1.ejemplo.FileNuevo - 533541389.index
2025-10-08 12:13:30.441 [main] INFO  Unidad1.ejemplo.FileNuevo - 920526549.index
2025-10-08 12:13:30.441 [main] INFO  Unidad1.ejemplo.FileNuevo - assumedExternalFilesCache
2025-10-08 12:13:30.441 [main] INFO  Unidad1.ejemplo.FileNuevo - externalFilesCache
2025-10-08 12:13:30.441 [main] INFO  Unidad1.ejemplo.FileNuevo - externalLibsTimeStamps
2025-10-08 12:13:30.441 [main] INFO  Unidad1.ejemplo.FileNuevo - indexNamesMap.txt
2025-10-08 12:13:30.441 [main] INFO  Unidad1.ejemplo.FileNuevo - javaLikeNames.txt
2025-10-08 12:13:30.441 [main] INFO  Unidad1.ejemplo.FileNuevo - nonChainingJarsCache
2025-10-08 12:13:30.441 [main] INFO  Unidad1.ejemplo.FileNuevo - savedIndexNames.txt
2025-10-08 12:13:30.441 [main] INFO  Unidad1.ejemplo.FileNuevo - variablesAndContainers.dat
2025-10-08 12:13:30.442 [main] INFO  Unidad1.ejemplo.FileNuevo - .install.xml
2025-10-08 12:13:30.442 [main] INFO  Unidad1.ejemplo.FileNuevo - libraryInfos.xml
2025-10-08 12:13:30.442 [main] INFO  Unidad1.ejemplo.FileNuevo - dialog_settings.xml
2025-10-08 12:13:30.442 [main] INFO  Unidad1.ejemplo.FileNuevo - 0.png
2025-10-08 12:13:30.442 [main] INFO  Unidad1.ejemplo.FileNuevo - 1.png
2025-10-08 12:13:30.442 [main] INFO  Unidad1.ejemplo.FileNuevo - 2.png
2025-10-08 12:13:30.442 [main] INFO  Unidad1.ejemplo.FileNuevo - 3.png
2025-10-08 12:13:30.442 [main] INFO  Unidad1.ejemplo.FileNuevo - 4.png
2025-10-08 12:13:30.442 [main] INFO  Unidad1.ejemplo.FileNuevo - OpenTypeHistory.xml
2025-10-08 12:13:30.442 [main] INFO  Unidad1.ejemplo.FileNuevo - QualifiedTypeNameHistory.xml
2025-10-08 12:13:30.442 [main] INFO  Unidad1.ejemplo.FileNuevo - refactorings.history
2025-10-08 12:13:30.442 [main] INFO  Unidad1.ejemplo.FileNuevo - refactorings.index
2025-10-08 12:13:30.443 [main] INFO  Unidad1.ejemplo.FileNuevo - refactorings.history
2025-10-08 12:13:30.443 [main] INFO  Unidad1.ejemplo.FileNuevo - refactorings.index
2025-10-08 12:13:30.443 [main] INFO  Unidad1.ejemplo.FileNuevo - refactorings.history
2025-10-08 12:13:30.443 [main] INFO  Unidad1.ejemplo.FileNuevo - refactorings.index
2025-10-08 12:13:30.443 [main] INFO  Unidad1.ejemplo.FileNuevo - refactorings.history
2025-10-08 12:13:30.443 [main] INFO  Unidad1.ejemplo.FileNuevo - refactorings.index
2025-10-08 12:13:30.443 [main] INFO  Unidad1.ejemplo.FileNuevo - dialog_settings.xml
2025-10-08 12:13:30.443 [main] INFO  Unidad1.ejemplo.FileNuevo - AccesoADatosMaven.lifecyclemapping
2025-10-08 12:13:30.443 [main] INFO  Unidad1.ejemplo.FileNuevo - archetypesInfo.xml
2025-10-08 12:13:30.443 [main] INFO  Unidad1.ejemplo.FileNuevo - PSP.lifecyclemapping
2025-10-08 12:13:30.443 [main] INFO  Unidad1.ejemplo.FileNuevo - workspacestate.properties
2025-10-08 12:13:30.443 [main] INFO  Unidad1.ejemplo.FileNuevo - workspaceState.ser
2025-10-08 12:13:30.444 [main] INFO  Unidad1.ejemplo.FileNuevo - dialog_settings.xml
2025-10-08 12:13:30.444 [main] INFO  Unidad1.ejemplo.FileNuevo - AccesoADatosMaven.container
2025-10-08 12:13:30.444 [main] INFO  Unidad1.ejemplo.FileNuevo - PSP.container
2025-10-08 12:13:30.444 [main] INFO  Unidad1.ejemplo.FileNuevo - 0.log
2025-10-08 12:13:30.444 [main] INFO  Unidad1.ejemplo.FileNuevo - logback.2.7.100.20250418-1315.xml
2025-10-08 12:13:30.444 [main] INFO  Unidad1.ejemplo.FileNuevo - clean-cache.properties
2025-10-08 12:13:30.445 [main] INFO  Unidad1.ejemplo.FileNuevo - manifest.json
2025-10-08 12:13:30.445 [main] INFO  Unidad1.ejemplo.FileNuevo - protocols.json
2025-10-08 12:13:30.445 [main] INFO  Unidad1.ejemplo.FileNuevo - BrowserMetrics-spare.pma
2025-10-08 12:13:30.445 [main] INFO  Unidad1.ejemplo.FileNuevo - crl-set
2025-10-08 12:13:30.445 [main] INFO  Unidad1.ejemplo.FileNuevo - manifest.json
2025-10-08 12:13:30.445 [main] INFO  Unidad1.ejemplo.FileNuevo - 000ac7dc9366969db9d1e41810a3a27c747a7623535d856eecc2de86cfed80c7
2025-10-08 12:13:30.445 [main] INFO  Unidad1.ejemplo.FileNuevo - 00af3f07b5abb71f6d30337e1eef62fa280f06ef19485c0cf6b72171f92ccc0a
2025-10-08 12:13:30.445 [main] INFO  Unidad1.ejemplo.FileNuevo - 4b81b4df3ad971287e1ae02c449344fcfa5d20431de17b2ba8854cc9cdce4089
2025-10-08 12:13:30.445 [main] INFO  Unidad1.ejemplo.FileNuevo - 89f43cb3df807293de2772d5f01ac2fc1482b38ccc8fdaee859b80642b7a0487
2025-10-08 12:13:30.445 [main] INFO  Unidad1.ejemplo.FileNuevo - 95fd9d48e4fc245a3f3a99a3a16ecd1355050ba3f4afc555f19a97c7f9b49677
2025-10-08 12:13:30.446 [main] INFO  Unidad1.ejemplo.FileNuevo - a81d1959892ae4180554347df1b97834abba2e1a5e6b9aeba000ecea26eabecc
2025-10-08 12:13:30.446 [main] INFO  Unidad1.ejemplo.FileNuevo - b987bdc4f2ad2a409b964921d4a5db1cdbe07f9c98f868293b4cc32acdc42cec
2025-10-08 12:13:30.446 [main] INFO  Unidad1.ejemplo.FileNuevo - bcb93cba8636743d1fbd32be3bd8ce8ff602323895bf4d136c26b9bc64b0a6a4
2025-10-08 12:13:30.446 [main] INFO  Unidad1.ejemplo.FileNuevo - fa29a6d5775ff340900a65b39b02fc8b4b77d403c048d8debf22f2f5d09c61a0
2025-10-08 12:13:30.446 [main] INFO  Unidad1.ejemplo.FileNuevo - fbb2c0f4fad3b34b3ac7116d98f83638cf6f55a47992026a7abf944a759aa0ea
2025-10-08 12:13:30.446 [main] INFO  Unidad1.ejemplo.FileNuevo - ff87fddb54d7bdc8ab8c2697bc92337c914803fb22cd32e445389e8042159ce9
2025-10-08 12:13:30.446 [main] INFO  Unidad1.ejemplo.FileNuevo - metadata.json
2025-10-08 12:13:30.446 [main] INFO  Unidad1.ejemplo.FileNuevo - metadata
2025-10-08 12:13:30.446 [main] INFO  Unidad1.ejemplo.FileNuevo - settings.dat
2025-10-08 12:13:30.446 [main] INFO  Unidad1.ejemplo.FileNuevo - throttle_store.dat
2025-10-08 12:13:30.446 [main] INFO  Unidad1.ejemplo.FileNuevo - LOCK
2025-10-08 12:13:30.446 [main] INFO  Unidad1.ejemplo.FileNuevo - LOG
2025-10-08 12:13:30.446 [main] INFO  Unidad1.ejemplo.FileNuevo - LOG.old
2025-10-08 12:13:30.447 [main] INFO  Unidad1.ejemplo.FileNuevo - LOCK
2025-10-08 12:13:30.447 [main] INFO  Unidad1.ejemplo.FileNuevo - LOG
2025-10-08 12:13:30.447 [main] INFO  Unidad1.ejemplo.FileNuevo - LOG.old
2025-10-08 12:13:30.447 [main] INFO  Unidad1.ejemplo.FileNuevo - BookmarkMergedSurfaceOrdering
2025-10-08 12:13:30.447 [main] INFO  Unidad1.ejemplo.FileNuevo - BrowsingTopicsSiteData
2025-10-08 12:13:30.447 [main] INFO  Unidad1.ejemplo.FileNuevo - BrowsingTopicsSiteData-journal
2025-10-08 12:13:30.447 [main] INFO  Unidad1.ejemplo.FileNuevo - BrowsingTopicsState
2025-10-08 12:13:30.447 [main] INFO  Unidad1.ejemplo.FileNuevo - LOCK
2025-10-08 12:13:30.447 [main] INFO  Unidad1.ejemplo.FileNuevo - LOG
2025-10-08 12:13:30.447 [main] INFO  Unidad1.ejemplo.FileNuevo - LOG.old
2025-10-08 12:13:30.447 [main] INFO  Unidad1.ejemplo.FileNuevo - LOCK
2025-10-08 12:13:30.447 [main] INFO  Unidad1.ejemplo.FileNuevo - LOG
2025-10-08 12:13:30.447 [main] INFO  Unidad1.ejemplo.FileNuevo - LOG.old
2025-10-08 12:13:30.448 [main] INFO  Unidad1.ejemplo.FileNuevo - index
2025-10-08 12:13:30.448 [main] INFO  Unidad1.ejemplo.FileNuevo - the-real-index
2025-10-08 12:13:30.448 [main] INFO  Unidad1.ejemplo.FileNuevo - index
2025-10-08 12:13:30.448 [main] INFO  Unidad1.ejemplo.FileNuevo - the-real-index
2025-10-08 12:13:30.448 [main] INFO  Unidad1.ejemplo.FileNuevo - LOCK
2025-10-08 12:13:30.448 [main] INFO  Unidad1.ejemplo.FileNuevo - LOG
2025-10-08 12:13:30.448 [main] INFO  Unidad1.ejemplo.FileNuevo - LOG.old
2025-10-08 12:13:30.448 [main] INFO  Unidad1.ejemplo.FileNuevo - DashTrackerDatabase
2025-10-08 12:13:30.448 [main] INFO  Unidad1.ejemplo.FileNuevo - DashTrackerDatabase-journal
2025-10-08 12:13:30.448 [main] INFO  Unidad1.ejemplo.FileNuevo - data_0
2025-10-08 12:13:30.448 [main] INFO  Unidad1.ejemplo.FileNuevo - data_1
2025-10-08 12:13:30.448 [main] INFO  Unidad1.ejemplo.FileNuevo - data_2
2025-10-08 12:13:30.448 [main] INFO  Unidad1.ejemplo.FileNuevo - data_3
2025-10-08 12:13:30.448 [main] INFO  Unidad1.ejemplo.FileNuevo - index
2025-10-08 12:13:30.448 [main] INFO  Unidad1.ejemplo.FileNuevo - data_0
2025-10-08 12:13:30.448 [main] INFO  Unidad1.ejemplo.FileNuevo - data_1
2025-10-08 12:13:30.448 [main] INFO  Unidad1.ejemplo.FileNuevo - data_2
2025-10-08 12:13:30.449 [main] INFO  Unidad1.ejemplo.FileNuevo - data_3
2025-10-08 12:13:30.449 [main] INFO  Unidad1.ejemplo.FileNuevo - index
2025-10-08 12:13:30.449 [main] INFO  Unidad1.ejemplo.FileNuevo - DIPS
2025-10-08 12:13:30.449 [main] INFO  Unidad1.ejemplo.FileNuevo - DIPS-wal
2025-10-08 12:13:30.449 [main] INFO  Unidad1.ejemplo.FileNuevo - LOCK
2025-10-08 12:13:30.449 [main] INFO  Unidad1.ejemplo.FileNuevo - LOG
2025-10-08 12:13:30.449 [main] INFO  Unidad1.ejemplo.FileNuevo - LOG.old
2025-10-08 12:13:30.449 [main] INFO  Unidad1.ejemplo.FileNuevo - LOCK
2025-10-08 12:13:30.449 [main] INFO  Unidad1.ejemplo.FileNuevo - LOG
2025-10-08 12:13:30.449 [main] INFO  Unidad1.ejemplo.FileNuevo - LOG.old
2025-10-08 12:13:30.449 [main] INFO  Unidad1.ejemplo.FileNuevo - LOCK
2025-10-08 12:13:30.449 [main] INFO  Unidad1.ejemplo.FileNuevo - LOG
2025-10-08 12:13:30.449 [main] INFO  Unidad1.ejemplo.FileNuevo - LOG.old
2025-10-08 12:13:30.449 [main] INFO  Unidad1.ejemplo.FileNuevo - EdgeEDropSQLite.db
2025-10-08 12:13:30.449 [main] INFO  Unidad1.ejemplo.FileNuevo - EdgeEDropSQLite.db-journal
2025-10-08 12:13:30.449 [main] INFO  Unidad1.ejemplo.FileNuevo - 000003.log
2025-10-08 12:13:30.450 [main] INFO  Unidad1.ejemplo.FileNuevo - CURRENT
2025-10-08 12:13:30.450 [main] INFO  Unidad1.ejemplo.FileNuevo - LOCK
2025-10-08 12:13:30.450 [main] INFO  Unidad1.ejemplo.FileNuevo - LOG
2025-10-08 12:13:30.450 [main] INFO  Unidad1.ejemplo.FileNuevo - MANIFEST-000001
2025-10-08 12:13:30.450 [main] INFO  Unidad1.ejemplo.FileNuevo - 000003.log
2025-10-08 12:13:30.450 [main] INFO  Unidad1.ejemplo.FileNuevo - CURRENT
2025-10-08 12:13:30.450 [main] INFO  Unidad1.ejemplo.FileNuevo - LOCK
2025-10-08 12:13:30.450 [main] INFO  Unidad1.ejemplo.FileNuevo - LOG
2025-10-08 12:13:30.450 [main] INFO  Unidad1.ejemplo.FileNuevo - MANIFEST-000001
2025-10-08 12:13:30.450 [main] INFO  Unidad1.ejemplo.FileNuevo - 000003.log
2025-10-08 12:13:30.450 [main] INFO  Unidad1.ejemplo.FileNuevo - CURRENT
2025-10-08 12:13:30.450 [main] INFO  Unidad1.ejemplo.FileNuevo - LOCK
2025-10-08 12:13:30.450 [main] INFO  Unidad1.ejemplo.FileNuevo - LOG
2025-10-08 12:13:30.450 [main] INFO  Unidad1.ejemplo.FileNuevo - LOG.old
2025-10-08 12:13:30.450 [main] INFO  Unidad1.ejemplo.FileNuevo - MANIFEST-000001
2025-10-08 12:13:30.450 [main] INFO  Unidad1.ejemplo.FileNuevo - ExtensionActivityComp
2025-10-08 12:13:30.450 [main] INFO  Unidad1.ejemplo.FileNuevo - ExtensionActivityComp-journal
2025-10-08 12:13:30.450 [main] INFO  Unidad1.ejemplo.FileNuevo - ExtensionActivityEdge
2025-10-08 12:13:30.450 [main] INFO  Unidad1.ejemplo.FileNuevo - ExtensionActivityEdge-journal
2025-10-08 12:13:30.450 [main] INFO  Unidad1.ejemplo.FileNuevo - Favicons
2025-10-08 12:13:30.450 [main] INFO  Unidad1.ejemplo.FileNuevo - Favicons-journal
2025-10-08 12:13:30.450 [main] INFO  Unidad1.ejemplo.FileNuevo - favorites_diagnostic.log
2025-10-08 12:13:30.451 [main] INFO  Unidad1.ejemplo.FileNuevo - LOCK
2025-10-08 12:13:30.451 [main] INFO  Unidad1.ejemplo.FileNuevo - LOG
2025-10-08 12:13:30.451 [main] INFO  Unidad1.ejemplo.FileNuevo - LOG.old
2025-10-08 12:13:30.451 [main] INFO  Unidad1.ejemplo.FileNuevo - LOCK
2025-10-08 12:13:30.451 [main] INFO  Unidad1.ejemplo.FileNuevo - LOG
2025-10-08 12:13:30.451 [main] INFO  Unidad1.ejemplo.FileNuevo - LOG.old
2025-10-08 12:13:30.451 [main] INFO  Unidad1.ejemplo.FileNuevo - data_0
2025-10-08 12:13:30.451 [main] INFO  Unidad1.ejemplo.FileNuevo - data_1
2025-10-08 12:13:30.451 [main] INFO  Unidad1.ejemplo.FileNuevo - data_2
2025-10-08 12:13:30.451 [main] INFO  Unidad1.ejemplo.FileNuevo - data_3
2025-10-08 12:13:30.451 [main] INFO  Unidad1.ejemplo.FileNuevo - index
2025-10-08 12:13:30.451 [main] INFO  Unidad1.ejemplo.FileNuevo - heavy_ad_intervention_opt_out.db
2025-10-08 12:13:30.451 [main] INFO  Unidad1.ejemplo.FileNuevo - heavy_ad_intervention_opt_out.db-journal
2025-10-08 12:13:30.451 [main] INFO  Unidad1.ejemplo.FileNuevo - History
2025-10-08 12:13:30.451 [main] INFO  Unidad1.ejemplo.FileNuevo - History-journal
2025-10-08 12:13:30.451 [main] INFO  Unidad1.ejemplo.FileNuevo - 000003.log
2025-10-08 12:13:30.451 [main] INFO  Unidad1.ejemplo.FileNuevo - CURRENT
2025-10-08 12:13:30.452 [main] INFO  Unidad1.ejemplo.FileNuevo - LOCK
2025-10-08 12:13:30.452 [main] INFO  Unidad1.ejemplo.FileNuevo - LOG
2025-10-08 12:13:30.452 [main] INFO  Unidad1.ejemplo.FileNuevo - LOG.old
2025-10-08 12:13:30.452 [main] INFO  Unidad1.ejemplo.FileNuevo - MANIFEST-000001
2025-10-08 12:13:30.452 [main] INFO  Unidad1.ejemplo.FileNuevo - LOCK
2025-10-08 12:13:30.452 [main] INFO  Unidad1.ejemplo.FileNuevo - LOG
2025-10-08 12:13:30.452 [main] INFO  Unidad1.ejemplo.FileNuevo - LOG.old
2025-10-08 12:13:30.452 [main] INFO  Unidad1.ejemplo.FileNuevo - Login Data
2025-10-08 12:13:30.452 [main] INFO  Unidad1.ejemplo.FileNuevo - Login Data For Account
2025-10-08 12:13:30.452 [main] INFO  Unidad1.ejemplo.FileNuevo - Login Data For Account-journal
2025-10-08 12:13:30.452 [main] INFO  Unidad1.ejemplo.FileNuevo - Login Data-journal
2025-10-08 12:13:30.452 [main] INFO  Unidad1.ejemplo.FileNuevo - Cookies
2025-10-08 12:13:30.452 [main] INFO  Unidad1.ejemplo.FileNuevo - Cookies-journal
2025-10-08 12:13:30.452 [main] INFO  Unidad1.ejemplo.FileNuevo - Network Persistent State
2025-10-08 12:13:30.452 [main] INFO  Unidad1.ejemplo.FileNuevo - NetworkDataMigrated
2025-10-08 12:13:30.452 [main] INFO  Unidad1.ejemplo.FileNuevo - Reporting and NEL
2025-10-08 12:13:30.452 [main] INFO  Unidad1.ejemplo.FileNuevo - Reporting and NEL-journal
2025-10-08 12:13:30.452 [main] INFO  Unidad1.ejemplo.FileNuevo - SCT Auditing Pending Reports
2025-10-08 12:13:30.452 [main] INFO  Unidad1.ejemplo.FileNuevo - Sdch Dictionaries
2025-10-08 12:13:30.452 [main] INFO  Unidad1.ejemplo.FileNuevo - Trust Tokens
2025-10-08 12:13:30.452 [main] INFO  Unidad1.ejemplo.FileNuevo - Trust Tokens-journal
2025-10-08 12:13:30.452 [main] INFO  Unidad1.ejemplo.FileNuevo - Network Action Predictor
2025-10-08 12:13:30.452 [main] INFO  Unidad1.ejemplo.FileNuevo - Network Action Predictor-journal
2025-10-08 12:13:30.452 [main] INFO  Unidad1.ejemplo.FileNuevo - LOCK
2025-10-08 12:13:30.452 [main] INFO  Unidad1.ejemplo.FileNuevo - LOG
2025-10-08 12:13:30.452 [main] INFO  Unidad1.ejemplo.FileNuevo - LOG.old
2025-10-08 12:13:30.453 [main] INFO  Unidad1.ejemplo.FileNuevo - LOCK
2025-10-08 12:13:30.453 [main] INFO  Unidad1.ejemplo.FileNuevo - LOG
2025-10-08 12:13:30.453 [main] INFO  Unidad1.ejemplo.FileNuevo - LOG.old
2025-10-08 12:13:30.453 [main] INFO  Unidad1.ejemplo.FileNuevo - LOCK
2025-10-08 12:13:30.453 [main] INFO  Unidad1.ejemplo.FileNuevo - LOG
2025-10-08 12:13:30.453 [main] INFO  Unidad1.ejemplo.FileNuevo - LOG.old
2025-10-08 12:13:30.453 [main] INFO  Unidad1.ejemplo.FileNuevo - Preferences
2025-10-08 12:13:30.453 [main] INFO  Unidad1.ejemplo.FileNuevo - PreferredApps
2025-10-08 12:13:30.453 [main] INFO  Unidad1.ejemplo.FileNuevo - README
2025-10-08 12:13:30.454 [main] INFO  Unidad1.ejemplo.FileNuevo - NetworkDataMigrated
2025-10-08 12:13:30.454 [main] INFO  Unidad1.ejemplo.FileNuevo - Safe Browsing Cookies
2025-10-08 12:13:30.454 [main] INFO  Unidad1.ejemplo.FileNuevo - Safe Browsing Cookies-journal
2025-10-08 12:13:30.454 [main] INFO  Unidad1.ejemplo.FileNuevo - Secure Preferences
2025-10-08 12:13:30.454 [main] INFO  Unidad1.ejemplo.FileNuevo - ServerCertificate
2025-10-08 12:13:30.454 [main] INFO  Unidad1.ejemplo.FileNuevo - ServerCertificate-journal
2025-10-08 12:13:30.454 [main] INFO  Unidad1.ejemplo.FileNuevo - 000003.log
2025-10-08 12:13:30.454 [main] INFO  Unidad1.ejemplo.FileNuevo - CURRENT
2025-10-08 12:13:30.454 [main] INFO  Unidad1.ejemplo.FileNuevo - LOCK
2025-10-08 12:13:30.454 [main] INFO  Unidad1.ejemplo.FileNuevo - LOG
2025-10-08 12:13:30.454 [main] INFO  Unidad1.ejemplo.FileNuevo - LOG.old
2025-10-08 12:13:30.454 [main] INFO  Unidad1.ejemplo.FileNuevo - MANIFEST-000001
2025-10-08 12:13:30.454 [main] INFO  Unidad1.ejemplo.FileNuevo - index
2025-10-08 12:13:30.454 [main] INFO  Unidad1.ejemplo.FileNuevo - the-real-index
2025-10-08 12:13:30.454 [main] INFO  Unidad1.ejemplo.FileNuevo - db
2025-10-08 12:13:30.454 [main] INFO  Unidad1.ejemplo.FileNuevo - db-journal
2025-10-08 12:13:30.454 [main] INFO  Unidad1.ejemplo.FileNuevo - SharedStorage
2025-10-08 12:13:30.454 [main] INFO  Unidad1.ejemplo.FileNuevo - SharedStorage-wal
2025-10-08 12:13:30.455 [main] INFO  Unidad1.ejemplo.FileNuevo - 000003.log
2025-10-08 12:13:30.455 [main] INFO  Unidad1.ejemplo.FileNuevo - CURRENT
2025-10-08 12:13:30.455 [main] INFO  Unidad1.ejemplo.FileNuevo - LOCK
2025-10-08 12:13:30.455 [main] INFO  Unidad1.ejemplo.FileNuevo - LOG
2025-10-08 12:13:30.455 [main] INFO  Unidad1.ejemplo.FileNuevo - LOG.old
2025-10-08 12:13:30.455 [main] INFO  Unidad1.ejemplo.FileNuevo - MANIFEST-000001
2025-10-08 12:13:30.455 [main] INFO  Unidad1.ejemplo.FileNuevo - 000003.log
2025-10-08 12:13:30.455 [main] INFO  Unidad1.ejemplo.FileNuevo - CURRENT
2025-10-08 12:13:30.455 [main] INFO  Unidad1.ejemplo.FileNuevo - LOCK
2025-10-08 12:13:30.455 [main] INFO  Unidad1.ejemplo.FileNuevo - LOG
2025-10-08 12:13:30.455 [main] INFO  Unidad1.ejemplo.FileNuevo - LOG.old
2025-10-08 12:13:30.455 [main] INFO  Unidad1.ejemplo.FileNuevo - MANIFEST-000001
2025-10-08 12:13:30.455 [main] INFO  Unidad1.ejemplo.FileNuevo - 000003.log
2025-10-08 12:13:30.455 [main] INFO  Unidad1.ejemplo.FileNuevo - CURRENT
2025-10-08 12:13:30.455 [main] INFO  Unidad1.ejemplo.FileNuevo - LOCK
2025-10-08 12:13:30.455 [main] INFO  Unidad1.ejemplo.FileNuevo - LOG
2025-10-08 12:13:30.455 [main] INFO  Unidad1.ejemplo.FileNuevo - LOG.old
2025-10-08 12:13:30.455 [main] INFO  Unidad1.ejemplo.FileNuevo - MANIFEST-000001
2025-10-08 12:13:30.455 [main] INFO  Unidad1.ejemplo.FileNuevo - 000003.log
2025-10-08 12:13:30.456 [main] INFO  Unidad1.ejemplo.FileNuevo - CURRENT
2025-10-08 12:13:30.456 [main] INFO  Unidad1.ejemplo.FileNuevo - LOCK
2025-10-08 12:13:30.456 [main] INFO  Unidad1.ejemplo.FileNuevo - LOG
2025-10-08 12:13:30.456 [main] INFO  Unidad1.ejemplo.FileNuevo - LOG.old
2025-10-08 12:13:30.456 [main] INFO  Unidad1.ejemplo.FileNuevo - MANIFEST-000001
2025-10-08 12:13:30.456 [main] INFO  Unidad1.ejemplo.FileNuevo - Top Sites
2025-10-08 12:13:30.456 [main] INFO  Unidad1.ejemplo.FileNuevo - Top Sites-journal
2025-10-08 12:13:30.456 [main] INFO  Unidad1.ejemplo.FileNuevo - Vpn Tokens
2025-10-08 12:13:30.456 [main] INFO  Unidad1.ejemplo.FileNuevo - Vpn Tokens-journal
2025-10-08 12:13:30.456 [main] INFO  Unidad1.ejemplo.FileNuevo - Web Data
2025-10-08 12:13:30.456 [main] INFO  Unidad1.ejemplo.FileNuevo - Web Data-journal
2025-10-08 12:13:30.456 [main] INFO  Unidad1.ejemplo.FileNuevo - domain_actions.dll
2025-10-08 12:13:30.456 [main] INFO  Unidad1.ejemplo.FileNuevo - manifest.json
2025-10-08 12:13:30.456 [main] INFO  Unidad1.ejemplo.FileNuevo - metadata.json
2025-10-08 12:13:30.456 [main] INFO  Unidad1.ejemplo.FileNuevo - data_0
2025-10-08 12:13:30.456 [main] INFO  Unidad1.ejemplo.FileNuevo - data_1
2025-10-08 12:13:30.456 [main] INFO  Unidad1.ejemplo.FileNuevo - data_2
2025-10-08 12:13:30.456 [main] INFO  Unidad1.ejemplo.FileNuevo - data_3
2025-10-08 12:13:30.456 [main] INFO  Unidad1.ejemplo.FileNuevo - index
2025-10-08 12:13:30.456 [main] INFO  Unidad1.ejemplo.FileNuevo - data_0
2025-10-08 12:13:30.456 [main] INFO  Unidad1.ejemplo.FileNuevo - data_1
2025-10-08 12:13:30.456 [main] INFO  Unidad1.ejemplo.FileNuevo - data_2
2025-10-08 12:13:30.457 [main] INFO  Unidad1.ejemplo.FileNuevo - data_3
2025-10-08 12:13:30.457 [main] INFO  Unidad1.ejemplo.FileNuevo - index
2025-10-08 12:13:30.457 [main] INFO  Unidad1.ejemplo.FileNuevo - hyph-af.hyb
2025-10-08 12:13:30.457 [main] INFO  Unidad1.ejemplo.FileNuevo - hyph-as.hyb
2025-10-08 12:13:30.457 [main] INFO  Unidad1.ejemplo.FileNuevo - hyph-be.hyb
2025-10-08 12:13:30.457 [main] INFO  Unidad1.ejemplo.FileNuevo - hyph-bg.hyb
2025-10-08 12:13:30.457 [main] INFO  Unidad1.ejemplo.FileNuevo - hyph-bn.hyb
2025-10-08 12:13:30.457 [main] INFO  Unidad1.ejemplo.FileNuevo - hyph-cs.hyb
2025-10-08 12:13:30.457 [main] INFO  Unidad1.ejemplo.FileNuevo - hyph-cu.hyb
2025-10-08 12:13:30.457 [main] INFO  Unidad1.ejemplo.FileNuevo - hyph-cy.hyb
2025-10-08 12:13:30.457 [main] INFO  Unidad1.ejemplo.FileNuevo - hyph-da.hyb
2025-10-08 12:13:30.457 [main] INFO  Unidad1.ejemplo.FileNuevo - hyph-de-1901.hyb
2025-10-08 12:13:30.457 [main] INFO  Unidad1.ejemplo.FileNuevo - hyph-de-1996.hyb
2025-10-08 12:13:30.457 [main] INFO  Unidad1.ejemplo.FileNuevo - hyph-de-ch-1901.hyb
2025-10-08 12:13:30.457 [main] INFO  Unidad1.ejemplo.FileNuevo - hyph-el.hyb
2025-10-08 12:13:30.457 [main] INFO  Unidad1.ejemplo.FileNuevo - hyph-en-gb.hyb
2025-10-08 12:13:30.457 [main] INFO  Unidad1.ejemplo.FileNuevo - hyph-en-us.hyb
2025-10-08 12:13:30.457 [main] INFO  Unidad1.ejemplo.FileNuevo - hyph-es.hyb
2025-10-08 12:13:30.457 [main] INFO  Unidad1.ejemplo.FileNuevo - hyph-et.hyb
2025-10-08 12:13:30.457 [main] INFO  Unidad1.ejemplo.FileNuevo - hyph-eu.hyb
2025-10-08 12:13:30.457 [main] INFO  Unidad1.ejemplo.FileNuevo - hyph-fr.hyb
2025-10-08 12:13:30.457 [main] INFO  Unidad1.ejemplo.FileNuevo - hyph-ga.hyb
2025-10-08 12:13:30.457 [main] INFO  Unidad1.ejemplo.FileNuevo - hyph-gl.hyb
2025-10-08 12:13:30.457 [main] INFO  Unidad1.ejemplo.FileNuevo - hyph-gu.hyb
2025-10-08 12:13:30.457 [main] INFO  Unidad1.ejemplo.FileNuevo - hyph-hi.hyb
2025-10-08 12:13:30.457 [main] INFO  Unidad1.ejemplo.FileNuevo - hyph-hr.hyb
2025-10-08 12:13:30.457 [main] INFO  Unidad1.ejemplo.FileNuevo - hyph-hu.hyb
2025-10-08 12:13:30.457 [main] INFO  Unidad1.ejemplo.FileNuevo - hyph-hy.hyb
2025-10-08 12:13:30.458 [main] INFO  Unidad1.ejemplo.FileNuevo - hyph-it.hyb
2025-10-08 12:13:30.458 [main] INFO  Unidad1.ejemplo.FileNuevo - hyph-ka.hyb
2025-10-08 12:13:30.458 [main] INFO  Unidad1.ejemplo.FileNuevo - hyph-kn.hyb
2025-10-08 12:13:30.458 [main] INFO  Unidad1.ejemplo.FileNuevo - hyph-la.hyb
2025-10-08 12:13:30.458 [main] INFO  Unidad1.ejemplo.FileNuevo - hyph-lt.hyb
2025-10-08 12:13:30.458 [main] INFO  Unidad1.ejemplo.FileNuevo - hyph-lv.hyb
2025-10-08 12:13:30.458 [main] INFO  Unidad1.ejemplo.FileNuevo - hyph-ml.hyb
2025-10-08 12:13:30.458 [main] INFO  Unidad1.ejemplo.FileNuevo - hyph-mn-cyrl.hyb
2025-10-08 12:13:30.458 [main] INFO  Unidad1.ejemplo.FileNuevo - hyph-mr.hyb
2025-10-08 12:13:30.458 [main] INFO  Unidad1.ejemplo.FileNuevo - hyph-mul-ethi.hyb
2025-10-08 12:13:30.458 [main] INFO  Unidad1.ejemplo.FileNuevo - hyph-nb.hyb
2025-10-08 12:13:30.458 [main] INFO  Unidad1.ejemplo.FileNuevo - hyph-nl.hyb
2025-10-08 12:13:30.458 [main] INFO  Unidad1.ejemplo.FileNuevo - hyph-nn.hyb
2025-10-08 12:13:30.458 [main] INFO  Unidad1.ejemplo.FileNuevo - hyph-or.hyb
2025-10-08 12:13:30.458 [main] INFO  Unidad1.ejemplo.FileNuevo - hyph-pa.hyb
2025-10-08 12:13:30.458 [main] INFO  Unidad1.ejemplo.FileNuevo - hyph-pt.hyb
2025-10-08 12:13:30.458 [main] INFO  Unidad1.ejemplo.FileNuevo - hyph-ru.hyb
2025-10-08 12:13:30.458 [main] INFO  Unidad1.ejemplo.FileNuevo - hyph-sk.hyb
2025-10-08 12:13:30.458 [main] INFO  Unidad1.ejemplo.FileNuevo - hyph-sl.hyb
2025-10-08 12:13:30.458 [main] INFO  Unidad1.ejemplo.FileNuevo - hyph-sq.hyb
2025-10-08 12:13:30.458 [main] INFO  Unidad1.ejemplo.FileNuevo - hyph-sv.hyb
2025-10-08 12:13:30.458 [main] INFO  Unidad1.ejemplo.FileNuevo - hyph-ta.hyb
2025-10-08 12:13:30.458 [main] INFO  Unidad1.ejemplo.FileNuevo - hyph-te.hyb
2025-10-08 12:13:30.458 [main] INFO  Unidad1.ejemplo.FileNuevo - hyph-tk.hyb
2025-10-08 12:13:30.458 [main] INFO  Unidad1.ejemplo.FileNuevo - hyph-uk.hyb
2025-10-08 12:13:30.458 [main] INFO  Unidad1.ejemplo.FileNuevo - hyph-und-ethi.hyb
2025-10-08 12:13:30.458 [main] INFO  Unidad1.ejemplo.FileNuevo - manifest.json
2025-10-08 12:13:30.458 [main] INFO  Unidad1.ejemplo.FileNuevo - verified_contents.json
2025-10-08 12:13:30.458 [main] INFO  Unidad1.ejemplo.FileNuevo - Last Version
2025-10-08 12:13:30.458 [main] INFO  Unidad1.ejemplo.FileNuevo - Local State
2025-10-08 12:13:30.458 [main] INFO  Unidad1.ejemplo.FileNuevo - lockfile
2025-10-08 12:13:30.459 [main] INFO  Unidad1.ejemplo.FileNuevo - manifest.json
2025-10-08 12:13:30.459 [main] INFO  Unidad1.ejemplo.FileNuevo - crs.pb
2025-10-08 12:13:30.459 [main] INFO  Unidad1.ejemplo.FileNuevo - ct_config.pb
2025-10-08 12:13:30.459 [main] INFO  Unidad1.ejemplo.FileNuevo - kp_pinslist.pb
2025-10-08 12:13:30.459 [main] INFO  Unidad1.ejemplo.FileNuevo - manifest.json
2025-10-08 12:13:30.459 [main] INFO  Unidad1.ejemplo.FileNuevo - RevisitationBloomfilter
2025-10-08 12:13:30.459 [main] INFO  Unidad1.ejemplo.FileNuevo - data_0
2025-10-08 12:13:30.459 [main] INFO  Unidad1.ejemplo.FileNuevo - data_1
2025-10-08 12:13:30.459 [main] INFO  Unidad1.ejemplo.FileNuevo - data_2
2025-10-08 12:13:30.459 [main] INFO  Unidad1.ejemplo.FileNuevo - data_3
2025-10-08 12:13:30.459 [main] INFO  Unidad1.ejemplo.FileNuevo - index
2025-10-08 12:13:30.459 [main] INFO  Unidad1.ejemplo.FileNuevo - customSettings
2025-10-08 12:13:30.459 [main] INFO  Unidad1.ejemplo.FileNuevo - customSettings_F95BA787499AB4FA9EFFF472CE383A14
2025-10-08 12:13:30.460 [main] INFO  Unidad1.ejemplo.FileNuevo - edgeSettings
2025-10-08 12:13:30.460 [main] INFO  Unidad1.ejemplo.FileNuevo - edgeSettings_2.0-0
2025-10-08 12:13:30.460 [main] INFO  Unidad1.ejemplo.FileNuevo - topTraffic
2025-10-08 12:13:30.460 [main] INFO  Unidad1.ejemplo.FileNuevo - topTraffic_170540185939602997400506234197983529371
2025-10-08 12:13:30.460 [main] INFO  Unidad1.ejemplo.FileNuevo - manifest.json
2025-10-08 12:13:30.460 [main] INFO  Unidad1.ejemplo.FileNuevo - Microsoft.CognitiveServices.Speech.core.dll
2025-10-08 12:13:30.461 [main] INFO  Unidad1.ejemplo.FileNuevo - LICENSE
2025-10-08 12:13:30.461 [main] INFO  Unidad1.ejemplo.FileNuevo - Ruleset Data
2025-10-08 12:13:30.461 [main] INFO  Unidad1.ejemplo.FileNuevo - adblock_snippet.js
2025-10-08 12:13:30.461 [main] INFO  Unidad1.ejemplo.FileNuevo - Filtering Rules
2025-10-08 12:13:30.461 [main] INFO  Unidad1.ejemplo.FileNuevo - Filtering Rules-AA
2025-10-08 12:13:30.461 [main] INFO  Unidad1.ejemplo.FileNuevo - Filtering Rules-CA
2025-10-08 12:13:30.461 [main] INFO  Unidad1.ejemplo.FileNuevo - LICENSE
2025-10-08 12:13:30.461 [main] INFO  Unidad1.ejemplo.FileNuevo - manifest.json
2025-10-08 12:13:30.461 [main] INFO  Unidad1.ejemplo.FileNuevo - Part-DE
2025-10-08 12:13:30.461 [main] INFO  Unidad1.ejemplo.FileNuevo - Part-ES
2025-10-08 12:13:30.461 [main] INFO  Unidad1.ejemplo.FileNuevo - Part-FR
2025-10-08 12:13:30.461 [main] INFO  Unidad1.ejemplo.FileNuevo - Part-IT
2025-10-08 12:13:30.461 [main] INFO  Unidad1.ejemplo.FileNuevo - Part-NL
2025-10-08 12:13:30.461 [main] INFO  Unidad1.ejemplo.FileNuevo - Part-RU
2025-10-08 12:13:30.461 [main] INFO  Unidad1.ejemplo.FileNuevo - Part-ZH
2025-10-08 12:13:30.461 [main] INFO  Unidad1.ejemplo.FileNuevo - keys.json
2025-10-08 12:13:30.461 [main] INFO  Unidad1.ejemplo.FileNuevo - LICENSE
2025-10-08 12:13:30.461 [main] INFO  Unidad1.ejemplo.FileNuevo - manifest.json
2025-10-08 12:13:30.462 [main] INFO  Unidad1.ejemplo.FileNuevo - verified_contents.json
2025-10-08 12:13:30.462 [main] INFO  Unidad1.ejemplo.FileNuevo - Variations
2025-10-08 12:13:30.462 [main] INFO  Unidad1.ejemplo.FileNuevo - english_wikipedia.txt
2025-10-08 12:13:30.462 [main] INFO  Unidad1.ejemplo.FileNuevo - female_names.txt
2025-10-08 12:13:30.462 [main] INFO  Unidad1.ejemplo.FileNuevo - male_names.txt
2025-10-08 12:13:30.462 [main] INFO  Unidad1.ejemplo.FileNuevo - manifest.json
2025-10-08 12:13:30.462 [main] INFO  Unidad1.ejemplo.FileNuevo - passwords.txt
2025-10-08 12:13:30.462 [main] INFO  Unidad1.ejemplo.FileNuevo - ranked_dicts
2025-10-08 12:13:30.462 [main] INFO  Unidad1.ejemplo.FileNuevo - surnames.txt
2025-10-08 12:13:30.462 [main] INFO  Unidad1.ejemplo.FileNuevo - test.txt
2025-10-08 12:13:30.462 [main] INFO  Unidad1.ejemplo.FileNuevo - us_tv_and_film.txt
2025-10-08 12:13:30.462 [main] INFO  Unidad1.ejemplo.FileNuevo - dialog_settings.xml
2025-10-08 12:13:30.462 [main] INFO  Unidad1.ejemplo.FileNuevo - data.properties
2025-10-08 12:13:30.462 [main] INFO  Unidad1.ejemplo.FileNuevo - dialog_settings.xml
2025-10-08 12:13:30.462 [main] INFO  Unidad1.ejemplo.FileNuevo - dialog_settings.xml
2025-10-08 12:13:30.462 [main] INFO  Unidad1.ejemplo.FileNuevo - dialog_settings.xml
2025-10-08 12:13:30.462 [main] INFO  Unidad1.ejemplo.FileNuevo - workingsets.xml
2025-10-08 12:13:30.462 [main] INFO  Unidad1.ejemplo.FileNuevo - dialog_settings.xml
2025-10-08 12:13:30.462 [main] INFO  Unidad1.ejemplo.FileNuevo - system-catalog.xml
2025-10-08 12:13:30.464 [main] INFO  Unidad1.ejemplo.FileNuevo - task-tags.properties
2025-10-08 12:13:30.464 [main] INFO  Unidad1.ejemplo.FileNuevo - version.ini
2025-10-08 12:13:30.464 [main] INFO  Unidad1.ejemplo.FileNuevo - .classpath
2025-10-08 12:13:30.464 [main] INFO  Unidad1.ejemplo.FileNuevo - .project
2025-10-08 12:13:30.464 [main] INFO  Unidad1.ejemplo.FileNuevo - org.eclipse.core.resources.prefs
2025-10-08 12:13:30.464 [main] INFO  Unidad1.ejemplo.FileNuevo - org.eclipse.jdt.core.prefs
2025-10-08 12:13:30.464 [main] INFO  Unidad1.ejemplo.FileNuevo - StreamMain.class
2025-10-08 12:13:30.464 [main] INFO  Unidad1.ejemplo.FileNuevo - Canal.class
2025-10-08 12:13:30.464 [main] INFO  Unidad1.ejemplo.FileNuevo - Retransmision.class
2025-10-08 12:13:30.464 [main] INFO  Unidad1.ejemplo.FileNuevo - Usuario.class
2025-10-08 12:13:30.464 [main] INFO  Unidad1.ejemplo.FileNuevo - module-info.class
2025-10-08 12:13:30.465 [main] INFO  Unidad1.ejemplo.FileNuevo - CanalRepository.class
2025-10-08 12:13:30.465 [main] INFO  Unidad1.ejemplo.FileNuevo - RetransmisionRepository.class
2025-10-08 12:13:30.465 [main] INFO  Unidad1.ejemplo.FileNuevo - UsuarioRepository.class
2025-10-08 12:13:30.465 [main] INFO  Unidad1.ejemplo.FileNuevo - CanalService.class
2025-10-08 12:13:30.465 [main] INFO  Unidad1.ejemplo.FileNuevo - RetransmisionService.class
2025-10-08 12:13:30.465 [main] INFO  Unidad1.ejemplo.FileNuevo - UsuarioService.class
2025-10-08 12:13:30.465 [main] INFO  Unidad1.ejemplo.FileNuevo - StreamMain.java
2025-10-08 12:13:30.465 [main] INFO  Unidad1.ejemplo.FileNuevo - Canal.java
2025-10-08 12:13:30.465 [main] INFO  Unidad1.ejemplo.FileNuevo - Retransmision.java
2025-10-08 12:13:30.465 [main] INFO  Unidad1.ejemplo.FileNuevo - Usuario.java
2025-10-08 12:13:30.465 [main] INFO  Unidad1.ejemplo.FileNuevo - module-info.java
2025-10-08 12:13:30.465 [main] INFO  Unidad1.ejemplo.FileNuevo - CanalRepository.java
2025-10-08 12:13:30.465 [main] INFO  Unidad1.ejemplo.FileNuevo - RetransmisionRepository.java
2025-10-08 12:13:30.465 [main] INFO  Unidad1.ejemplo.FileNuevo - UsuarioRepository.java
2025-10-08 12:13:30.465 [main] INFO  Unidad1.ejemplo.FileNuevo - CanalService.java
2025-10-08 12:13:30.465 [main] INFO  Unidad1.ejemplo.FileNuevo - RetransmisionService.java
2025-10-08 12:13:30.465 [main] INFO  Unidad1.ejemplo.FileNuevo - UsuarioService.java
2025-10-08 12:13:30.466 [main] INFO  Unidad1.ejemplo.FileNuevo - .classpath
2025-10-08 12:13:30.466 [main] INFO  Unidad1.ejemplo.FileNuevo - .project
2025-10-08 12:13:30.466 [main] INFO  Unidad1.ejemplo.FileNuevo - org.eclipse.jdt.apt.core.prefs
2025-10-08 12:13:30.466 [main] INFO  Unidad1.ejemplo.FileNuevo - org.eclipse.jdt.core.prefs
2025-10-08 12:13:30.466 [main] INFO  Unidad1.ejemplo.FileNuevo - org.eclipse.m2e.core.prefs
2025-10-08 12:13:30.466 [main] INFO  Unidad1.ejemplo.FileNuevo - application-20250930.log
2025-10-08 12:13:30.466 [main] INFO  Unidad1.ejemplo.FileNuevo - application-20251007.log
2025-10-08 12:13:30.466 [main] INFO  Unidad1.ejemplo.FileNuevo - application-20251008.log
2025-10-08 12:13:30.466 [main] INFO  Unidad1.ejemplo.FileNuevo - pom.xml
2025-10-08 12:13:30.466 [main] INFO  Unidad1.ejemplo.FileNuevo - PruebaLog.java
2025-10-08 12:13:30.466 [main] INFO  Unidad1.ejemplo.FileNuevo - Editorial.java
2025-10-08 12:13:30.466 [main] INFO  Unidad1.ejemplo.FileNuevo - Genero.java
2025-10-08 12:13:30.466 [main] INFO  Unidad1.ejemplo.FileNuevo - LibreriaException.java
2025-10-08 12:13:30.466 [main] INFO  Unidad1.ejemplo.FileNuevo - Libro.java
2025-10-08 12:13:30.467 [main] INFO  Unidad1.ejemplo.FileNuevo - EditorialRepository.java
2025-10-08 12:13:30.467 [main] INFO  Unidad1.ejemplo.FileNuevo - LibroRepository.java
2025-10-08 12:13:30.467 [main] INFO  Unidad1.ejemplo.FileNuevo - EditorialService.java
2025-10-08 12:13:30.467 [main] INFO  Unidad1.ejemplo.FileNuevo - LibroService.java
2025-10-08 12:13:30.467 [main] INFO  Unidad1.ejemplo.FileNuevo - ConversacionException.java
2025-10-08 12:13:30.467 [main] INFO  Unidad1.ejemplo.FileNuevo - Conversacion.java
2025-10-08 12:13:30.467 [main] INFO  Unidad1.ejemplo.FileNuevo - TipoAgente.java
2025-10-08 12:13:30.467 [main] INFO  Unidad1.ejemplo.FileNuevo - IRepositorioConversaciones.java
2025-10-08 12:13:30.467 [main] INFO  Unidad1.ejemplo.FileNuevo - RepositorioConversaciones.java
2025-10-08 12:13:30.467 [main] INFO  Unidad1.ejemplo.FileNuevo - IServicioConversaciones.java
2025-10-08 12:13:30.467 [main] INFO  Unidad1.ejemplo.FileNuevo - ServicioConversacionesImpl.java
2025-10-08 12:13:30.468 [main] INFO  Unidad1.ejemplo.FileNuevo - FileNuevo.java
2025-10-08 12:13:30.468 [main] INFO  Unidad1.ejemplo.FileNuevo - log4j2.xml
2025-10-08 12:13:30.468 [main] INFO  Unidad1.ejemplo.FileNuevo - log4j2.xml
2025-10-08 12:13:30.468 [main] INFO  Unidad1.ejemplo.FileNuevo - MANIFEST.MF
2025-10-08 12:13:30.468 [main] INFO  Unidad1.ejemplo.FileNuevo - pom.properties
2025-10-08 12:13:30.468 [main] INFO  Unidad1.ejemplo.FileNuevo - pom.xml
2025-10-08 12:13:30.468 [main] INFO  Unidad1.ejemplo.FileNuevo - PruebaLog.class
2025-10-08 12:13:30.469 [main] INFO  Unidad1.ejemplo.FileNuevo - Editorial.class
2025-10-08 12:13:30.469 [main] INFO  Unidad1.ejemplo.FileNuevo - Genero.class
2025-10-08 12:13:30.469 [main] INFO  Unidad1.ejemplo.FileNuevo - LibreriaException.class
2025-10-08 12:13:30.469 [main] INFO  Unidad1.ejemplo.FileNuevo - Libro.class
2025-10-08 12:13:30.469 [main] INFO  Unidad1.ejemplo.FileNuevo - EditorialRepository.class
2025-10-08 12:13:30.469 [main] INFO  Unidad1.ejemplo.FileNuevo - LibroRepository.class
2025-10-08 12:13:30.469 [main] INFO  Unidad1.ejemplo.FileNuevo - EditorialService.class
2025-10-08 12:13:30.469 [main] INFO  Unidad1.ejemplo.FileNuevo - LibroService.class
2025-10-08 12:13:30.469 [main] INFO  Unidad1.ejemplo.FileNuevo - ConversacionException.class
2025-10-08 12:13:30.469 [main] INFO  Unidad1.ejemplo.FileNuevo - Conversacion.class
2025-10-08 12:13:30.469 [main] INFO  Unidad1.ejemplo.FileNuevo - TipoAgente.class
2025-10-08 12:13:30.469 [main] INFO  Unidad1.ejemplo.FileNuevo - IRepositorioConversaciones.class
2025-10-08 12:13:30.469 [main] INFO  Unidad1.ejemplo.FileNuevo - RepositorioConversaciones.class
2025-10-08 12:13:30.470 [main] INFO  Unidad1.ejemplo.FileNuevo - IServicioConversaciones.class
2025-10-08 12:13:30.470 [main] INFO  Unidad1.ejemplo.FileNuevo - ServicioConversacionesImpl.class
2025-10-08 12:13:30.470 [main] INFO  Unidad1.ejemplo.FileNuevo - FileNuevo.class
2025-10-08 12:13:30.470 [main] INFO  Unidad1.ejemplo.FileNuevo - .classpath
2025-10-08 12:13:30.470 [main] INFO  Unidad1.ejemplo.FileNuevo - COMMIT_EDITMSG
2025-10-08 12:13:30.470 [main] INFO  Unidad1.ejemplo.FileNuevo - config
2025-10-08 12:13:30.470 [main] INFO  Unidad1.ejemplo.FileNuevo - description
2025-10-08 12:13:30.470 [main] INFO  Unidad1.ejemplo.FileNuevo - HEAD
2025-10-08 12:13:30.470 [main] INFO  Unidad1.ejemplo.FileNuevo - applypatch-msg.sample
2025-10-08 12:13:30.470 [main] INFO  Unidad1.ejemplo.FileNuevo - commit-msg.sample
2025-10-08 12:13:30.470 [main] INFO  Unidad1.ejemplo.FileNuevo - fsmonitor-watchman.sample
2025-10-08 12:13:30.470 [main] INFO  Unidad1.ejemplo.FileNuevo - post-update.sample
2025-10-08 12:13:30.471 [main] INFO  Unidad1.ejemplo.FileNuevo - pre-applypatch.sample
2025-10-08 12:13:30.471 [main] INFO  Unidad1.ejemplo.FileNuevo - pre-commit.sample
2025-10-08 12:13:30.471 [main] INFO  Unidad1.ejemplo.FileNuevo - pre-merge-commit.sample
2025-10-08 12:13:30.471 [main] INFO  Unidad1.ejemplo.FileNuevo - pre-push.sample
2025-10-08 12:13:30.471 [main] INFO  Unidad1.ejemplo.FileNuevo - pre-rebase.sample
2025-10-08 12:13:30.471 [main] INFO  Unidad1.ejemplo.FileNuevo - pre-receive.sample
2025-10-08 12:13:30.471 [main] INFO  Unidad1.ejemplo.FileNuevo - prepare-commit-msg.sample
2025-10-08 12:13:30.471 [main] INFO  Unidad1.ejemplo.FileNuevo - push-to-checkout.sample
2025-10-08 12:13:30.471 [main] INFO  Unidad1.ejemplo.FileNuevo - sendemail-validate.sample
2025-10-08 12:13:30.471 [main] INFO  Unidad1.ejemplo.FileNuevo - update.sample
2025-10-08 12:13:30.471 [main] INFO  Unidad1.ejemplo.FileNuevo - index
2025-10-08 12:13:30.471 [main] INFO  Unidad1.ejemplo.FileNuevo - exclude
2025-10-08 12:13:30.471 [main] INFO  Unidad1.ejemplo.FileNuevo - HEAD
2025-10-08 12:13:30.471 [main] INFO  Unidad1.ejemplo.FileNuevo - master
2025-10-08 12:13:30.471 [main] INFO  Unidad1.ejemplo.FileNuevo - master
2025-10-08 12:13:30.471 [main] INFO  Unidad1.ejemplo.FileNuevo - 6e1ef22f911f3e27b68521135ebb196bce5ec4
2025-10-08 12:13:30.472 [main] INFO  Unidad1.ejemplo.FileNuevo - b2898ab09133f4ea5f86254bdee935fb65de48
2025-10-08 12:13:30.472 [main] INFO  Unidad1.ejemplo.FileNuevo - a32fa9d3563c4231d9f155cba7274877e8907b
2025-10-08 12:13:30.472 [main] INFO  Unidad1.ejemplo.FileNuevo - 706009c81bea86615fb6d1f7710ea01292300b
2025-10-08 12:13:30.472 [main] INFO  Unidad1.ejemplo.FileNuevo - 3dfd75c238077f262308f40d77be535ec58288
2025-10-08 12:13:30.472 [main] INFO  Unidad1.ejemplo.FileNuevo - 2caf3e2b785372286a67293f8cd7e67f0b9f39
2025-10-08 12:13:30.472 [main] INFO  Unidad1.ejemplo.FileNuevo - 72f86dc025b89ee9854f1f280df77265e150d1
2025-10-08 12:13:30.472 [main] INFO  Unidad1.ejemplo.FileNuevo - cb6f45b0593d5c247fdaf2585a0e1214e3c7f6
2025-10-08 12:13:30.472 [main] INFO  Unidad1.ejemplo.FileNuevo - 91214486cc7878f917f4d26a3645fe6c5eb288
2025-10-08 12:13:30.472 [main] INFO  Unidad1.ejemplo.FileNuevo - 73e887c6917895216373a185291eb30810b649
2025-10-08 12:13:30.472 [main] INFO  Unidad1.ejemplo.FileNuevo - df3b1f360838ed2fb5b967e741c8fa187252b9
2025-10-08 12:13:30.472 [main] INFO  Unidad1.ejemplo.FileNuevo - 313d4b25e4b826b5efa4bed06fd69068761519
2025-10-08 12:13:30.472 [main] INFO  Unidad1.ejemplo.FileNuevo - 9124ed1387813cfd8108be798501dffc30eb2a
2025-10-08 12:13:30.472 [main] INFO  Unidad1.ejemplo.FileNuevo - 2ccf6a40995aa44edcd2160d5da4193f65d18e
2025-10-08 12:13:30.472 [main] INFO  Unidad1.ejemplo.FileNuevo - a3f01ca5230e6ac103537f07a17f3f8ffc50ce
2025-10-08 12:13:30.472 [main] INFO  Unidad1.ejemplo.FileNuevo - f73e120dc6f4d05c2bf82b40aec7cd72c0570b
2025-10-08 12:13:30.473 [main] INFO  Unidad1.ejemplo.FileNuevo - 97a7f1cb2389f85fe6381425d29f0a9866fb65
2025-10-08 12:13:30.473 [main] INFO  Unidad1.ejemplo.FileNuevo - master
2025-10-08 12:13:30.473 [main] INFO  Unidad1.ejemplo.FileNuevo - master
2025-10-08 12:13:30.473 [main] INFO  Unidad1.ejemplo.FileNuevo - .project
2025-10-08 12:13:30.473 [main] INFO  Unidad1.ejemplo.FileNuevo - org.eclipse.jdt.apt.core.prefs
2025-10-08 12:13:30.473 [main] INFO  Unidad1.ejemplo.FileNuevo - org.eclipse.jdt.core.prefs
2025-10-08 12:13:30.473 [main] INFO  Unidad1.ejemplo.FileNuevo - org.eclipse.m2e.core.prefs
2025-10-08 12:13:30.473 [main] INFO  Unidad1.ejemplo.FileNuevo - pom.xml
2025-10-08 12:13:30.474 [main] INFO  Unidad1.ejemplo.FileNuevo - prueba.java
2025-10-08 12:13:30.474 [main] INFO  Unidad1.ejemplo.FileNuevo - prueba.class
2025-10-08 12:13:30.474 [main] INFO  Unidad1.ejemplo.FileNuevo - MANIFEST.MF
2025-10-08 12:13:30.475 [main] INFO  Unidad1.ejemplo.FileNuevo - pom.properties
2025-10-08 12:13:30.475 [main] INFO  Unidad1.ejemplo.FileNuevo - pom.xml
2025-10-08 12:13:30.475 [main] INFO  Unidad1.ejemplo.FileNuevo - .classpath
2025-10-08 12:13:30.475 [main] INFO  Unidad1.ejemplo.FileNuevo - .project
2025-10-08 12:13:30.475 [main] INFO  Unidad1.ejemplo.FileNuevo - org.eclipse.jdt.apt.core.prefs
2025-10-08 12:13:30.475 [main] INFO  Unidad1.ejemplo.FileNuevo - org.eclipse.jdt.core.prefs
2025-10-08 12:13:30.475 [main] INFO  Unidad1.ejemplo.FileNuevo - org.eclipse.m2e.core.prefs
2025-10-08 12:13:30.475 [main] INFO  Unidad1.ejemplo.FileNuevo - adios.txt
2025-10-08 12:13:30.475 [main] INFO  Unidad1.ejemplo.FileNuevo - pom.xml
2025-10-08 12:13:30.475 [main] INFO  Unidad1.ejemplo.FileNuevo - PruebaGit.java
2025-10-08 12:13:30.476 [main] INFO  Unidad1.ejemplo.FileNuevo - Ejemplo.java
2025-10-08 12:13:30.476 [main] INFO  Unidad1.ejemplo.FileNuevo - EjemploProcessBuilder.java
2025-10-08 12:13:30.476 [main] INFO  Unidad1.ejemplo.FileNuevo - Gestiona.class
2025-10-08 12:13:30.476 [main] INFO  Unidad1.ejemplo.FileNuevo - Gestiona.java
2025-10-08 12:13:30.476 [main] INFO  Unidad1.ejemplo.FileNuevo - LanzadorEjemplo.java
2025-10-08 12:13:30.476 [main] INFO  Unidad1.ejemplo.FileNuevo - MANIFEST.MF
2025-10-08 12:13:30.476 [main] INFO  Unidad1.ejemplo.FileNuevo - pom.properties
2025-10-08 12:13:30.476 [main] INFO  Unidad1.ejemplo.FileNuevo - pom.xml
2025-10-08 12:13:30.477 [main] INFO  Unidad1.ejemplo.FileNuevo - PruebaGit.class
2025-10-08 12:13:30.477 [main] INFO  Unidad1.ejemplo.FileNuevo - Ejemplo.class
2025-10-08 12:13:30.477 [main] INFO  Unidad1.ejemplo.FileNuevo - EjemploProcessBuilder.class
2025-10-08 12:13:30.477 [main] INFO  Unidad1.ejemplo.FileNuevo - Gestiona.class
2025-10-08 12:13:30.477 [main] INFO  Unidad1.ejemplo.FileNuevo - LanzadorEjemplo.class
2025-10-08 12:13:30.477 [main] INFO  Unidad1.ejemplo.FileNuevo - Gestiona.class
2025-10-08 12:13:30.477 [main] INFO  Unidad1.ejemplo.FileNuevo - .classpath
2025-10-08 12:13:30.477 [main] INFO  Unidad1.ejemplo.FileNuevo - .project
2025-10-08 12:13:30.477 [main] INFO  Unidad1.ejemplo.FileNuevo - org.eclipse.jdt.apt.core.prefs
2025-10-08 12:13:30.477 [main] INFO  Unidad1.ejemplo.FileNuevo - org.eclipse.jdt.core.prefs
2025-10-08 12:13:30.477 [main] INFO  Unidad1.ejemplo.FileNuevo - org.eclipse.m2e.core.prefs
2025-10-08 12:13:30.477 [main] INFO  Unidad1.ejemplo.FileNuevo - pom.xml
2025-10-08 12:13:30.478 [main] INFO  Unidad1.ejemplo.FileNuevo - Padre.java
2025-10-08 12:13:30.478 [main] INFO  Unidad1.ejemplo.FileNuevo - Test.java
2025-10-08 12:13:30.478 [main] INFO  Unidad1.ejemplo.FileNuevo - MANIFEST.MF
2025-10-08 12:13:30.478 [main] INFO  Unidad1.ejemplo.FileNuevo - pom.properties
2025-10-08 12:13:30.478 [main] INFO  Unidad1.ejemplo.FileNuevo - pom.xml
2025-10-08 12:13:30.478 [main] INFO  Unidad1.ejemplo.FileNuevo - Padre.class
2025-10-08 12:13:30.478 [main] INFO  Unidad1.ejemplo.FileNuevo - Test.class
2025-10-08 12:13:30.479 [main] INFO  Unidad1.ejemplo.FileNuevo - .lock
2025-10-08 12:13:30.479 [main] INFO  Unidad1.ejemplo.FileNuevo - .lock_info
2025-10-08 12:13:30.479 [main] INFO  Unidad1.ejemplo.FileNuevo - .log
2025-10-08 12:13:30.479 [main] INFO  Unidad1.ejemplo.FileNuevo - repositories.xml.zip
2025-10-08 12:13:30.479 [main] INFO  Unidad1.ejemplo.FileNuevo - tasks.xml.zip
2025-10-08 12:13:30.479 [main] INFO  Unidad1.ejemplo.FileNuevo - versions.json
2025-10-08 12:13:30.480 [main] INFO  Unidad1.ejemplo.FileNuevo - .location
2025-10-08 12:13:30.480 [main] INFO  Unidad1.ejemplo.FileNuevo - history.version
2025-10-08 12:13:30.480 [main] INFO  Unidad1.ejemplo.FileNuevo - properties.index
2025-10-08 12:13:30.480 [main] INFO  Unidad1.ejemplo.FileNuevo - properties.version
2025-10-08 12:13:30.480 [main] INFO  Unidad1.ejemplo.FileNuevo - 3.tree
2025-10-08 12:13:30.480 [main] INFO  Unidad1.ejemplo.FileNuevo - org.eclipse.core.resources
2025-10-08 12:13:30.480 [main] INFO  Unidad1.ejemplo.FileNuevo - Docker.prefs
2025-10-08 12:13:30.480 [main] INFO  Unidad1.ejemplo.FileNuevo - org.eclipse.core.resources.prefs
2025-10-08 12:13:30.480 [main] INFO  Unidad1.ejemplo.FileNuevo - org.eclipse.egit.core.prefs
2025-10-08 12:13:30.480 [main] INFO  Unidad1.ejemplo.FileNuevo - org.eclipse.jdt.ui.prefs
2025-10-08 12:13:30.480 [main] INFO  Unidad1.ejemplo.FileNuevo - org.eclipse.jsch.core.prefs
2025-10-08 12:13:30.480 [main] INFO  Unidad1.ejemplo.FileNuevo - org.eclipse.m2e.apt.prefs
2025-10-08 12:13:30.480 [main] INFO  Unidad1.ejemplo.FileNuevo - org.eclipse.m2e.discovery.prefs
2025-10-08 12:13:30.480 [main] INFO  Unidad1.ejemplo.FileNuevo - org.eclipse.mylyn.monitor.ui.prefs
2025-10-08 12:13:30.480 [main] INFO  Unidad1.ejemplo.FileNuevo - org.eclipse.mylyn.tasks.ui.prefs
2025-10-08 12:13:30.480 [main] INFO  Unidad1.ejemplo.FileNuevo - org.eclipse.ui.ide.prefs
2025-10-08 12:13:30.480 [main] INFO  Unidad1.ejemplo.FileNuevo - org.eclipse.ui.workbench.prefs
2025-10-08 12:13:30.480 [main] INFO  Unidad1.ejemplo.FileNuevo - org.springframework.ide.eclipse.boot.dash.prefs
2025-10-08 12:13:30.480 [main] INFO  Unidad1.ejemplo.FileNuevo - org.springframework.ide.eclipse.imports.prefs
2025-10-08 12:13:30.481 [main] INFO  Unidad1.ejemplo.FileNuevo - org.springsource.ide.eclipse.commons.ui.prefs
2025-10-08 12:13:30.481 [main] INFO  Unidad1.ejemplo.FileNuevo - workbench.xmi
2025-10-08 12:13:30.481 [main] INFO  Unidad1.ejemplo.FileNuevo - .project
2025-10-08 12:13:30.481 [main] INFO  Unidad1.ejemplo.FileNuevo - org.eclipse.core.resources.prefs
2025-10-08 12:13:30.481 [main] INFO  Unidad1.ejemplo.FileNuevo - assumedExternalFilesCache
2025-10-08 12:13:30.481 [main] INFO  Unidad1.ejemplo.FileNuevo - externalFilesCache
2025-10-08 12:13:30.481 [main] INFO  Unidad1.ejemplo.FileNuevo - javaLikeNames.txt
2025-10-08 12:13:30.481 [main] INFO  Unidad1.ejemplo.FileNuevo - nonChainingJarsCache
2025-10-08 12:13:30.481 [main] INFO  Unidad1.ejemplo.FileNuevo - variablesAndContainers.dat
2025-10-08 12:13:30.481 [main] INFO  Unidad1.ejemplo.FileNuevo - dialog_settings.xml
2025-10-08 12:13:30.481 [main] INFO  Unidad1.ejemplo.FileNuevo - OpenTypeHistory.xml
2025-10-08 12:13:30.481 [main] INFO  Unidad1.ejemplo.FileNuevo - QualifiedTypeNameHistory.xml
2025-10-08 12:13:30.482 [main] INFO  Unidad1.ejemplo.FileNuevo - workspaceState.ser
2025-10-08 12:13:30.482 [main] INFO  Unidad1.ejemplo.FileNuevo - 0.log
2025-10-08 12:13:30.482 [main] INFO  Unidad1.ejemplo.FileNuevo - logback.2.7.100.20250418-1315.xml
2025-10-08 12:13:30.482 [main] INFO  Unidad1.ejemplo.FileNuevo - clean-cache.properties
2025-10-08 12:13:30.482 [main] INFO  Unidad1.ejemplo.FileNuevo - dialog_settings.xml
2025-10-08 12:13:30.483 [main] INFO  Unidad1.ejemplo.FileNuevo - dialog_settings.xml
2025-10-08 12:13:30.483 [main] INFO  Unidad1.ejemplo.FileNuevo - workingsets.xml
2025-10-08 12:13:30.483 [main] INFO  Unidad1.ejemplo.FileNuevo - version.ini
2025-10-08 12:13:30.483 [main] INFO  Unidad1.ejemplo.FileNuevo - .classpath
2025-10-08 12:13:30.483 [main] INFO  Unidad1.ejemplo.FileNuevo - .project
2025-10-08 12:13:30.483 [main] INFO  Unidad1.ejemplo.FileNuevo - org.eclipse.core.resources.prefs
2025-10-08 12:13:30.483 [main] INFO  Unidad1.ejemplo.FileNuevo - org.eclipse.jdt.core.prefs
2025-10-08 12:13:30.483 [main] INFO  Unidad1.ejemplo.FileNuevo - StreamMain.class
2025-10-08 12:13:30.483 [main] INFO  Unidad1.ejemplo.FileNuevo - Canal.class
2025-10-08 12:13:30.483 [main] INFO  Unidad1.ejemplo.FileNuevo - Retransmision.class
2025-10-08 12:13:30.483 [main] INFO  Unidad1.ejemplo.FileNuevo - Usuario.class
2025-10-08 12:13:30.483 [main] INFO  Unidad1.ejemplo.FileNuevo - module-info.class
2025-10-08 12:13:30.483 [main] INFO  Unidad1.ejemplo.FileNuevo - CanalRepository.class
2025-10-08 12:13:30.484 [main] INFO  Unidad1.ejemplo.FileNuevo - RetransmisionRepository.class
2025-10-08 12:13:30.484 [main] INFO  Unidad1.ejemplo.FileNuevo - UsuarioRepository.class
2025-10-08 12:13:30.484 [main] INFO  Unidad1.ejemplo.FileNuevo - CanalService.class
2025-10-08 12:13:30.484 [main] INFO  Unidad1.ejemplo.FileNuevo - RetransmisionService.class
2025-10-08 12:13:30.484 [main] INFO  Unidad1.ejemplo.FileNuevo - UsuarioService.class
2025-10-08 12:13:30.484 [main] INFO  Unidad1.ejemplo.FileNuevo - StreamMain.java
2025-10-08 12:13:30.484 [main] INFO  Unidad1.ejemplo.FileNuevo - Canal.java
2025-10-08 12:13:30.484 [main] INFO  Unidad1.ejemplo.FileNuevo - Retransmision.java
2025-10-08 12:13:30.484 [main] INFO  Unidad1.ejemplo.FileNuevo - Usuario.java
2025-10-08 12:13:30.484 [main] INFO  Unidad1.ejemplo.FileNuevo - module-info.java
2025-10-08 12:13:30.484 [main] INFO  Unidad1.ejemplo.FileNuevo - CanalRepository.java
2025-10-08 12:13:30.484 [main] INFO  Unidad1.ejemplo.FileNuevo - RetransmisionRepository.java
2025-10-08 12:13:30.484 [main] INFO  Unidad1.ejemplo.FileNuevo - UsuarioRepository.java
2025-10-08 12:13:30.484 [main] INFO  Unidad1.ejemplo.FileNuevo - CanalService.java
2025-10-08 12:13:30.484 [main] INFO  Unidad1.ejemplo.FileNuevo - RetransmisionService.java
2025-10-08 12:13:30.484 [main] INFO  Unidad1.ejemplo.FileNuevo - UsuarioService.java
2025-10-08 12:13:30.484 [main] INFO  Unidad1.ejemplo.FileNuevo - .classpath
2025-10-08 12:13:30.484 [main] INFO  Unidad1.ejemplo.FileNuevo - .project
2025-10-08 12:13:30.484 [main] INFO  Unidad1.ejemplo.FileNuevo - org.eclipse.jdt.apt.core.prefs
2025-10-08 12:13:30.484 [main] INFO  Unidad1.ejemplo.FileNuevo - org.eclipse.jdt.core.prefs
2025-10-08 12:13:30.484 [main] INFO  Unidad1.ejemplo.FileNuevo - org.eclipse.m2e.core.prefs
2025-10-08 12:13:30.484 [main] INFO  Unidad1.ejemplo.FileNuevo - pom.xml
2025-10-08 12:13:30.486 [main] INFO  Unidad1.ejemplo.FileNuevo - Editorial.java
2025-10-08 12:13:30.486 [main] INFO  Unidad1.ejemplo.FileNuevo - Genero.java
2025-10-08 12:13:30.486 [main] INFO  Unidad1.ejemplo.FileNuevo - LibreriaException.java
2025-10-08 12:13:30.486 [main] INFO  Unidad1.ejemplo.FileNuevo - Libro.java
2025-10-08 12:13:30.486 [main] INFO  Unidad1.ejemplo.FileNuevo - EditorialRepository.java
2025-10-08 12:13:30.486 [main] INFO  Unidad1.ejemplo.FileNuevo - LibroRepository.java
2025-10-08 12:13:30.486 [main] INFO  Unidad1.ejemplo.FileNuevo - EditorialService.java
2025-10-08 12:13:30.486 [main] INFO  Unidad1.ejemplo.FileNuevo - LibroService.java
2025-10-08 12:13:30.487 [main] INFO  Unidad1.ejemplo.FileNuevo - MANIFEST.MF
2025-10-08 12:13:30.487 [main] INFO  Unidad1.ejemplo.FileNuevo - pom.properties
2025-10-08 12:13:30.487 [main] INFO  Unidad1.ejemplo.FileNuevo - pom.xml
2025-10-08 12:13:30.487 [main] INFO  Unidad1.ejemplo.FileNuevo - Editorial.class
2025-10-08 12:13:30.487 [main] INFO  Unidad1.ejemplo.FileNuevo - Genero.class
2025-10-08 12:13:30.487 [main] INFO  Unidad1.ejemplo.FileNuevo - LibreriaException.class
2025-10-08 12:13:30.487 [main] INFO  Unidad1.ejemplo.FileNuevo - Libro.class
2025-10-08 12:13:30.487 [main] INFO  Unidad1.ejemplo.FileNuevo - EditorialRepository.class
2025-10-08 12:13:30.487 [main] INFO  Unidad1.ejemplo.FileNuevo - LibroRepository.class
2025-10-08 12:13:30.487 [main] INFO  Unidad1.ejemplo.FileNuevo - EditorialService.class
2025-10-08 12:13:30.487 [main] INFO  Unidad1.ejemplo.FileNuevo - LibroService.class
2025-10-08 12:13:30.488 [main] INFO  Unidad1.ejemplo.FileNuevo - .classpath
2025-10-08 12:13:30.488 [main] INFO  Unidad1.ejemplo.FileNuevo - .project
2025-10-08 12:13:30.488 [main] INFO  Unidad1.ejemplo.FileNuevo - org.eclipse.jdt.apt.core.prefs
2025-10-08 12:13:30.488 [main] INFO  Unidad1.ejemplo.FileNuevo - org.eclipse.jdt.core.prefs
2025-10-08 12:13:30.488 [main] INFO  Unidad1.ejemplo.FileNuevo - org.eclipse.m2e.core.prefs
2025-10-08 12:13:30.488 [main] INFO  Unidad1.ejemplo.FileNuevo - pom.xml
2025-10-08 12:13:30.488 [main] INFO  Unidad1.ejemplo.FileNuevo - Padre.java
2025-10-08 12:13:30.488 [main] INFO  Unidad1.ejemplo.FileNuevo - Test.java
2025-10-08 12:13:30.489 [main] INFO  Unidad1.ejemplo.FileNuevo - MANIFEST.MF
2025-10-08 12:13:30.489 [main] INFO  Unidad1.ejemplo.FileNuevo - pom.properties
2025-10-08 12:13:30.489 [main] INFO  Unidad1.ejemplo.FileNuevo - pom.xml
2025-10-08 12:13:30.489 [main] INFO  Unidad1.ejemplo.FileNuevo - Padre.class
2025-10-08 12:13:30.489 [main] INFO  Unidad1.ejemplo.FileNuevo - Test.class
2025-10-08 12:13:30.489 [main] INFO  Unidad1.ejemplo.FileNuevo - Tu Chrome - Chrome.lnk
2025-10-08 12:13:30.489 [main] INFO  Unidad1.ejemplo.FileNuevo - Visual Studio Code.lnk
2025-10-08 12:20:37.795 [main] INFO  Unidad1.ejemplo.FileNuevo - Android
2025-10-08 12:20:37.796 [main] INFO  Unidad1.ejemplo.FileNuevo - Brave.lnk
2025-10-08 12:20:37.797 [main] INFO  Unidad1.ejemplo.FileNuevo - desktop.ini
2025-10-08 12:20:37.797 [main] INFO  Unidad1.ejemplo.FileNuevo - fichero
2025-10-08 12:20:37.797 [main] INFO  Unidad1.ejemplo.FileNuevo - fichero.txt
2025-10-08 12:20:37.797 [main] INFO  Unidad1.ejemplo.FileNuevo - Optativa
2025-10-08 12:20:37.797 [main] INFO  Unidad1.ejemplo.FileNuevo - Spring
2025-10-08 12:20:37.797 [main] INFO  Unidad1.ejemplo.FileNuevo - SpringNuevo
2025-10-08 12:20:37.797 [main] INFO  Unidad1.ejemplo.FileNuevo - Tu Chrome - Chrome.lnk
2025-10-08 12:20:37.797 [main] INFO  Unidad1.ejemplo.FileNuevo - Visual Studio Code.lnk
2025-10-08 12:20:37.798 [main] INFO  Unidad1.ejemplo.FileNuevo - COMMIT_EDITMSG
2025-10-08 12:20:37.798 [main] INFO  Unidad1.ejemplo.FileNuevo - config
2025-10-08 12:20:37.798 [main] INFO  Unidad1.ejemplo.FileNuevo - description
2025-10-08 12:20:37.798 [main] INFO  Unidad1.ejemplo.FileNuevo - HEAD
2025-10-08 12:20:37.799 [main] INFO  Unidad1.ejemplo.FileNuevo - applypatch-msg.sample
2025-10-08 12:20:37.799 [main] INFO  Unidad1.ejemplo.FileNuevo - commit-msg.sample
2025-10-08 12:20:37.799 [main] INFO  Unidad1.ejemplo.FileNuevo - fsmonitor-watchman.sample
2025-10-08 12:20:37.799 [main] INFO  Unidad1.ejemplo.FileNuevo - post-update.sample
2025-10-08 12:20:37.799 [main] INFO  Unidad1.ejemplo.FileNuevo - pre-applypatch.sample
2025-10-08 12:20:37.799 [main] INFO  Unidad1.ejemplo.FileNuevo - pre-commit.sample
2025-10-08 12:20:37.799 [main] INFO  Unidad1.ejemplo.FileNuevo - pre-merge-commit.sample
2025-10-08 12:20:37.799 [main] INFO  Unidad1.ejemplo.FileNuevo - pre-push.sample
2025-10-08 12:20:37.799 [main] INFO  Unidad1.ejemplo.FileNuevo - pre-rebase.sample
2025-10-08 12:20:37.800 [main] INFO  Unidad1.ejemplo.FileNuevo - pre-receive.sample
2025-10-08 12:20:37.800 [main] INFO  Unidad1.ejemplo.FileNuevo - prepare-commit-msg.sample
2025-10-08 12:20:37.800 [main] INFO  Unidad1.ejemplo.FileNuevo - push-to-checkout.sample
2025-10-08 12:20:37.800 [main] INFO  Unidad1.ejemplo.FileNuevo - sendemail-validate.sample
2025-10-08 12:20:37.800 [main] INFO  Unidad1.ejemplo.FileNuevo - update.sample
2025-10-08 12:20:37.800 [main] INFO  Unidad1.ejemplo.FileNuevo - index
2025-10-08 12:20:37.800 [main] INFO  Unidad1.ejemplo.FileNuevo - exclude
2025-10-08 12:20:37.801 [main] INFO  Unidad1.ejemplo.FileNuevo - HEAD
2025-10-08 12:20:37.801 [main] INFO  Unidad1.ejemplo.FileNuevo - master
2025-10-08 12:20:37.801 [main] INFO  Unidad1.ejemplo.FileNuevo - master
2025-10-08 12:20:37.801 [main] INFO  Unidad1.ejemplo.FileNuevo - ec266f0a03b2ca0ad156db6f995aec3d39712f
2025-10-08 12:20:37.801 [main] INFO  Unidad1.ejemplo.FileNuevo - 615786dd22a6c2df1ebd0b3a53fcd204d49d6c
2025-10-08 12:20:37.801 [main] INFO  Unidad1.ejemplo.FileNuevo - d5da9cbf141911847041df5d7b87f0dd5ef9d4
2025-10-08 12:20:37.803 [main] INFO  Unidad1.ejemplo.FileNuevo - 9f596534cff0ff01695d2b8bde7acf62d122dd
2025-10-08 12:20:37.803 [main] INFO  Unidad1.ejemplo.FileNuevo - 4ce13467aa9741baf73bb3464e5dee0e2095c2
2025-10-08 12:20:37.803 [main] INFO  Unidad1.ejemplo.FileNuevo - 7acd32c4e687021ef32db511e8a206129b88ec
2025-10-08 12:20:37.803 [main] INFO  Unidad1.ejemplo.FileNuevo - 17e928894cecf247fd980964e5e9f7fad16e4e
2025-10-08 12:20:37.803 [main] INFO  Unidad1.ejemplo.FileNuevo - a77a0053be7630553c042a5fcae8cd358fa6b0
2025-10-08 12:20:37.803 [main] INFO  Unidad1.ejemplo.FileNuevo - 032ec51b9f97ba21eaa44772ff5d010dede379
2025-10-08 12:20:37.804 [main] INFO  Unidad1.ejemplo.FileNuevo - 660f1d80a1f5cde389ecce783051eb8f68223d
2025-10-08 12:20:37.804 [main] INFO  Unidad1.ejemplo.FileNuevo - b0d7876bddd1af430ed20380e82474b9b867ae
2025-10-08 12:20:37.804 [main] INFO  Unidad1.ejemplo.FileNuevo - 98f9ecd0a495b04dba10d6603b9754e5d38fe8
2025-10-08 12:20:37.804 [main] INFO  Unidad1.ejemplo.FileNuevo - 2ca1a295f442e373e7c1bc80d932f11d158ec7
2025-10-08 12:20:37.805 [main] INFO  Unidad1.ejemplo.FileNuevo - 9a6956b3acdc11f40ce2bb3f6efbd845cc243f
2025-10-08 12:20:37.805 [main] INFO  Unidad1.ejemplo.FileNuevo - fc19719dd1af7fd9b756ab264426c137eb5261
2025-10-08 12:20:37.805 [main] INFO  Unidad1.ejemplo.FileNuevo - 2a7233a0d3653758130edbca2731201514eeb7
2025-10-08 12:20:37.805 [main] INFO  Unidad1.ejemplo.FileNuevo - d33521af10bcc7fd8cea344038eaaeb78d0ef5
2025-10-08 12:20:37.806 [main] INFO  Unidad1.ejemplo.FileNuevo - 76407b28fa0a4dab5112ead194aaf0bdb16320
2025-10-08 12:20:37.806 [main] INFO  Unidad1.ejemplo.FileNuevo - d4b77f9f036a47549d47db79c16788749dca10
2025-10-08 12:20:37.806 [main] INFO  Unidad1.ejemplo.FileNuevo - daf5309cf7afb824178ae56b7e51d0138f7a01
2025-10-08 12:20:37.806 [main] INFO  Unidad1.ejemplo.FileNuevo - 068d11462a4b96669193de13a711a3a36220a0
2025-10-08 12:20:37.806 [main] INFO  Unidad1.ejemplo.FileNuevo - eb1ddfbbc029bcab630581847471d7f238ec53
2025-10-08 12:20:37.806 [main] INFO  Unidad1.ejemplo.FileNuevo - 45d716325b17c0a134ebc49dc37754078691f0
2025-10-08 12:20:37.807 [main] INFO  Unidad1.ejemplo.FileNuevo - 562787fc544e6bccb4ab62f9f1983c6debe54c
2025-10-08 12:20:37.807 [main] INFO  Unidad1.ejemplo.FileNuevo - 9c96186eb961bceceebcd04962dd7842b64ffa
2025-10-08 12:20:37.807 [main] INFO  Unidad1.ejemplo.FileNuevo - e1a3968d8b34c920ca224de40811509c6625ed
2025-10-08 12:20:37.807 [main] INFO  Unidad1.ejemplo.FileNuevo - eb4776b3b3e6ddaf99d4f501c31ddf7a023740
2025-10-08 12:20:37.807 [main] INFO  Unidad1.ejemplo.FileNuevo - 022c214b8c47a5d5f9774197529f763d5716a0
2025-10-08 12:20:37.807 [main] INFO  Unidad1.ejemplo.FileNuevo - afabfd2abebf31384ca7797186a27a4b7dbee8
2025-10-08 12:20:37.807 [main] INFO  Unidad1.ejemplo.FileNuevo - 87edc225e5dd29788b0c5e26f7c3dbd57a1e4a
2025-10-08 12:20:37.808 [main] INFO  Unidad1.ejemplo.FileNuevo - 123c8a05f7c8ae0d069692786b4f3b1a0648d7
2025-10-08 12:20:37.808 [main] INFO  Unidad1.ejemplo.FileNuevo - 49f27183b41e16673c6f080f304500794e92a7
2025-10-08 12:20:37.808 [main] INFO  Unidad1.ejemplo.FileNuevo - afa981e7c0c2d5690704b296ea0ce2a1d2466e
2025-10-08 12:20:37.808 [main] INFO  Unidad1.ejemplo.FileNuevo - 1bb434814107eb79d7a30b676d344b0df2f8ce
2025-10-08 12:20:37.809 [main] INFO  Unidad1.ejemplo.FileNuevo - 1a308672b82d2ebb8fbafc5d5ba24df9881a43
2025-10-08 12:20:37.809 [main] INFO  Unidad1.ejemplo.FileNuevo - 53bee8cb948a6e677a1a320d0ecfbe26d4062e
2025-10-08 12:20:37.809 [main] INFO  Unidad1.ejemplo.FileNuevo - 54668721ae95d2504f32b346d1997bb87ae6ba
2025-10-08 12:20:37.809 [main] INFO  Unidad1.ejemplo.FileNuevo - 5e39d253ccecd59322033414f6cfa8aff8b8ae
2025-10-08 12:20:37.809 [main] INFO  Unidad1.ejemplo.FileNuevo - f925582478cf0d469c4cff9a4bb50859f3230a
2025-10-08 12:20:37.809 [main] INFO  Unidad1.ejemplo.FileNuevo - 0f1d64e58ba64d180ce43ee13bf9a17835fbca
2025-10-08 12:20:37.809 [main] INFO  Unidad1.ejemplo.FileNuevo - 906e0c811fc9e230eb44819f509cd0627f2600
2025-10-08 12:20:37.809 [main] INFO  Unidad1.ejemplo.FileNuevo - 6abe05699b4a4d708524ba0d8a6ebbd734ec1a
2025-10-08 12:20:37.809 [main] INFO  Unidad1.ejemplo.FileNuevo - 2233e859e57fb2978b3eff5c44d084f2e3ca77
2025-10-08 12:20:37.809 [main] INFO  Unidad1.ejemplo.FileNuevo - a1814ca1fca619aec903c3180015d440d0f3f7
2025-10-08 12:20:37.811 [main] INFO  Unidad1.ejemplo.FileNuevo - 5c4d41c45badc0929a3b57886951a92a4fd8f5
2025-10-08 12:20:37.811 [main] INFO  Unidad1.ejemplo.FileNuevo - 26da982348ec04fd79d859edf9f3b61f9af86e
2025-10-08 12:20:37.811 [main] INFO  Unidad1.ejemplo.FileNuevo - c01897baab47e59edade0e8852810e5fc1d4c5
2025-10-08 12:20:37.811 [main] INFO  Unidad1.ejemplo.FileNuevo - 78e69f933d0e5758ef0e46d981ca542e0088b5
2025-10-08 12:20:37.811 [main] INFO  Unidad1.ejemplo.FileNuevo - 3a75db029cc8f73dca1399d4bab9cdbade064f
2025-10-08 12:20:37.812 [main] INFO  Unidad1.ejemplo.FileNuevo - b611da081676d42f6c3f78a2c91e7bcedddedb
2025-10-08 12:20:37.812 [main] INFO  Unidad1.ejemplo.FileNuevo - 9c779c30dcea44b3fa466e6bdad0eee2f3cc8f
2025-10-08 12:20:37.812 [main] INFO  Unidad1.ejemplo.FileNuevo - 664c6246bd07e6d08e1eb87043191b51a0c32c
2025-10-08 12:20:37.812 [main] INFO  Unidad1.ejemplo.FileNuevo - 3b755bf50c6b03d8714a9c6184705e6a08389f
2025-10-08 12:20:37.813 [main] INFO  Unidad1.ejemplo.FileNuevo - dd639e4ea4800753c1dbdb333093410e843492
2025-10-08 12:20:37.813 [main] INFO  Unidad1.ejemplo.FileNuevo - 18ea20bed877ffbc2bc1f394ab9e89b6316a22
2025-10-08 12:20:37.813 [main] INFO  Unidad1.ejemplo.FileNuevo - 240f7de2a8a23ef562bbae83f2523daefa8eff
2025-10-08 12:20:37.813 [main] INFO  Unidad1.ejemplo.FileNuevo - a5d977951ccdfedf6e21f7fe07f1ac54b3b2ce
2025-10-08 12:20:37.813 [main] INFO  Unidad1.ejemplo.FileNuevo - 1e103ac70d82893bb249bac811811bb6413497
2025-10-08 12:20:37.813 [main] INFO  Unidad1.ejemplo.FileNuevo - 26ae37cbc3587421d6889eadd1d91fbf1994d4
2025-10-08 12:20:37.814 [main] INFO  Unidad1.ejemplo.FileNuevo - f95584ddee9f617685b7fa7225acc588370dc4
2025-10-08 12:20:37.814 [main] INFO  Unidad1.ejemplo.FileNuevo - 87f5083623b375139afb391af71cc533a7dd37
2025-10-08 12:20:37.814 [main] INFO  Unidad1.ejemplo.FileNuevo - 8a3070fe34c611c42c0d3ad3013a0dce358be0
2025-10-08 12:20:37.814 [main] INFO  Unidad1.ejemplo.FileNuevo - eae930ecec22a04356caa84220656ce4aeb9fb
2025-10-08 12:20:37.814 [main] INFO  Unidad1.ejemplo.FileNuevo - f0a8e140eb13e7d6fe6da418d1752a180fc74c
2025-10-08 12:20:37.814 [main] INFO  Unidad1.ejemplo.FileNuevo - 2ba517a4b447bebc00ed3d1e784228226aef3b
2025-10-08 12:20:37.814 [main] INFO  Unidad1.ejemplo.FileNuevo - e9997b0b4726e57c27b2f7b21462b604ff8a88
2025-10-08 12:20:37.815 [main] INFO  Unidad1.ejemplo.FileNuevo - de34961096076e3ad578310142d8e33859d1bb
2025-10-08 12:20:37.815 [main] INFO  Unidad1.ejemplo.FileNuevo - fcbdf0d0043b3a54b14de2350401c3cde249d7
2025-10-08 12:20:37.815 [main] INFO  Unidad1.ejemplo.FileNuevo - 724b77071afcbd9bb398053e05adaf7ac9405a
2025-10-08 12:20:37.815 [main] INFO  Unidad1.ejemplo.FileNuevo - 7d6427e6fa1074b79ccd52ef67ac15c5637e85
2025-10-08 12:20:37.815 [main] INFO  Unidad1.ejemplo.FileNuevo - 4e1eb0183d6bc0706fc494d66872508f198a59
2025-10-08 12:20:37.815 [main] INFO  Unidad1.ejemplo.FileNuevo - 94077ca2fcb01333b143c53620cae4aca0d3a8
2025-10-08 12:20:37.815 [main] INFO  Unidad1.ejemplo.FileNuevo - 68ef36cd2de3a14ddddf25aa9f5d4e95731e18
2025-10-08 12:20:37.815 [main] INFO  Unidad1.ejemplo.FileNuevo - dfe3d1ba5cf3ee31b3ecc1ced89044a1f3b7a9
2025-10-08 12:20:37.816 [main] INFO  Unidad1.ejemplo.FileNuevo - 405b3b32436569d6c9166762efd07fff07e534
2025-10-08 12:20:37.816 [main] INFO  Unidad1.ejemplo.FileNuevo - 6273d9424b73937ca6ad7933f6b7eeb60f4a3d
2025-10-08 12:20:37.816 [main] INFO  Unidad1.ejemplo.FileNuevo - 6f978d568819ab83cdb7567761357884d2b1e4
2025-10-08 12:20:37.816 [main] INFO  Unidad1.ejemplo.FileNuevo - 43ee59f6e0688f3d98cfb4a973382257e5d9d1
2025-10-08 12:20:37.816 [main] INFO  Unidad1.ejemplo.FileNuevo - 6e66da28d46c2e93e571b5259e18d4ea3f540c
2025-10-08 12:20:37.817 [main] INFO  Unidad1.ejemplo.FileNuevo - 33b6b2e70a2d6993c415f583601bc6745f63fb
2025-10-08 12:20:37.817 [main] INFO  Unidad1.ejemplo.FileNuevo - 09e78ecd372343283f4157dcfd918ec5165bb3
2025-10-08 12:20:37.817 [main] INFO  Unidad1.ejemplo.FileNuevo - 3378e93762f42b7d3a6840cc54860dcd1a1ac2
2025-10-08 12:20:37.817 [main] INFO  Unidad1.ejemplo.FileNuevo - 8a635d178e18466674de84da92d92bb148d2c0
2025-10-08 12:20:37.817 [main] INFO  Unidad1.ejemplo.FileNuevo - 524cd961d27b6695e755c6ef2d4d58cf38431e
2025-10-08 12:20:37.817 [main] INFO  Unidad1.ejemplo.FileNuevo - 28e6c207e27654fbec460c4deedcc41e0a9da1
2025-10-08 12:20:37.817 [main] INFO  Unidad1.ejemplo.FileNuevo - f5963e6b99a9f723c22e56756f61a0ca6b2a5f
2025-10-08 12:20:37.819 [main] INFO  Unidad1.ejemplo.FileNuevo - 5b0f2f61ec548c0334a453e602a4298a9e58af
2025-10-08 12:20:37.819 [main] INFO  Unidad1.ejemplo.FileNuevo - 6ac09b2a42e15ad996e8284b9b5570ebeb56cf
2025-10-08 12:20:37.819 [main] INFO  Unidad1.ejemplo.FileNuevo - ae17d0cb638b847bfe67c09b058700ecdce46d
2025-10-08 12:20:37.819 [main] INFO  Unidad1.ejemplo.FileNuevo - 776809be5dab6e24e1f843a8a426f6f140518c
2025-10-08 12:20:37.819 [main] INFO  Unidad1.ejemplo.FileNuevo - 9af4d5b885b4cf699a9be59cd51ea898e75620
2025-10-08 12:20:37.820 [main] INFO  Unidad1.ejemplo.FileNuevo - d865875bed1a07468c9e2602a3465f5675249c
2025-10-08 12:20:37.820 [main] INFO  Unidad1.ejemplo.FileNuevo - 08b1c023ec8b20f512888fe07c5bd3ff77bb8f
2025-10-08 12:20:37.820 [main] INFO  Unidad1.ejemplo.FileNuevo - 5502e6ebc8a4abdc0ee42e0846ee7e606f9016
2025-10-08 12:20:37.820 [main] INFO  Unidad1.ejemplo.FileNuevo - 48317fc2b1406478f0ee240347d26c8adc932f
2025-10-08 12:20:37.821 [main] INFO  Unidad1.ejemplo.FileNuevo - c5a824911e5513ff6c76a660e9b930f7d4afb7
2025-10-08 12:20:37.821 [main] INFO  Unidad1.ejemplo.FileNuevo - 051a6f973e69a86e6f07f1a1c87f17a31c7235
2025-10-08 12:20:37.821 [main] INFO  Unidad1.ejemplo.FileNuevo - master
2025-10-08 12:20:37.821 [main] INFO  Unidad1.ejemplo.FileNuevo - master
2025-10-08 12:20:37.822 [main] INFO  Unidad1.ejemplo.FileNuevo - .gitignore
2025-10-08 12:20:37.822 [main] INFO  Unidad1.ejemplo.FileNuevo - checksums.lock
2025-10-08 12:20:37.822 [main] INFO  Unidad1.ejemplo.FileNuevo - md5-checksums.bin
2025-10-08 12:20:37.822 [main] INFO  Unidad1.ejemplo.FileNuevo - sha1-checksums.bin
2025-10-08 12:20:37.822 [main] INFO  Unidad1.ejemplo.FileNuevo - executionHistory.bin
2025-10-08 12:20:37.823 [main] INFO  Unidad1.ejemplo.FileNuevo - executionHistory.lock
2025-10-08 12:20:37.823 [main] INFO  Unidad1.ejemplo.FileNuevo - last-build.bin
2025-10-08 12:20:37.823 [main] INFO  Unidad1.ejemplo.FileNuevo - fileHashes.bin
2025-10-08 12:20:37.823 [main] INFO  Unidad1.ejemplo.FileNuevo - fileHashes.lock
2025-10-08 12:20:37.823 [main] INFO  Unidad1.ejemplo.FileNuevo - resourceHashesCache.bin
2025-10-08 12:20:37.823 [main] INFO  Unidad1.ejemplo.FileNuevo - gc.properties
2025-10-08 12:20:37.823 [main] INFO  Unidad1.ejemplo.FileNuevo - buildOutputCleanup.lock
2025-10-08 12:20:37.823 [main] INFO  Unidad1.ejemplo.FileNuevo - cache.properties
2025-10-08 12:20:37.823 [main] INFO  Unidad1.ejemplo.FileNuevo - outputFiles.bin
2025-10-08 12:20:37.824 [main] INFO  Unidad1.ejemplo.FileNuevo - config.properties
2025-10-08 12:20:37.824 [main] INFO  Unidad1.ejemplo.FileNuevo - file-system.probe
2025-10-08 12:20:37.824 [main] INFO  Unidad1.ejemplo.FileNuevo - gc.properties
2025-10-08 12:20:37.824 [main] INFO  Unidad1.ejemplo.FileNuevo - .gitignore
2025-10-08 12:20:37.824 [main] INFO  Unidad1.ejemplo.FileNuevo - .name
2025-10-08 12:20:37.824 [main] INFO  Unidad1.ejemplo.FileNuevo - AndroidProjectSystem.xml
2025-10-08 12:20:37.824 [main] INFO  Unidad1.ejemplo.FileNuevo - deviceStreaming.xml
2025-10-08 12:20:37.824 [main] INFO  Unidad1.ejemplo.FileNuevo - compiler.xml
2025-10-08 12:20:37.824 [main] INFO  Unidad1.ejemplo.FileNuevo - deploymentTargetSelector.xml
2025-10-08 12:20:37.824 [main] INFO  Unidad1.ejemplo.FileNuevo - deviceManager.xml
2025-10-08 12:20:37.825 [main] INFO  Unidad1.ejemplo.FileNuevo - gradle.xml
2025-10-08 12:20:37.825 [main] INFO  Unidad1.ejemplo.FileNuevo - migrations.xml
2025-10-08 12:20:37.825 [main] INFO  Unidad1.ejemplo.FileNuevo - misc.xml
2025-10-08 12:20:37.825 [main] INFO  Unidad1.ejemplo.FileNuevo - runConfigurations.xml
2025-10-08 12:20:37.825 [main] INFO  Unidad1.ejemplo.FileNuevo - vcs.xml
2025-10-08 12:20:37.825 [main] INFO  Unidad1.ejemplo.FileNuevo - workspace.xml
2025-10-08 12:20:37.825 [main] INFO  Unidad1.ejemplo.FileNuevo - .gitignore
2025-10-08 12:20:37.826 [main] INFO  Unidad1.ejemplo.FileNuevo - ic_launcher_foreground.xml
2025-10-08 12:20:37.827 [main] INFO  Unidad1.ejemplo.FileNuevo - annotationProcessors.json
2025-10-08 12:20:37.827 [main] INFO  Unidad1.ejemplo.FileNuevo - app-debug.apk
2025-10-08 12:20:37.827 [main] INFO  Unidad1.ejemplo.FileNuevo - output-metadata.json
2025-10-08 12:20:37.827 [main] INFO  Unidad1.ejemplo.FileNuevo - redirect.txt
2025-10-08 12:20:37.828 [main] INFO  Unidad1.ejemplo.FileNuevo - app-metadata.properties
2025-10-08 12:20:37.828 [main] INFO  Unidad1.ejemplo.FileNuevo - output-metadata.json
2025-10-08 12:20:37.829 [main] INFO  Unidad1.ejemplo.FileNuevo - R.jar
2025-10-08 12:20:37.831 [main] INFO  Unidad1.ejemplo.FileNuevo - graph.bin
2025-10-08 12:20:37.831 [main] INFO  Unidad1.ejemplo.FileNuevo - graph.bin
2025-10-08 12:20:37.831 [main] INFO  Unidad1.ejemplo.FileNuevo - graph.bin
2025-10-08 12:20:37.832 [main] INFO  Unidad1.ejemplo.FileNuevo - graph.bin
2025-10-08 12:20:37.832 [main] INFO  Unidad1.ejemplo.FileNuevo - graph.bin
2025-10-08 12:20:37.832 [main] INFO  Unidad1.ejemplo.FileNuevo - graph.bin
2025-10-08 12:20:37.832 [main] INFO  Unidad1.ejemplo.FileNuevo - graph.bin
2025-10-08 12:20:37.832 [main] INFO  Unidad1.ejemplo.FileNuevo - graph.bin
2025-10-08 12:20:37.832 [main] INFO  Unidad1.ejemplo.FileNuevo - graph.bin
2025-10-08 12:20:37.833 [main] INFO  Unidad1.ejemplo.FileNuevo - graph.bin
2025-10-08 12:20:37.833 [main] INFO  Unidad1.ejemplo.FileNuevo - graph.bin
2025-10-08 12:20:37.833 [main] INFO  Unidad1.ejemplo.FileNuevo - graph.bin
2025-10-08 12:20:37.833 [main] INFO  Unidad1.ejemplo.FileNuevo - graph.bin
2025-10-08 12:20:37.833 [main] INFO  Unidad1.ejemplo.FileNuevo - graph.bin
2025-10-08 12:20:37.833 [main] INFO  Unidad1.ejemplo.FileNuevo - graph.bin
2025-10-08 12:20:37.833 [main] INFO  Unidad1.ejemplo.FileNuevo - graph.bin
2025-10-08 12:20:37.834 [main] INFO  Unidad1.ejemplo.FileNuevo - classes.dex
2025-10-08 12:20:37.835 [main] INFO  Unidad1.ejemplo.FileNuevo - classes.dex
2025-10-08 12:20:37.836 [main] INFO  Unidad1.ejemplo.FileNuevo - classes.dex
2025-10-08 12:20:37.837 [main] INFO  Unidad1.ejemplo.FileNuevo - out
2025-10-08 12:20:37.837 [main] INFO  Unidad1.ejemplo.FileNuevo - out
2025-10-08 12:20:37.838 [main] INFO  Unidad1.ejemplo.FileNuevo - compile-file-map.properties
2025-10-08 12:20:37.840 [main] INFO  Unidad1.ejemplo.FileNuevo - merger.xml
2025-10-08 12:20:37.840 [main] INFO  Unidad1.ejemplo.FileNuevo - compile-file-map.properties
2025-10-08 12:20:37.840 [main] INFO  Unidad1.ejemplo.FileNuevo - merger.xml
2025-10-08 12:20:37.840 [main] INFO  Unidad1.ejemplo.FileNuevo - merge-state
2025-10-08 12:20:37.840 [main] INFO  Unidad1.ejemplo.FileNuevo - 06J3wk5RJ32OIlrE4d+vRw==
2025-10-08 12:20:37.841 [main] INFO  Unidad1.ejemplo.FileNuevo - 1avI0Qmmnrpn_vdPZlV1AA==
2025-10-08 12:20:37.841 [main] INFO  Unidad1.ejemplo.FileNuevo - 22VsufL1U3XTqC1DU4m7xg==
2025-10-08 12:20:37.841 [main] INFO  Unidad1.ejemplo.FileNuevo - 4KUTQbaxrpxuQ9sPgpVfzA==
2025-10-08 12:20:37.841 [main] INFO  Unidad1.ejemplo.FileNuevo - 4SYwQ56OuVS4LsQm+iW3gg==
2025-10-08 12:20:37.841 [main] INFO  Unidad1.ejemplo.FileNuevo - 51nxkgeC6ZDPN6EMSuni_Q==
2025-10-08 12:20:37.841 [main] INFO  Unidad1.ejemplo.FileNuevo - 6sjwx5c44WbsK+YGTmRVHw==
2025-10-08 12:20:37.841 [main] INFO  Unidad1.ejemplo.FileNuevo - aif1wudAHAESUEvkhWmJ8Q==
2025-10-08 12:20:37.841 [main] INFO  Unidad1.ejemplo.FileNuevo - APfW+HryITjCqlX8sNol0w==
2025-10-08 12:20:37.841 [main] INFO  Unidad1.ejemplo.FileNuevo - b8Km8C9glVHrIvb8M_E+Jw==
2025-10-08 12:20:37.841 [main] INFO  Unidad1.ejemplo.FileNuevo - cdiBqqrEOPhE70VtCZLTwA==
2025-10-08 12:20:37.841 [main] INFO  Unidad1.ejemplo.FileNuevo - CGc9a_Iybp8aixutiYmspA==
2025-10-08 12:20:37.841 [main] INFO  Unidad1.ejemplo.FileNuevo - dtm6Y8yG8ELHHOpWH+O+9A==
2025-10-08 12:20:37.841 [main] INFO  Unidad1.ejemplo.FileNuevo - eD8pMsdP89U__iOrLGV4QQ==
2025-10-08 12:20:37.841 [main] INFO  Unidad1.ejemplo.FileNuevo - EMZL6yP5sryAuTMmObbLoQ==
2025-10-08 12:20:37.841 [main] INFO  Unidad1.ejemplo.FileNuevo - eu764Be8Vi5MyvQ2JHwy7w==
2025-10-08 12:20:37.841 [main] INFO  Unidad1.ejemplo.FileNuevo - F+ssJOu51FApieQv2QG4GQ==
2025-10-08 12:20:37.841 [main] INFO  Unidad1.ejemplo.FileNuevo - f6gErcHhuarP7eRRRXzueg==
2025-10-08 12:20:37.842 [main] INFO  Unidad1.ejemplo.FileNuevo - FaC4WeMYealUbLY30XKnVQ==
2025-10-08 12:20:37.842 [main] INFO  Unidad1.ejemplo.FileNuevo - ffTSMZyxdMMAm89jstPGFQ==
2025-10-08 12:20:37.842 [main] INFO  Unidad1.ejemplo.FileNuevo - f_3FwVg8SdicMtHO4WCv6g==
2025-10-08 12:20:37.842 [main] INFO  Unidad1.ejemplo.FileNuevo - G+CFndvF0medGqfZS665fA==
2025-10-08 12:20:37.842 [main] INFO  Unidad1.ejemplo.FileNuevo - HlTRxwc40lYafCJYbJZ69Q==
2025-10-08 12:20:37.842 [main] INFO  Unidad1.ejemplo.FileNuevo - hTnYRxPD71hCroLptYB6RA==
2025-10-08 12:20:37.842 [main] INFO  Unidad1.ejemplo.FileNuevo - I0F_Xelmrg1K5gyYh+Mb2w==
2025-10-08 12:20:37.842 [main] INFO  Unidad1.ejemplo.FileNuevo - ia4sE2y8p13InrD1iAazng==
2025-10-08 12:20:37.842 [main] INFO  Unidad1.ejemplo.FileNuevo - iG0eexq63lXCrPqJ5KQ93w==
2025-10-08 12:20:37.842 [main] INFO  Unidad1.ejemplo.FileNuevo - KeKl2RvWe7g6spgIyE9pCQ==
2025-10-08 12:20:37.842 [main] INFO  Unidad1.ejemplo.FileNuevo - kj5Fok34jWYdqAMNwlYKfQ==
2025-10-08 12:20:37.842 [main] INFO  Unidad1.ejemplo.FileNuevo - KTeL8f15ovSAQUiostpZCg==
2025-10-08 12:20:37.842 [main] INFO  Unidad1.ejemplo.FileNuevo - mrfi6Wyl02XuzHehTe1XtA==
2025-10-08 12:20:37.842 [main] INFO  Unidad1.ejemplo.FileNuevo - OC_FAqunxQ5y+4eOeu9oWA==
2025-10-08 12:20:37.842 [main] INFO  Unidad1.ejemplo.FileNuevo - opgIIthlPUZnr6DfttVgUw==
2025-10-08 12:20:37.842 [main] INFO  Unidad1.ejemplo.FileNuevo - otN0tzU_Xa_MFT6fTdtjBQ==
2025-10-08 12:20:37.842 [main] INFO  Unidad1.ejemplo.FileNuevo - Pe+TQVb6w4fen+8YFplAGw==
2025-10-08 12:20:37.842 [main] INFO  Unidad1.ejemplo.FileNuevo - PtzAzQPmM396rPjOf01JaA==
2025-10-08 12:20:37.842 [main] INFO  Unidad1.ejemplo.FileNuevo - qv9oudKQ4IqiYfQZxaWojQ==
2025-10-08 12:20:37.844 [main] INFO  Unidad1.ejemplo.FileNuevo - r299Ztk+vrDH85KqtgcLpA==
2025-10-08 12:20:37.844 [main] INFO  Unidad1.ejemplo.FileNuevo - RBbhVhc8ZPBuSuUa0tjRWQ==
2025-10-08 12:20:37.844 [main] INFO  Unidad1.ejemplo.FileNuevo - RKMzK8G0Yiy16UqhiNeV7g==
2025-10-08 12:20:37.844 [main] INFO  Unidad1.ejemplo.FileNuevo - RPXshDxgj5NnB85jeOtWYQ==
2025-10-08 12:20:37.844 [main] INFO  Unidad1.ejemplo.FileNuevo - ruxoesy4TcanWu6fmthdKA==
2025-10-08 12:20:37.844 [main] INFO  Unidad1.ejemplo.FileNuevo - Tauqt7rUeHruufz+2Nuz1g==
2025-10-08 12:20:37.844 [main] INFO  Unidad1.ejemplo.FileNuevo - TZbrxXs0+VXuPZbzCPRCiA==
2025-10-08 12:20:37.844 [main] INFO  Unidad1.ejemplo.FileNuevo - UIReR5mpXdQpd3M20tslZg==
2025-10-08 12:20:37.844 [main] INFO  Unidad1.ejemplo.FileNuevo - VcdP8vXhHLPX_8IUjVeDRA==
2025-10-08 12:20:37.845 [main] INFO  Unidad1.ejemplo.FileNuevo - vlwFsCNMRF9OrkOB+HWTfw==
2025-10-08 12:20:37.845 [main] INFO  Unidad1.ejemplo.FileNuevo - VSKChhoZLwg_hcxgZyXiDg==
2025-10-08 12:20:37.845 [main] INFO  Unidad1.ejemplo.FileNuevo - VTjDAH3yRTB7c2S0FI+x4g==
2025-10-08 12:20:37.845 [main] INFO  Unidad1.ejemplo.FileNuevo - VXU0UMUxvvHDnJv5MNviLg==
2025-10-08 12:20:37.845 [main] INFO  Unidad1.ejemplo.FileNuevo - wl6rNCx2uxqkBTArAqrsMg==
2025-10-08 12:20:37.845 [main] INFO  Unidad1.ejemplo.FileNuevo - WQlXKoJx7l4mkKQ124hPKg==
2025-10-08 12:20:37.845 [main] INFO  Unidad1.ejemplo.FileNuevo - XDBeqC0qibnzh80D87YHpw==
2025-10-08 12:20:37.845 [main] INFO  Unidad1.ejemplo.FileNuevo - XjpFoEAek1aC9wVxgxI24g==
2025-10-08 12:20:37.845 [main] INFO  Unidad1.ejemplo.FileNuevo - XncESmuAOId1EfxIPmtBPA==
2025-10-08 12:20:37.846 [main] INFO  Unidad1.ejemplo.FileNuevo - yteSZO+W53_4uqanmpJr6w==
2025-10-08 12:20:37.846 [main] INFO  Unidad1.ejemplo.FileNuevo - zkqWzo8RLbNc3gkbbZEDPw==
2025-10-08 12:20:37.846 [main] INFO  Unidad1.ejemplo.FileNuevo - Zpy0GJKI3bz0xLOzl3SKNg==
2025-10-08 12:20:37.846 [main] INFO  Unidad1.ejemplo.FileNuevo - merger.xml
2025-10-08 12:20:37.847 [main] INFO  Unidad1.ejemplo.FileNuevo - merger.xml
2025-10-08 12:20:37.847 [main] INFO  Unidad1.ejemplo.FileNuevo - merger.xml
2025-10-08 12:20:37.847 [main] INFO  Unidad1.ejemplo.FileNuevo - dex-renamer-state.txt
2025-10-08 12:20:37.848 [main] INFO  Unidad1.ejemplo.FileNuevo - androidResources
2025-10-08 12:20:37.848 [main] INFO  Unidad1.ejemplo.FileNuevo - javaResources0
2025-10-08 12:20:37.848 [main] INFO  Unidad1.ejemplo.FileNuevo - MainActivity.class
2025-10-08 12:20:37.849 [main] INFO  Unidad1.ejemplo.FileNuevo - linked-resources-binary-format-debug.ap_
2025-10-08 12:20:37.849 [main] INFO  Unidad1.ejemplo.FileNuevo - output-metadata.json
2025-10-08 12:20:37.850 [main] INFO  Unidad1.ejemplo.FileNuevo - R-def.txt
2025-10-08 12:20:37.850 [main] INFO  Unidad1.ejemplo.FileNuevo - manifest-merger-blame-debug-report.txt
2025-10-08 12:20:37.850 [main] INFO  Unidad1.ejemplo.FileNuevo - base.jar
2025-10-08 12:20:37.852 [main] INFO  Unidad1.ejemplo.FileNuevo - AndroidManifest.xml
2025-10-08 12:20:37.853 [main] INFO  Unidad1.ejemplo.FileNuevo - AndroidManifest.xml
2025-10-08 12:20:37.853 [main] INFO  Unidad1.ejemplo.FileNuevo - output-metadata.json
2025-10-08 12:20:37.854 [main] INFO  Unidad1.ejemplo.FileNuevo - drawable-anydpi-v24_ic_launcher_foreground.xml.flat
2025-10-08 12:20:37.854 [main] INFO  Unidad1.ejemplo.FileNuevo - drawable_ic_launcher_background.xml.flat
2025-10-08 12:20:37.854 [main] INFO  Unidad1.ejemplo.FileNuevo - layout_activity_main.xml.flat
2025-10-08 12:20:37.854 [main] INFO  Unidad1.ejemplo.FileNuevo - mipmap-anydpi-v26_ic_launcher.xml.flat
2025-10-08 12:20:37.854 [main] INFO  Unidad1.ejemplo.FileNuevo - mipmap-anydpi-v26_ic_launcher_round.xml.flat
2025-10-08 12:20:37.854 [main] INFO  Unidad1.ejemplo.FileNuevo - mipmap-hdpi_ic_launcher.webp.flat
2025-10-08 12:20:37.854 [main] INFO  Unidad1.ejemplo.FileNuevo - mipmap-hdpi_ic_launcher_round.webp.flat
2025-10-08 12:20:37.855 [main] INFO  Unidad1.ejemplo.FileNuevo - mipmap-mdpi_ic_launcher.webp.flat
2025-10-08 12:20:37.855 [main] INFO  Unidad1.ejemplo.FileNuevo - mipmap-mdpi_ic_launcher_round.webp.flat
2025-10-08 12:20:37.855 [main] INFO  Unidad1.ejemplo.FileNuevo - mipmap-xhdpi_ic_launcher.webp.flat
2025-10-08 12:20:37.855 [main] INFO  Unidad1.ejemplo.FileNuevo - mipmap-xhdpi_ic_launcher_round.webp.flat
2025-10-08 12:20:37.855 [main] INFO  Unidad1.ejemplo.FileNuevo - mipmap-xxhdpi_ic_launcher.webp.flat
2025-10-08 12:20:37.855 [main] INFO  Unidad1.ejemplo.FileNuevo - mipmap-xxhdpi_ic_launcher_round.webp.flat
2025-10-08 12:20:37.855 [main] INFO  Unidad1.ejemplo.FileNuevo - mipmap-xxxhdpi_ic_launcher.webp.flat
2025-10-08 12:20:37.855 [main] INFO  Unidad1.ejemplo.FileNuevo - mipmap-xxxhdpi_ic_launcher_round.webp.flat
2025-10-08 12:20:37.855 [main] INFO  Unidad1.ejemplo.FileNuevo - values-af_values-af.arsc.flat
2025-10-08 12:20:37.855 [main] INFO  Unidad1.ejemplo.FileNuevo - values-am_values-am.arsc.flat
2025-10-08 12:20:37.855 [main] INFO  Unidad1.ejemplo.FileNuevo - values-ar_values-ar.arsc.flat
2025-10-08 12:20:37.855 [main] INFO  Unidad1.ejemplo.FileNuevo - values-as_values-as.arsc.flat
2025-10-08 12:20:37.855 [main] INFO  Unidad1.ejemplo.FileNuevo - values-az_values-az.arsc.flat
2025-10-08 12:20:37.855 [main] INFO  Unidad1.ejemplo.FileNuevo - values-b+es+419_values-b+es+419.arsc.flat
2025-10-08 12:20:37.855 [main] INFO  Unidad1.ejemplo.FileNuevo - values-b+sr+Latn_values-b+sr+Latn.arsc.flat
2025-10-08 12:20:37.855 [main] INFO  Unidad1.ejemplo.FileNuevo - values-be_values-be.arsc.flat
2025-10-08 12:20:37.856 [main] INFO  Unidad1.ejemplo.FileNuevo - values-bg_values-bg.arsc.flat
2025-10-08 12:20:37.856 [main] INFO  Unidad1.ejemplo.FileNuevo - values-bn_values-bn.arsc.flat
2025-10-08 12:20:37.856 [main] INFO  Unidad1.ejemplo.FileNuevo - values-bs_values-bs.arsc.flat
2025-10-08 12:20:37.856 [main] INFO  Unidad1.ejemplo.FileNuevo - values-ca_values-ca.arsc.flat
2025-10-08 12:20:37.856 [main] INFO  Unidad1.ejemplo.FileNuevo - values-cs_values-cs.arsc.flat
2025-10-08 12:20:37.856 [main] INFO  Unidad1.ejemplo.FileNuevo - values-da_values-da.arsc.flat
2025-10-08 12:20:37.856 [main] INFO  Unidad1.ejemplo.FileNuevo - values-de_values-de.arsc.flat
2025-10-08 12:20:37.856 [main] INFO  Unidad1.ejemplo.FileNuevo - values-el_values-el.arsc.flat
2025-10-08 12:20:37.856 [main] INFO  Unidad1.ejemplo.FileNuevo - values-en-rAU_values-en-rAU.arsc.flat
2025-10-08 12:20:37.856 [main] INFO  Unidad1.ejemplo.FileNuevo - values-en-rCA_values-en-rCA.arsc.flat
2025-10-08 12:20:37.856 [main] INFO  Unidad1.ejemplo.FileNuevo - values-en-rGB_values-en-rGB.arsc.flat
2025-10-08 12:20:37.856 [main] INFO  Unidad1.ejemplo.FileNuevo - values-en-rIN_values-en-rIN.arsc.flat
2025-10-08 12:20:37.856 [main] INFO  Unidad1.ejemplo.FileNuevo - values-en-rXC_values-en-rXC.arsc.flat
2025-10-08 12:20:37.857 [main] INFO  Unidad1.ejemplo.FileNuevo - values-es-rUS_values-es-rUS.arsc.flat
2025-10-08 12:20:37.857 [main] INFO  Unidad1.ejemplo.FileNuevo - values-es_values-es.arsc.flat
2025-10-08 12:20:37.857 [main] INFO  Unidad1.ejemplo.FileNuevo - values-et_values-et.arsc.flat
2025-10-08 12:20:37.857 [main] INFO  Unidad1.ejemplo.FileNuevo - values-eu_values-eu.arsc.flat
2025-10-08 12:20:37.857 [main] INFO  Unidad1.ejemplo.FileNuevo - values-fa_values-fa.arsc.flat
2025-10-08 12:20:37.857 [main] INFO  Unidad1.ejemplo.FileNuevo - values-fi_values-fi.arsc.flat
2025-10-08 12:20:37.857 [main] INFO  Unidad1.ejemplo.FileNuevo - values-fr-rCA_values-fr-rCA.arsc.flat
2025-10-08 12:20:37.857 [main] INFO  Unidad1.ejemplo.FileNuevo - values-fr_values-fr.arsc.flat
2025-10-08 12:20:37.857 [main] INFO  Unidad1.ejemplo.FileNuevo - values-gl_values-gl.arsc.flat
2025-10-08 12:20:37.857 [main] INFO  Unidad1.ejemplo.FileNuevo - values-gu_values-gu.arsc.flat
2025-10-08 12:20:37.857 [main] INFO  Unidad1.ejemplo.FileNuevo - values-h320dp-port-v13_values-h320dp-port-v13.arsc.flat
2025-10-08 12:20:37.857 [main] INFO  Unidad1.ejemplo.FileNuevo - values-h360dp-land-v13_values-h360dp-land-v13.arsc.flat
2025-10-08 12:20:37.857 [main] INFO  Unidad1.ejemplo.FileNuevo - values-h480dp-land-v13_values-h480dp-land-v13.arsc.flat
2025-10-08 12:20:37.858 [main] INFO  Unidad1.ejemplo.FileNuevo - values-h550dp-port-v13_values-h550dp-port-v13.arsc.flat
2025-10-08 12:20:37.858 [main] INFO  Unidad1.ejemplo.FileNuevo - values-h720dp-v13_values-h720dp-v13.arsc.flat
2025-10-08 12:20:37.858 [main] INFO  Unidad1.ejemplo.FileNuevo - values-hdpi-v4_values-hdpi-v4.arsc.flat
2025-10-08 12:20:37.858 [main] INFO  Unidad1.ejemplo.FileNuevo - values-hi_values-hi.arsc.flat
2025-10-08 12:20:37.858 [main] INFO  Unidad1.ejemplo.FileNuevo - values-hr_values-hr.arsc.flat
2025-10-08 12:20:37.858 [main] INFO  Unidad1.ejemplo.FileNuevo - values-hu_values-hu.arsc.flat
2025-10-08 12:20:37.858 [main] INFO  Unidad1.ejemplo.FileNuevo - values-hy_values-hy.arsc.flat
2025-10-08 12:20:37.858 [main] INFO  Unidad1.ejemplo.FileNuevo - values-in_values-in.arsc.flat
2025-10-08 12:20:37.858 [main] INFO  Unidad1.ejemplo.FileNuevo - values-is_values-is.arsc.flat
2025-10-08 12:20:37.858 [main] INFO  Unidad1.ejemplo.FileNuevo - values-it_values-it.arsc.flat
2025-10-08 12:20:37.858 [main] INFO  Unidad1.ejemplo.FileNuevo - values-iw_values-iw.arsc.flat
2025-10-08 12:20:37.858 [main] INFO  Unidad1.ejemplo.FileNuevo - values-ja_values-ja.arsc.flat
2025-10-08 12:20:37.858 [main] INFO  Unidad1.ejemplo.FileNuevo - values-ka_values-ka.arsc.flat
2025-10-08 12:20:37.859 [main] INFO  Unidad1.ejemplo.FileNuevo - values-kk_values-kk.arsc.flat
2025-10-08 12:20:37.859 [main] INFO  Unidad1.ejemplo.FileNuevo - values-km_values-km.arsc.flat
2025-10-08 12:20:37.859 [main] INFO  Unidad1.ejemplo.FileNuevo - values-kn_values-kn.arsc.flat
2025-10-08 12:20:37.859 [main] INFO  Unidad1.ejemplo.FileNuevo - values-ko_values-ko.arsc.flat
2025-10-08 12:20:37.859 [main] INFO  Unidad1.ejemplo.FileNuevo - values-ky_values-ky.arsc.flat
2025-10-08 12:20:37.859 [main] INFO  Unidad1.ejemplo.FileNuevo - values-land_values-land.arsc.flat
2025-10-08 12:20:37.859 [main] INFO  Unidad1.ejemplo.FileNuevo - values-large-v4_values-large-v4.arsc.flat
2025-10-08 12:20:37.859 [main] INFO  Unidad1.ejemplo.FileNuevo - values-ldltr-v21_values-ldltr-v21.arsc.flat
2025-10-08 12:20:37.859 [main] INFO  Unidad1.ejemplo.FileNuevo - values-ldrtl-v17_values-ldrtl-v17.arsc.flat
2025-10-08 12:20:37.859 [main] INFO  Unidad1.ejemplo.FileNuevo - values-lo_values-lo.arsc.flat
2025-10-08 12:20:37.859 [main] INFO  Unidad1.ejemplo.FileNuevo - values-lt_values-lt.arsc.flat
2025-10-08 12:20:37.859 [main] INFO  Unidad1.ejemplo.FileNuevo - values-lv_values-lv.arsc.flat
2025-10-08 12:20:37.859 [main] INFO  Unidad1.ejemplo.FileNuevo - values-mk_values-mk.arsc.flat
2025-10-08 12:20:37.859 [main] INFO  Unidad1.ejemplo.FileNuevo - values-ml_values-ml.arsc.flat
2025-10-08 12:20:37.859 [main] INFO  Unidad1.ejemplo.FileNuevo - values-mn_values-mn.arsc.flat
2025-10-08 12:20:37.859 [main] INFO  Unidad1.ejemplo.FileNuevo - values-mr_values-mr.arsc.flat
2025-10-08 12:20:37.859 [main] INFO  Unidad1.ejemplo.FileNuevo - values-ms_values-ms.arsc.flat
2025-10-08 12:20:37.859 [main] INFO  Unidad1.ejemplo.FileNuevo - values-my_values-my.arsc.flat
2025-10-08 12:20:37.859 [main] INFO  Unidad1.ejemplo.FileNuevo - values-nb_values-nb.arsc.flat
2025-10-08 12:20:37.860 [main] INFO  Unidad1.ejemplo.FileNuevo - values-ne_values-ne.arsc.flat
2025-10-08 12:20:37.860 [main] INFO  Unidad1.ejemplo.FileNuevo - values-night-v8_values-night-v8.arsc.flat
2025-10-08 12:20:37.860 [main] INFO  Unidad1.ejemplo.FileNuevo - values-nl_values-nl.arsc.flat
2025-10-08 12:20:37.860 [main] INFO  Unidad1.ejemplo.FileNuevo - values-or_values-or.arsc.flat
2025-10-08 12:20:37.860 [main] INFO  Unidad1.ejemplo.FileNuevo - values-pa_values-pa.arsc.flat
2025-10-08 12:20:37.860 [main] INFO  Unidad1.ejemplo.FileNuevo - values-pl_values-pl.arsc.flat
2025-10-08 12:20:37.860 [main] INFO  Unidad1.ejemplo.FileNuevo - values-port_values-port.arsc.flat
2025-10-08 12:20:37.860 [main] INFO  Unidad1.ejemplo.FileNuevo - values-pt-rBR_values-pt-rBR.arsc.flat
2025-10-08 12:20:37.860 [main] INFO  Unidad1.ejemplo.FileNuevo - values-pt-rPT_values-pt-rPT.arsc.flat
2025-10-08 12:20:37.860 [main] INFO  Unidad1.ejemplo.FileNuevo - values-pt_values-pt.arsc.flat
2025-10-08 12:20:37.860 [main] INFO  Unidad1.ejemplo.FileNuevo - values-ro_values-ro.arsc.flat
2025-10-08 12:20:37.860 [main] INFO  Unidad1.ejemplo.FileNuevo - values-ru_values-ru.arsc.flat
2025-10-08 12:20:37.860 [main] INFO  Unidad1.ejemplo.FileNuevo - values-si_values-si.arsc.flat
2025-10-08 12:20:37.860 [main] INFO  Unidad1.ejemplo.FileNuevo - values-sk_values-sk.arsc.flat
2025-10-08 12:20:37.860 [main] INFO  Unidad1.ejemplo.FileNuevo - values-sl_values-sl.arsc.flat
2025-10-08 12:20:37.860 [main] INFO  Unidad1.ejemplo.FileNuevo - values-small-v4_values-small-v4.arsc.flat
2025-10-08 12:20:37.860 [main] INFO  Unidad1.ejemplo.FileNuevo - values-sq_values-sq.arsc.flat
2025-10-08 12:20:37.860 [main] INFO  Unidad1.ejemplo.FileNuevo - values-sr_values-sr.arsc.flat
2025-10-08 12:20:37.860 [main] INFO  Unidad1.ejemplo.FileNuevo - values-sv_values-sv.arsc.flat
2025-10-08 12:20:37.860 [main] INFO  Unidad1.ejemplo.FileNuevo - values-sw600dp-v13_values-sw600dp-v13.arsc.flat
2025-10-08 12:20:37.861 [main] INFO  Unidad1.ejemplo.FileNuevo - values-sw_values-sw.arsc.flat
2025-10-08 12:20:37.861 [main] INFO  Unidad1.ejemplo.FileNuevo - values-ta_values-ta.arsc.flat
2025-10-08 12:20:37.861 [main] INFO  Unidad1.ejemplo.FileNuevo - values-te_values-te.arsc.flat
2025-10-08 12:20:37.861 [main] INFO  Unidad1.ejemplo.FileNuevo - values-th_values-th.arsc.flat
2025-10-08 12:20:37.861 [main] INFO  Unidad1.ejemplo.FileNuevo - values-tl_values-tl.arsc.flat
2025-10-08 12:20:37.861 [main] INFO  Unidad1.ejemplo.FileNuevo - values-tr_values-tr.arsc.flat
2025-10-08 12:20:37.861 [main] INFO  Unidad1.ejemplo.FileNuevo - values-uk_values-uk.arsc.flat
2025-10-08 12:20:37.861 [main] INFO  Unidad1.ejemplo.FileNuevo - values-ur_values-ur.arsc.flat
2025-10-08 12:20:37.861 [main] INFO  Unidad1.ejemplo.FileNuevo - values-uz_values-uz.arsc.flat
2025-10-08 12:20:37.861 [main] INFO  Unidad1.ejemplo.FileNuevo - values-v16_values-v16.arsc.flat
2025-10-08 12:20:37.861 [main] INFO  Unidad1.ejemplo.FileNuevo - values-v17_values-v17.arsc.flat
2025-10-08 12:20:37.861 [main] INFO  Unidad1.ejemplo.FileNuevo - values-v18_values-v18.arsc.flat
2025-10-08 12:20:37.861 [main] INFO  Unidad1.ejemplo.FileNuevo - values-v21_values-v21.arsc.flat
2025-10-08 12:20:37.861 [main] INFO  Unidad1.ejemplo.FileNuevo - values-v22_values-v22.arsc.flat
2025-10-08 12:20:37.861 [main] INFO  Unidad1.ejemplo.FileNuevo - values-v23_values-v23.arsc.flat
2025-10-08 12:20:37.861 [main] INFO  Unidad1.ejemplo.FileNuevo - values-v24_values-v24.arsc.flat
2025-10-08 12:20:37.861 [main] INFO  Unidad1.ejemplo.FileNuevo - values-v25_values-v25.arsc.flat
2025-10-08 12:20:37.863 [main] INFO  Unidad1.ejemplo.FileNuevo - values-v26_values-v26.arsc.flat
2025-10-08 12:20:37.863 [main] INFO  Unidad1.ejemplo.FileNuevo - values-v28_values-v28.arsc.flat
2025-10-08 12:20:37.863 [main] INFO  Unidad1.ejemplo.FileNuevo - values-v31_values-v31.arsc.flat
2025-10-08 12:20:37.863 [main] INFO  Unidad1.ejemplo.FileNuevo - values-vi_values-vi.arsc.flat
2025-10-08 12:20:37.863 [main] INFO  Unidad1.ejemplo.FileNuevo - values-w320dp-land-v13_values-w320dp-land-v13.arsc.flat
2025-10-08 12:20:37.863 [main] INFO  Unidad1.ejemplo.FileNuevo - values-w360dp-port-v13_values-w360dp-port-v13.arsc.flat
2025-10-08 12:20:37.863 [main] INFO  Unidad1.ejemplo.FileNuevo - values-w400dp-port-v13_values-w400dp-port-v13.arsc.flat
2025-10-08 12:20:37.863 [main] INFO  Unidad1.ejemplo.FileNuevo - values-w600dp-land-v13_values-w600dp-land-v13.arsc.flat
2025-10-08 12:20:37.863 [main] INFO  Unidad1.ejemplo.FileNuevo - values-watch-v20_values-watch-v20.arsc.flat
2025-10-08 12:20:37.863 [main] INFO  Unidad1.ejemplo.FileNuevo - values-watch-v21_values-watch-v21.arsc.flat
2025-10-08 12:20:37.863 [main] INFO  Unidad1.ejemplo.FileNuevo - values-xlarge-v4_values-xlarge-v4.arsc.flat
2025-10-08 12:20:37.863 [main] INFO  Unidad1.ejemplo.FileNuevo - values-zh-rCN_values-zh-rCN.arsc.flat
2025-10-08 12:20:37.864 [main] INFO  Unidad1.ejemplo.FileNuevo - values-zh-rHK_values-zh-rHK.arsc.flat
2025-10-08 12:20:37.864 [main] INFO  Unidad1.ejemplo.FileNuevo - values-zh-rTW_values-zh-rTW.arsc.flat
2025-10-08 12:20:37.864 [main] INFO  Unidad1.ejemplo.FileNuevo - values-zu_values-zu.arsc.flat
2025-10-08 12:20:37.864 [main] INFO  Unidad1.ejemplo.FileNuevo - values_values.arsc.flat
2025-10-08 12:20:37.864 [main] INFO  Unidad1.ejemplo.FileNuevo - xml_backup_rules.xml.flat
2025-10-08 12:20:37.864 [main] INFO  Unidad1.ejemplo.FileNuevo - xml_data_extraction_rules.xml.flat
2025-10-08 12:20:37.866 [main] INFO  Unidad1.ejemplo.FileNuevo - mergeDebugResources.json
2025-10-08 12:20:37.866 [main] INFO  Unidad1.ejemplo.FileNuevo - values-af.json
2025-10-08 12:20:37.866 [main] INFO  Unidad1.ejemplo.FileNuevo - values-am.json
2025-10-08 12:20:37.866 [main] INFO  Unidad1.ejemplo.FileNuevo - values-ar.json
2025-10-08 12:20:37.866 [main] INFO  Unidad1.ejemplo.FileNuevo - values-as.json
2025-10-08 12:20:37.866 [main] INFO  Unidad1.ejemplo.FileNuevo - values-az.json
2025-10-08 12:20:37.866 [main] INFO  Unidad1.ejemplo.FileNuevo - values-b+es+419.json
2025-10-08 12:20:37.866 [main] INFO  Unidad1.ejemplo.FileNuevo - values-b+sr+Latn.json
2025-10-08 12:20:37.866 [main] INFO  Unidad1.ejemplo.FileNuevo - values-be.json
2025-10-08 12:20:37.866 [main] INFO  Unidad1.ejemplo.FileNuevo - values-bg.json
2025-10-08 12:20:37.866 [main] INFO  Unidad1.ejemplo.FileNuevo - values-bn.json
2025-10-08 12:20:37.866 [main] INFO  Unidad1.ejemplo.FileNuevo - values-bs.json
2025-10-08 12:20:37.866 [main] INFO  Unidad1.ejemplo.FileNuevo - values-ca.json
2025-10-08 12:20:37.866 [main] INFO  Unidad1.ejemplo.FileNuevo - values-cs.json
2025-10-08 12:20:37.866 [main] INFO  Unidad1.ejemplo.FileNuevo - values-da.json
2025-10-08 12:20:37.866 [main] INFO  Unidad1.ejemplo.FileNuevo - values-de.json
2025-10-08 12:20:37.866 [main] INFO  Unidad1.ejemplo.FileNuevo - values-el.json
2025-10-08 12:20:37.866 [main] INFO  Unidad1.ejemplo.FileNuevo - values-en-rAU.json
2025-10-08 12:20:37.866 [main] INFO  Unidad1.ejemplo.FileNuevo - values-en-rCA.json
2025-10-08 12:20:37.867 [main] INFO  Unidad1.ejemplo.FileNuevo - values-en-rGB.json
2025-10-08 12:20:37.867 [main] INFO  Unidad1.ejemplo.FileNuevo - values-en-rIN.json
2025-10-08 12:20:37.867 [main] INFO  Unidad1.ejemplo.FileNuevo - values-en-rXC.json
2025-10-08 12:20:37.867 [main] INFO  Unidad1.ejemplo.FileNuevo - values-es-rUS.json
2025-10-08 12:20:37.867 [main] INFO  Unidad1.ejemplo.FileNuevo - values-es.json
2025-10-08 12:20:37.867 [main] INFO  Unidad1.ejemplo.FileNuevo - values-et.json
2025-10-08 12:20:37.867 [main] INFO  Unidad1.ejemplo.FileNuevo - values-eu.json
2025-10-08 12:20:37.867 [main] INFO  Unidad1.ejemplo.FileNuevo - values-fa.json
2025-10-08 12:20:37.867 [main] INFO  Unidad1.ejemplo.FileNuevo - values-fi.json
2025-10-08 12:20:37.867 [main] INFO  Unidad1.ejemplo.FileNuevo - values-fr-rCA.json
2025-10-08 12:20:37.867 [main] INFO  Unidad1.ejemplo.FileNuevo - values-fr.json
2025-10-08 12:20:37.867 [main] INFO  Unidad1.ejemplo.FileNuevo - values-gl.json
2025-10-08 12:20:37.867 [main] INFO  Unidad1.ejemplo.FileNuevo - values-gu.json
2025-10-08 12:20:37.867 [main] INFO  Unidad1.ejemplo.FileNuevo - values-h320dp-port-v13.json
2025-10-08 12:20:37.867 [main] INFO  Unidad1.ejemplo.FileNuevo - values-h360dp-land-v13.json
2025-10-08 12:20:37.867 [main] INFO  Unidad1.ejemplo.FileNuevo - values-h480dp-land-v13.json
2025-10-08 12:20:37.867 [main] INFO  Unidad1.ejemplo.FileNuevo - values-h550dp-port-v13.json
2025-10-08 12:20:37.867 [main] INFO  Unidad1.ejemplo.FileNuevo - values-h720dp-v13.json
2025-10-08 12:20:37.867 [main] INFO  Unidad1.ejemplo.FileNuevo - values-hdpi-v4.json
2025-10-08 12:20:37.867 [main] INFO  Unidad1.ejemplo.FileNuevo - values-hi.json
2025-10-08 12:20:37.867 [main] INFO  Unidad1.ejemplo.FileNuevo - values-hr.json
2025-10-08 12:20:37.867 [main] INFO  Unidad1.ejemplo.FileNuevo - values-hu.json
2025-10-08 12:20:37.867 [main] INFO  Unidad1.ejemplo.FileNuevo - values-hy.json
2025-10-08 12:20:37.867 [main] INFO  Unidad1.ejemplo.FileNuevo - values-in.json
2025-10-08 12:20:37.867 [main] INFO  Unidad1.ejemplo.FileNuevo - values-is.json
2025-10-08 12:20:37.868 [main] INFO  Unidad1.ejemplo.FileNuevo - values-it.json
2025-10-08 12:20:37.868 [main] INFO  Unidad1.ejemplo.FileNuevo - values-iw.json
2025-10-08 12:20:37.868 [main] INFO  Unidad1.ejemplo.FileNuevo - values-ja.json
2025-10-08 12:20:37.868 [main] INFO  Unidad1.ejemplo.FileNuevo - values-ka.json
2025-10-08 12:20:37.868 [main] INFO  Unidad1.ejemplo.FileNuevo - values-kk.json
2025-10-08 12:20:37.868 [main] INFO  Unidad1.ejemplo.FileNuevo - values-km.json
2025-10-08 12:20:37.868 [main] INFO  Unidad1.ejemplo.FileNuevo - values-kn.json
2025-10-08 12:20:37.868 [main] INFO  Unidad1.ejemplo.FileNuevo - values-ko.json
2025-10-08 12:20:37.868 [main] INFO  Unidad1.ejemplo.FileNuevo - values-ky.json
2025-10-08 12:20:37.868 [main] INFO  Unidad1.ejemplo.FileNuevo - values-land.json
2025-10-08 12:20:37.868 [main] INFO  Unidad1.ejemplo.FileNuevo - values-large-v4.json
2025-10-08 12:20:37.868 [main] INFO  Unidad1.ejemplo.FileNuevo - values-ldltr-v21.json
2025-10-08 12:20:37.868 [main] INFO  Unidad1.ejemplo.FileNuevo - values-ldrtl-v17.json
2025-10-08 12:20:37.868 [main] INFO  Unidad1.ejemplo.FileNuevo - values-lo.json
2025-10-08 12:20:37.868 [main] INFO  Unidad1.ejemplo.FileNuevo - values-lt.json
2025-10-08 12:20:37.868 [main] INFO  Unidad1.ejemplo.FileNuevo - values-lv.json
2025-10-08 12:20:37.868 [main] INFO  Unidad1.ejemplo.FileNuevo - values-mk.json
2025-10-08 12:20:37.868 [main] INFO  Unidad1.ejemplo.FileNuevo - values-ml.json
2025-10-08 12:20:37.868 [main] INFO  Unidad1.ejemplo.FileNuevo - values-mn.json
2025-10-08 12:20:37.868 [main] INFO  Unidad1.ejemplo.FileNuevo - values-mr.json
2025-10-08 12:20:37.868 [main] INFO  Unidad1.ejemplo.FileNuevo - values-ms.json
2025-10-08 12:20:37.868 [main] INFO  Unidad1.ejemplo.FileNuevo - values-my.json
2025-10-08 12:20:37.868 [main] INFO  Unidad1.ejemplo.FileNuevo - values-nb.json
2025-10-08 12:20:37.868 [main] INFO  Unidad1.ejemplo.FileNuevo - values-ne.json
2025-10-08 12:20:37.868 [main] INFO  Unidad1.ejemplo.FileNuevo - values-night-v8.json
2025-10-08 12:20:37.868 [main] INFO  Unidad1.ejemplo.FileNuevo - values-nl.json
2025-10-08 12:20:37.868 [main] INFO  Unidad1.ejemplo.FileNuevo - values-or.json
2025-10-08 12:20:37.868 [main] INFO  Unidad1.ejemplo.FileNuevo - values-pa.json
2025-10-08 12:20:37.869 [main] INFO  Unidad1.ejemplo.FileNuevo - values-pl.json
2025-10-08 12:20:37.869 [main] INFO  Unidad1.ejemplo.FileNuevo - values-port.json
2025-10-08 12:20:37.869 [main] INFO  Unidad1.ejemplo.FileNuevo - values-pt-rBR.json
2025-10-08 12:20:37.869 [main] INFO  Unidad1.ejemplo.FileNuevo - values-pt-rPT.json
2025-10-08 12:20:37.869 [main] INFO  Unidad1.ejemplo.FileNuevo - values-pt.json
2025-10-08 12:20:37.869 [main] INFO  Unidad1.ejemplo.FileNuevo - values-ro.json
2025-10-08 12:20:37.869 [main] INFO  Unidad1.ejemplo.FileNuevo - values-ru.json
2025-10-08 12:20:37.869 [main] INFO  Unidad1.ejemplo.FileNuevo - values-si.json
2025-10-08 12:20:37.869 [main] INFO  Unidad1.ejemplo.FileNuevo - values-sk.json
2025-10-08 12:20:37.869 [main] INFO  Unidad1.ejemplo.FileNuevo - values-sl.json
2025-10-08 12:20:37.869 [main] INFO  Unidad1.ejemplo.FileNuevo - values-small-v4.json
2025-10-08 12:20:37.869 [main] INFO  Unidad1.ejemplo.FileNuevo - values-sq.json
2025-10-08 12:20:37.869 [main] INFO  Unidad1.ejemplo.FileNuevo - values-sr.json
2025-10-08 12:20:37.869 [main] INFO  Unidad1.ejemplo.FileNuevo - values-sv.json
2025-10-08 12:20:37.869 [main] INFO  Unidad1.ejemplo.FileNuevo - values-sw.json
2025-10-08 12:20:37.869 [main] INFO  Unidad1.ejemplo.FileNuevo - values-sw600dp-v13.json
2025-10-08 12:20:37.869 [main] INFO  Unidad1.ejemplo.FileNuevo - values-ta.json
2025-10-08 12:20:37.869 [main] INFO  Unidad1.ejemplo.FileNuevo - values-te.json
2025-10-08 12:20:37.869 [main] INFO  Unidad1.ejemplo.FileNuevo - values-th.json
2025-10-08 12:20:37.869 [main] INFO  Unidad1.ejemplo.FileNuevo - values-tl.json
2025-10-08 12:20:37.869 [main] INFO  Unidad1.ejemplo.FileNuevo - values-tr.json
2025-10-08 12:20:37.869 [main] INFO  Unidad1.ejemplo.FileNuevo - values-uk.json
2025-10-08 12:20:37.869 [main] INFO  Unidad1.ejemplo.FileNuevo - values-ur.json
2025-10-08 12:20:37.869 [main] INFO  Unidad1.ejemplo.FileNuevo - values-uz.json
2025-10-08 12:20:37.869 [main] INFO  Unidad1.ejemplo.FileNuevo - values-v16.json
2025-10-08 12:20:37.869 [main] INFO  Unidad1.ejemplo.FileNuevo - values-v17.json
2025-10-08 12:20:37.870 [main] INFO  Unidad1.ejemplo.FileNuevo - values-v18.json
2025-10-08 12:20:37.870 [main] INFO  Unidad1.ejemplo.FileNuevo - values-v21.json
2025-10-08 12:20:37.870 [main] INFO  Unidad1.ejemplo.FileNuevo - values-v22.json
2025-10-08 12:20:37.870 [main] INFO  Unidad1.ejemplo.FileNuevo - values-v23.json
2025-10-08 12:20:37.870 [main] INFO  Unidad1.ejemplo.FileNuevo - values-v24.json
2025-10-08 12:20:37.870 [main] INFO  Unidad1.ejemplo.FileNuevo - values-v25.json
2025-10-08 12:20:37.870 [main] INFO  Unidad1.ejemplo.FileNuevo - values-v26.json
2025-10-08 12:20:37.870 [main] INFO  Unidad1.ejemplo.FileNuevo - values-v28.json
2025-10-08 12:20:37.870 [main] INFO  Unidad1.ejemplo.FileNuevo - values-v31.json
2025-10-08 12:20:37.870 [main] INFO  Unidad1.ejemplo.FileNuevo - values-vi.json
2025-10-08 12:20:37.870 [main] INFO  Unidad1.ejemplo.FileNuevo - values-w320dp-land-v13.json
2025-10-08 12:20:37.870 [main] INFO  Unidad1.ejemplo.FileNuevo - values-w360dp-port-v13.json
2025-10-08 12:20:37.870 [main] INFO  Unidad1.ejemplo.FileNuevo - values-w400dp-port-v13.json
2025-10-08 12:20:37.870 [main] INFO  Unidad1.ejemplo.FileNuevo - values-w600dp-land-v13.json
2025-10-08 12:20:37.870 [main] INFO  Unidad1.ejemplo.FileNuevo - values-watch-v20.json
2025-10-08 12:20:37.871 [main] INFO  Unidad1.ejemplo.FileNuevo - values-watch-v21.json
2025-10-08 12:20:37.871 [main] INFO  Unidad1.ejemplo.FileNuevo - values-xlarge-v4.json
2025-10-08 12:20:37.871 [main] INFO  Unidad1.ejemplo.FileNuevo - values-zh-rCN.json
2025-10-08 12:20:37.871 [main] INFO  Unidad1.ejemplo.FileNuevo - values-zh-rHK.json
2025-10-08 12:20:37.871 [main] INFO  Unidad1.ejemplo.FileNuevo - values-zh-rTW.json
2025-10-08 12:20:37.871 [main] INFO  Unidad1.ejemplo.FileNuevo - values-zu.json
2025-10-08 12:20:37.871 [main] INFO  Unidad1.ejemplo.FileNuevo - values.json
2025-10-08 12:20:37.871 [main] INFO  Unidad1.ejemplo.FileNuevo - mergeDebugResources.json
2025-10-08 12:20:37.871 [main] INFO  Unidad1.ejemplo.FileNuevo - navigation.json
2025-10-08 12:20:37.873 [main] INFO  Unidad1.ejemplo.FileNuevo - nestedResourcesValidationReport.txt
2025-10-08 12:20:37.873 [main] INFO  Unidad1.ejemplo.FileNuevo - AndroidManifest.xml
2025-10-08 12:20:37.873 [main] INFO  Unidad1.ejemplo.FileNuevo - output-metadata.json
2025-10-08 12:20:37.873 [main] INFO  Unidad1.ejemplo.FileNuevo - ic_launcher_background.xml
2025-10-08 12:20:37.873 [main] INFO  Unidad1.ejemplo.FileNuevo - ic_launcher_foreground.xml
2025-10-08 12:20:37.873 [main] INFO  Unidad1.ejemplo.FileNuevo - activity_main.xml
2025-10-08 12:20:37.874 [main] INFO  Unidad1.ejemplo.FileNuevo - ic_launcher.xml
2025-10-08 12:20:37.874 [main] INFO  Unidad1.ejemplo.FileNuevo - ic_launcher_round.xml
2025-10-08 12:20:37.874 [main] INFO  Unidad1.ejemplo.FileNuevo - ic_launcher.webp
2025-10-08 12:20:37.874 [main] INFO  Unidad1.ejemplo.FileNuevo - ic_launcher_round.webp
2025-10-08 12:20:37.874 [main] INFO  Unidad1.ejemplo.FileNuevo - ic_launcher.webp
2025-10-08 12:20:37.874 [main] INFO  Unidad1.ejemplo.FileNuevo - ic_launcher_round.webp
2025-10-08 12:20:37.874 [main] INFO  Unidad1.ejemplo.FileNuevo - ic_launcher.webp
2025-10-08 12:20:37.874 [main] INFO  Unidad1.ejemplo.FileNuevo - ic_launcher_round.webp
2025-10-08 12:20:37.874 [main] INFO  Unidad1.ejemplo.FileNuevo - ic_launcher.webp
2025-10-08 12:20:37.874 [main] INFO  Unidad1.ejemplo.FileNuevo - ic_launcher_round.webp
2025-10-08 12:20:37.874 [main] INFO  Unidad1.ejemplo.FileNuevo - ic_launcher.webp
2025-10-08 12:20:37.874 [main] INFO  Unidad1.ejemplo.FileNuevo - ic_launcher_round.webp
2025-10-08 12:20:37.875 [main] INFO  Unidad1.ejemplo.FileNuevo - values.xml
2025-10-08 12:20:37.875 [main] INFO  Unidad1.ejemplo.FileNuevo - values-night-v8.xml
2025-10-08 12:20:37.875 [main] INFO  Unidad1.ejemplo.FileNuevo - backup_rules.xml
2025-10-08 12:20:37.875 [main] INFO  Unidad1.ejemplo.FileNuevo - data_extraction_rules.xml
2025-10-08 12:20:37.875 [main] INFO  Unidad1.ejemplo.FileNuevo - 6fd0aedba56a8c56d325a53b9c39c90879ff84e56bb509c84966899dee9ce49b_0.jar
2025-10-08 12:20:37.875 [main] INFO  Unidad1.ejemplo.FileNuevo - 6fd0aedba56a8c56d325a53b9c39c90879ff84e56bb509c84966899dee9ce49b_1.jar
2025-10-08 12:20:37.875 [main] INFO  Unidad1.ejemplo.FileNuevo - 6fd0aedba56a8c56d325a53b9c39c90879ff84e56bb509c84966899dee9ce49b_2.jar
2025-10-08 12:20:37.875 [main] INFO  Unidad1.ejemplo.FileNuevo - 6fd0aedba56a8c56d325a53b9c39c90879ff84e56bb509c84966899dee9ce49b_3.jar
2025-10-08 12:20:37.875 [main] INFO  Unidad1.ejemplo.FileNuevo - 6fd0aedba56a8c56d325a53b9c39c90879ff84e56bb509c84966899dee9ce49b_4.jar
2025-10-08 12:20:37.875 [main] INFO  Unidad1.ejemplo.FileNuevo - 6fd0aedba56a8c56d325a53b9c39c90879ff84e56bb509c84966899dee9ce49b_5.jar
2025-10-08 12:20:37.875 [main] INFO  Unidad1.ejemplo.FileNuevo - 6fd0aedba56a8c56d325a53b9c39c90879ff84e56bb509c84966899dee9ce49b_6.jar
2025-10-08 12:20:37.875 [main] INFO  Unidad1.ejemplo.FileNuevo - 6fd0aedba56a8c56d325a53b9c39c90879ff84e56bb509c84966899dee9ce49b_7.jar
2025-10-08 12:20:37.876 [main] INFO  Unidad1.ejemplo.FileNuevo - MainActivity.dex
2025-10-08 12:20:37.876 [main] INFO  Unidad1.ejemplo.FileNuevo - R.txt
2025-10-08 12:20:37.876 [main] INFO  Unidad1.ejemplo.FileNuevo - signing-config-versions.json
2025-10-08 12:20:37.877 [main] INFO  Unidad1.ejemplo.FileNuevo - file-map.txt
2025-10-08 12:20:37.877 [main] INFO  Unidad1.ejemplo.FileNuevo - stableIds.txt
2025-10-08 12:20:37.877 [main] INFO  Unidad1.ejemplo.FileNuevo - package-aware-r.txt
2025-10-08 12:20:37.878 [main] INFO  Unidad1.ejemplo.FileNuevo - manifest-merger-debug-report.txt
2025-10-08 12:20:37.878 [main] INFO  Unidad1.ejemplo.FileNuevo - MainActivity.class.uniqueId0
2025-10-08 12:20:37.878 [main] INFO  Unidad1.ejemplo.FileNuevo - previous-compilation-data.bin
2025-10-08 12:20:37.878 [main] INFO  Unidad1.ejemplo.FileNuevo - build.gradle.kts
2025-10-08 12:20:37.878 [main] INFO  Unidad1.ejemplo.FileNuevo - proguard-rules.pro
2025-10-08 12:20:37.879 [main] INFO  Unidad1.ejemplo.FileNuevo - ExampleInstrumentedTest.java
2025-10-08 12:20:37.879 [main] INFO  Unidad1.ejemplo.FileNuevo - AndroidManifest.xml
2025-10-08 12:20:37.879 [main] INFO  Unidad1.ejemplo.FileNuevo - MainActivity.java
2025-10-08 12:20:37.879 [main] INFO  Unidad1.ejemplo.FileNuevo - ic_launcher_background.xml
2025-10-08 12:20:37.879 [main] INFO  Unidad1.ejemplo.FileNuevo - ic_launcher_foreground.xml
2025-10-08 12:20:37.879 [main] INFO  Unidad1.ejemplo.FileNuevo - activity_main.xml
2025-10-08 12:20:37.880 [main] INFO  Unidad1.ejemplo.FileNuevo - ic_launcher.xml
2025-10-08 12:20:37.880 [main] INFO  Unidad1.ejemplo.FileNuevo - ic_launcher_round.xml
2025-10-08 12:20:37.880 [main] INFO  Unidad1.ejemplo.FileNuevo - ic_launcher.webp
2025-10-08 12:20:37.880 [main] INFO  Unidad1.ejemplo.FileNuevo - ic_launcher_round.webp
2025-10-08 12:20:37.880 [main] INFO  Unidad1.ejemplo.FileNuevo - ic_launcher.webp
2025-10-08 12:20:37.880 [main] INFO  Unidad1.ejemplo.FileNuevo - ic_launcher_round.webp
2025-10-08 12:20:37.880 [main] INFO  Unidad1.ejemplo.FileNuevo - ic_launcher.webp
2025-10-08 12:20:37.880 [main] INFO  Unidad1.ejemplo.FileNuevo - ic_launcher_round.webp
2025-10-08 12:20:37.880 [main] INFO  Unidad1.ejemplo.FileNuevo - ic_launcher.webp
2025-10-08 12:20:37.880 [main] INFO  Unidad1.ejemplo.FileNuevo - ic_launcher_round.webp
2025-10-08 12:20:37.881 [main] INFO  Unidad1.ejemplo.FileNuevo - ic_launcher.webp
2025-10-08 12:20:37.881 [main] INFO  Unidad1.ejemplo.FileNuevo - ic_launcher_round.webp
2025-10-08 12:20:37.881 [main] INFO  Unidad1.ejemplo.FileNuevo - colors.xml
2025-10-08 12:20:37.881 [main] INFO  Unidad1.ejemplo.FileNuevo - strings.xml
2025-10-08 12:20:37.881 [main] INFO  Unidad1.ejemplo.FileNuevo - themes.xml
2025-10-08 12:20:37.881 [main] INFO  Unidad1.ejemplo.FileNuevo - themes.xml
2025-10-08 12:20:37.881 [main] INFO  Unidad1.ejemplo.FileNuevo - backup_rules.xml
2025-10-08 12:20:37.881 [main] INFO  Unidad1.ejemplo.FileNuevo - data_extraction_rules.xml
2025-10-08 12:20:37.881 [main] INFO  Unidad1.ejemplo.FileNuevo - ExampleUnitTest.java
2025-10-08 12:20:37.881 [main] INFO  Unidad1.ejemplo.FileNuevo - build.gradle.kts
2025-10-08 12:20:37.882 [main] INFO  Unidad1.ejemplo.FileNuevo - libs.versions.toml
2025-10-08 12:20:37.882 [main] INFO  Unidad1.ejemplo.FileNuevo - gradle-wrapper.jar
2025-10-08 12:20:37.882 [main] INFO  Unidad1.ejemplo.FileNuevo - gradle-wrapper.properties
2025-10-08 12:20:37.882 [main] INFO  Unidad1.ejemplo.FileNuevo - gradle.properties
2025-10-08 12:20:37.882 [main] INFO  Unidad1.ejemplo.FileNuevo - gradlew
2025-10-08 12:20:37.882 [main] INFO  Unidad1.ejemplo.FileNuevo - gradlew.bat
2025-10-08 12:20:37.882 [main] INFO  Unidad1.ejemplo.FileNuevo - local.properties
2025-10-08 12:20:37.882 [main] INFO  Unidad1.ejemplo.FileNuevo - settings.gradle.kts
2025-10-08 12:20:37.882 [main] INFO  Unidad1.ejemplo.FileNuevo - Brave.lnk
2025-10-08 12:20:37.882 [main] INFO  Unidad1.ejemplo.FileNuevo - desktop.ini
2025-10-08 12:20:37.882 [main] INFO  Unidad1.ejemplo.FileNuevo - fichero.txt
2025-10-08 12:20:37.882 [main] INFO  Unidad1.ejemplo.FileNuevo - COMMIT_EDITMSG
2025-10-08 12:20:37.882 [main] INFO  Unidad1.ejemplo.FileNuevo - config
2025-10-08 12:20:37.882 [main] INFO  Unidad1.ejemplo.FileNuevo - description
2025-10-08 12:20:37.882 [main] INFO  Unidad1.ejemplo.FileNuevo - FETCH_HEAD
2025-10-08 12:20:37.882 [main] INFO  Unidad1.ejemplo.FileNuevo - HEAD
2025-10-08 12:20:37.882 [main] INFO  Unidad1.ejemplo.FileNuevo - applypatch-msg.sample
2025-10-08 12:20:37.882 [main] INFO  Unidad1.ejemplo.FileNuevo - commit-msg.sample
2025-10-08 12:20:37.882 [main] INFO  Unidad1.ejemplo.FileNuevo - fsmonitor-watchman.sample
2025-10-08 12:20:37.882 [main] INFO  Unidad1.ejemplo.FileNuevo - post-update.sample
2025-10-08 12:20:37.882 [main] INFO  Unidad1.ejemplo.FileNuevo - pre-applypatch.sample
2025-10-08 12:20:37.882 [main] INFO  Unidad1.ejemplo.FileNuevo - pre-commit.sample
2025-10-08 12:20:37.882 [main] INFO  Unidad1.ejemplo.FileNuevo - pre-merge-commit.sample
2025-10-08 12:20:37.884 [main] INFO  Unidad1.ejemplo.FileNuevo - pre-push.sample
2025-10-08 12:20:37.884 [main] INFO  Unidad1.ejemplo.FileNuevo - pre-rebase.sample
2025-10-08 12:20:37.884 [main] INFO  Unidad1.ejemplo.FileNuevo - pre-receive.sample
2025-10-08 12:20:37.884 [main] INFO  Unidad1.ejemplo.FileNuevo - prepare-commit-msg.sample
2025-10-08 12:20:37.884 [main] INFO  Unidad1.ejemplo.FileNuevo - push-to-checkout.sample
2025-10-08 12:20:37.884 [main] INFO  Unidad1.ejemplo.FileNuevo - sendemail-validate.sample
2025-10-08 12:20:37.884 [main] INFO  Unidad1.ejemplo.FileNuevo - update.sample
2025-10-08 12:20:37.884 [main] INFO  Unidad1.ejemplo.FileNuevo - index
2025-10-08 12:20:37.884 [main] INFO  Unidad1.ejemplo.FileNuevo - exclude
2025-10-08 12:20:37.884 [main] INFO  Unidad1.ejemplo.FileNuevo - HEAD
2025-10-08 12:20:37.884 [main] INFO  Unidad1.ejemplo.FileNuevo - master
2025-10-08 12:20:37.884 [main] INFO  Unidad1.ejemplo.FileNuevo - master
2025-10-08 12:20:37.884 [main] INFO  Unidad1.ejemplo.FileNuevo - 991cc1487d873406056d1559ca40b5c0e22c63
2025-10-08 12:20:37.884 [main] INFO  Unidad1.ejemplo.FileNuevo - 415e4333ada901f2b594e7f25de54c13c0578c
2025-10-08 12:20:37.885 [main] INFO  Unidad1.ejemplo.FileNuevo - 0ad66e4716434b540b2f297abf6a1e47182ccf
2025-10-08 12:20:37.885 [main] INFO  Unidad1.ejemplo.FileNuevo - 49d663b978266ffe238496f541759686783b47
2025-10-08 12:20:37.885 [main] INFO  Unidad1.ejemplo.FileNuevo - 337d0902d58df39fba8df1c52754b50cd616a3
2025-10-08 12:20:37.885 [main] INFO  Unidad1.ejemplo.FileNuevo - 496907521b1baf0952731f5441bcf793793cae
2025-10-08 12:20:37.885 [main] INFO  Unidad1.ejemplo.FileNuevo - f2780a1a1aeb474518ec0d7fda69db3c040c2a
2025-10-08 12:20:37.885 [main] INFO  Unidad1.ejemplo.FileNuevo - 45ec52568514a5f928951e5e3c6b4cb07d5405
2025-10-08 12:20:37.885 [main] INFO  Unidad1.ejemplo.FileNuevo - 825dc642cb6eb9a060e54bf8d69288fbee4904
2025-10-08 12:20:37.885 [main] INFO  Unidad1.ejemplo.FileNuevo - 752c13b9ffa4d7d8b53a8fa5af0adb4161767e
2025-10-08 12:20:37.886 [main] INFO  Unidad1.ejemplo.FileNuevo - 295bc8da00197ac4ee235a041fc6aadf56956d
2025-10-08 12:20:37.886 [main] INFO  Unidad1.ejemplo.FileNuevo - 0150c76e5fb70461c2c9e4a415930cebb8a1f5
2025-10-08 12:20:37.886 [main] INFO  Unidad1.ejemplo.FileNuevo - 503941ab8db0f1b9785add81088654e307fbc9
2025-10-08 12:20:37.886 [main] INFO  Unidad1.ejemplo.FileNuevo - 4d53428576b7ae9c2f683e327f0b6319c64cbe
2025-10-08 12:20:37.886 [main] INFO  Unidad1.ejemplo.FileNuevo - ea54b3ce27eb997b05118765db3a8632e0a2d0
2025-10-08 12:20:37.886 [main] INFO  Unidad1.ejemplo.FileNuevo - 2ba1f656557ff01ca606152384e566f8b94746
2025-10-08 12:20:37.886 [main] INFO  Unidad1.ejemplo.FileNuevo - ff9a30b8366068407065e3711339169421c855
2025-10-08 12:20:37.886 [main] INFO  Unidad1.ejemplo.FileNuevo - b654bf811f97dff7fdd32043e1c7de0a4ceb20
2025-10-08 12:20:37.886 [main] INFO  Unidad1.ejemplo.FileNuevo - 38429e4423dfa56297a988fa49cf97c2356ce8
2025-10-08 12:20:37.886 [main] INFO  Unidad1.ejemplo.FileNuevo - aa9e2a2466f2ed871e8d6af6c8d29f9c61f9ce
2025-10-08 12:20:37.886 [main] INFO  Unidad1.ejemplo.FileNuevo - 628d9d3c90c56ce1df4982c9a4ba883aafc591
2025-10-08 12:20:37.887 [main] INFO  Unidad1.ejemplo.FileNuevo - 879548fb1f27d14447033e614b09c0137fac0f
2025-10-08 12:20:37.887 [main] INFO  Unidad1.ejemplo.FileNuevo - a9278360977e5ebe82519c7dfaee19a22b55f5
2025-10-08 12:20:37.887 [main] INFO  Unidad1.ejemplo.FileNuevo - d2f485b3b99f1c52b740d687911cf662a241de
2025-10-08 12:20:37.887 [main] INFO  Unidad1.ejemplo.FileNuevo - 6914c88e603a128a8908beeb4dffc5fdeb8b8d
2025-10-08 12:20:37.887 [main] INFO  Unidad1.ejemplo.FileNuevo - master
2025-10-08 12:20:37.887 [main] INFO  Unidad1.ejemplo.FileNuevo - master
2025-10-08 12:20:37.888 [main] INFO  Unidad1.ejemplo.FileNuevo - stylesheet.css
2025-10-08 12:20:37.888 [main] INFO  Unidad1.ejemplo.FileNuevo - about_us.html
2025-10-08 12:20:37.888 [main] INFO  Unidad1.ejemplo.FileNuevo - index.html
2025-10-08 12:20:37.888 [main] INFO  Unidad1.ejemplo.FileNuevo - myscript.js
2025-10-08 12:20:37.888 [main] INFO  Unidad1.ejemplo.FileNuevo - COMMIT_EDITMSG
2025-10-08 12:20:37.888 [main] INFO  Unidad1.ejemplo.FileNuevo - config
2025-10-08 12:20:37.888 [main] INFO  Unidad1.ejemplo.FileNuevo - description
2025-10-08 12:20:37.888 [main] INFO  Unidad1.ejemplo.FileNuevo - HEAD
2025-10-08 12:20:37.888 [main] INFO  Unidad1.ejemplo.FileNuevo - applypatch-msg.sample
2025-10-08 12:20:37.888 [main] INFO  Unidad1.ejemplo.FileNuevo - commit-msg.sample
2025-10-08 12:20:37.888 [main] INFO  Unidad1.ejemplo.FileNuevo - fsmonitor-watchman.sample
2025-10-08 12:20:37.888 [main] INFO  Unidad1.ejemplo.FileNuevo - post-update.sample
2025-10-08 12:20:37.889 [main] INFO  Unidad1.ejemplo.FileNuevo - pre-applypatch.sample
2025-10-08 12:20:37.889 [main] INFO  Unidad1.ejemplo.FileNuevo - pre-commit.sample
2025-10-08 12:20:37.889 [main] INFO  Unidad1.ejemplo.FileNuevo - pre-merge-commit.sample
2025-10-08 12:20:37.889 [main] INFO  Unidad1.ejemplo.FileNuevo - pre-push.sample
2025-10-08 12:20:37.889 [main] INFO  Unidad1.ejemplo.FileNuevo - pre-rebase.sample
2025-10-08 12:20:37.889 [main] INFO  Unidad1.ejemplo.FileNuevo - pre-receive.sample
2025-10-08 12:20:37.889 [main] INFO  Unidad1.ejemplo.FileNuevo - prepare-commit-msg.sample
2025-10-08 12:20:37.889 [main] INFO  Unidad1.ejemplo.FileNuevo - push-to-checkout.sample
2025-10-08 12:20:37.889 [main] INFO  Unidad1.ejemplo.FileNuevo - sendemail-validate.sample
2025-10-08 12:20:37.889 [main] INFO  Unidad1.ejemplo.FileNuevo - update.sample
2025-10-08 12:20:37.889 [main] INFO  Unidad1.ejemplo.FileNuevo - index
2025-10-08 12:20:37.889 [main] INFO  Unidad1.ejemplo.FileNuevo - exclude
2025-10-08 12:20:37.889 [main] INFO  Unidad1.ejemplo.FileNuevo - HEAD
2025-10-08 12:20:37.889 [main] INFO  Unidad1.ejemplo.FileNuevo - master
2025-10-08 12:20:37.890 [main] INFO  Unidad1.ejemplo.FileNuevo - master
2025-10-08 12:20:37.890 [main] INFO  Unidad1.ejemplo.FileNuevo - 78a0831577ddf78c6aeac2c78225526403dcf9
2025-10-08 12:20:37.890 [main] INFO  Unidad1.ejemplo.FileNuevo - b976ca82c477dd9b1b4f057f13dc4e5c1fd21b
2025-10-08 12:20:37.890 [main] INFO  Unidad1.ejemplo.FileNuevo - d1379bee17f1c80c688621a98659ed72d760f0
2025-10-08 12:20:37.890 [main] INFO  Unidad1.ejemplo.FileNuevo - e712e7ccddb28c6c420214b982a1ecce188131
2025-10-08 12:20:37.890 [main] INFO  Unidad1.ejemplo.FileNuevo - 2c8acbf6704654e22624933781897b666a8908
2025-10-08 12:20:37.890 [main] INFO  Unidad1.ejemplo.FileNuevo - 96fe1c0770795f243b8eb5f22a734e99feabeb
2025-10-08 12:20:37.890 [main] INFO  Unidad1.ejemplo.FileNuevo - ceca75a09dbc71a49050236ceced2d4df52f70
2025-10-08 12:20:37.890 [main] INFO  Unidad1.ejemplo.FileNuevo - f22b5d896e4bfc31afc1e6a40825054700ddb7
2025-10-08 12:20:37.891 [main] INFO  Unidad1.ejemplo.FileNuevo - f6aae7b0b0064c45e743992442e08a0bd1cfb7
2025-10-08 12:20:37.891 [main] INFO  Unidad1.ejemplo.FileNuevo - 10426f587e6ba1af25f1afe30b1ef85d9b90b9
2025-10-08 12:20:37.891 [main] INFO  Unidad1.ejemplo.FileNuevo - 38d26c655030960c5a10f57f3858cf00bf66a0
2025-10-08 12:20:37.891 [main] INFO  Unidad1.ejemplo.FileNuevo - fdaef59fbdc866c88330d37da2f5a31e943b36
2025-10-08 12:20:37.891 [main] INFO  Unidad1.ejemplo.FileNuevo - 2f1dd686c2dbad7a6732d06084bbfd3f5d8515
2025-10-08 12:20:37.891 [main] INFO  Unidad1.ejemplo.FileNuevo - 46dbed46ae8dc0bead2bf538ecc9b6a13ff97b
2025-10-08 12:20:37.891 [main] INFO  Unidad1.ejemplo.FileNuevo - b10fe3fa179b70bf50dcf10b707b77e80e5d25
2025-10-08 12:20:37.891 [main] INFO  Unidad1.ejemplo.FileNuevo - c8dab57214e1af1873207a8f12722d7ef2574d
2025-10-08 12:20:37.891 [main] INFO  Unidad1.ejemplo.FileNuevo - cc0d03f242f0e6eabecc7ecb1fcce1a16a3c3a
2025-10-08 12:20:37.891 [main] INFO  Unidad1.ejemplo.FileNuevo - cff129ad8274fe7414724b693f631e7d5b7c0d
2025-10-08 12:20:37.891 [main] INFO  Unidad1.ejemplo.FileNuevo - 24be6e373e043ab4f7711a3368073f4d5b72f5
2025-10-08 12:20:37.891 [main] INFO  Unidad1.ejemplo.FileNuevo - 357a995c4380dd4885dfe58cc84ac25f163731
2025-10-08 12:20:37.891 [main] INFO  Unidad1.ejemplo.FileNuevo - bbf35ea37f51a5bef3258d0eeb92910d017213
2025-10-08 12:20:37.891 [main] INFO  Unidad1.ejemplo.FileNuevo - cbc563b79c290f5e8559ea1ac9b82b7d2f673d
2025-10-08 12:20:37.891 [main] INFO  Unidad1.ejemplo.FileNuevo - d68ba0d10185e07dd1fcab7d234f6621c82894
2025-10-08 12:20:37.891 [main] INFO  Unidad1.ejemplo.FileNuevo - 30b6d3bbd3e598d3f3c8896459afe30308e794
2025-10-08 12:20:37.891 [main] INFO  Unidad1.ejemplo.FileNuevo - 37a088a01e8ddab3bf3fa98dbe804cbde1a0dc
2025-10-08 12:20:37.891 [main] INFO  Unidad1.ejemplo.FileNuevo - 4fe10403f397661086207da4b0ad7dbc1328d0
2025-10-08 12:20:37.891 [main] INFO  Unidad1.ejemplo.FileNuevo - a8c3b399c856fcfcc4d702d359bf7dd0e17fca
2025-10-08 12:20:37.891 [main] INFO  Unidad1.ejemplo.FileNuevo - 09250513904be92d1cd101b4d854854d2cd446
2025-10-08 12:20:37.891 [main] INFO  Unidad1.ejemplo.FileNuevo - 443f7bf649ccdab85566c675b0a549e571c647
2025-10-08 12:20:37.891 [main] INFO  Unidad1.ejemplo.FileNuevo - 72fbee0341bf3e89cb645621c29cf20c0b5bae
2025-10-08 12:20:37.891 [main] INFO  Unidad1.ejemplo.FileNuevo - 754e9957911a94ec1682aecf3a501340aa56bf
2025-10-08 12:20:37.891 [main] INFO  Unidad1.ejemplo.FileNuevo - f660bd0ea9f4ed5965383d6e18946663e5d2fb
2025-10-08 12:20:37.891 [main] INFO  Unidad1.ejemplo.FileNuevo - 8bcc9799ccca545532a8c9bc1ac806088175a8
2025-10-08 12:20:37.893 [main] INFO  Unidad1.ejemplo.FileNuevo - c2c5ff0f540713576eb21bfd6c34cf902fc9e3
2025-10-08 12:20:37.893 [main] INFO  Unidad1.ejemplo.FileNuevo - 2735db27788b428beb8eb3b47efc3801a5398f
2025-10-08 12:20:37.893 [main] INFO  Unidad1.ejemplo.FileNuevo - 294c6bc5e6754af2ae9e7cd42cff1c44868e74
2025-10-08 12:20:37.893 [main] INFO  Unidad1.ejemplo.FileNuevo - 596fd374706c18ef2f3357b1d05885823fa1dd
2025-10-08 12:20:37.893 [main] INFO  Unidad1.ejemplo.FileNuevo - 880573764edea2f970a4537fdf3d5a500a6030
2025-10-08 12:20:37.893 [main] INFO  Unidad1.ejemplo.FileNuevo - 88cf4fd6436e1a1a5307a8cf1f6db03c7efd0b
2025-10-08 12:20:37.893 [main] INFO  Unidad1.ejemplo.FileNuevo - 976f1066f8ac0eebc6785952d16da04a5fdca5
2025-10-08 12:20:37.893 [main] INFO  Unidad1.ejemplo.FileNuevo - ca1de7eea9bd0630d9861c27f2b509a6a5e1df
2025-10-08 12:20:37.893 [main] INFO  Unidad1.ejemplo.FileNuevo - ddeb618557bf604c856072593b8e7fc403f8ad
2025-10-08 12:20:37.893 [main] INFO  Unidad1.ejemplo.FileNuevo - de6598fe256fd521fea0c4588b702b11236dbe
2025-10-08 12:20:37.893 [main] INFO  Unidad1.ejemplo.FileNuevo - ee57346325af68c09a7aac317d51e4d084ba25
2025-10-08 12:20:37.893 [main] INFO  Unidad1.ejemplo.FileNuevo - 1ff8ffc63f27fb55a17e4464e717868d535dae
2025-10-08 12:20:37.893 [main] INFO  Unidad1.ejemplo.FileNuevo - 5e3d39a6a822a14005aee201d7de2ebf08623e
2025-10-08 12:20:37.893 [main] INFO  Unidad1.ejemplo.FileNuevo - 5f0f326e070af5b76a7e1398871245a2d8a96c
2025-10-08 12:20:37.893 [main] INFO  Unidad1.ejemplo.FileNuevo - 0a32f0d03296b05c1800c7d60087d6b8c1b8d5
2025-10-08 12:20:37.894 [main] INFO  Unidad1.ejemplo.FileNuevo - 38c56a43c6ab0a92d4a5f28b0f8b0388e09f31
2025-10-08 12:20:37.894 [main] INFO  Unidad1.ejemplo.FileNuevo - c44e3f0607fb5e86ef92b995cd87089edc9987
2025-10-08 12:20:37.894 [main] INFO  Unidad1.ejemplo.FileNuevo - 77e12e5eb0a94f5d9e305bf45d62b0df12d3ad
2025-10-08 12:20:37.894 [main] INFO  Unidad1.ejemplo.FileNuevo - 7c16409dddf49e2cdccd6f0587ba8975ca97d1
2025-10-08 12:20:37.894 [main] INFO  Unidad1.ejemplo.FileNuevo - 9f40da8dd675aceeec30239e5d7a6531a32fd4
2025-10-08 12:20:37.894 [main] INFO  Unidad1.ejemplo.FileNuevo - e8cc83b13e7f79fb4a1e4327b1e57990ca440b
2025-10-08 12:20:37.894 [main] INFO  Unidad1.ejemplo.FileNuevo - 59779924f485d13ace986e572e227671b1e862
2025-10-08 12:20:37.894 [main] INFO  Unidad1.ejemplo.FileNuevo - 94c24062cb5911bcd627eefb6b31c980f9b38e
2025-10-08 12:20:37.894 [main] INFO  Unidad1.ejemplo.FileNuevo - ccdc64701628564a942811a2ebdb03563fea03
2025-10-08 12:20:37.894 [main] INFO  Unidad1.ejemplo.FileNuevo - 6d1128e3fff6bbb8e379586b5bf92803103623
2025-10-08 12:20:37.894 [main] INFO  Unidad1.ejemplo.FileNuevo - 8fa4c7bb35cb251f9d7dcb54e4af5f8187cba1
2025-10-08 12:20:37.894 [main] INFO  Unidad1.ejemplo.FileNuevo - f4736d6e9eb07002d910a4fa83844abf193d01
2025-10-08 12:20:37.894 [main] INFO  Unidad1.ejemplo.FileNuevo - f7a9f84a9a683fc0dd17f2422ee4a444f5df0f
2025-10-08 12:20:37.894 [main] INFO  Unidad1.ejemplo.FileNuevo - 10066692dd8a5f51c2704b457bb16b4cdac02a
2025-10-08 12:20:37.894 [main] INFO  Unidad1.ejemplo.FileNuevo - 1d0ebf32c2f8a4b112f7a590ace062e9400adf
2025-10-08 12:20:37.894 [main] INFO  Unidad1.ejemplo.FileNuevo - 7954f4b98a4acd854312ed787a05d3a8df7d0f
2025-10-08 12:20:37.894 [main] INFO  Unidad1.ejemplo.FileNuevo - 9ebcd07684d416e4e7e3e18d528c3c21f5decd
2025-10-08 12:20:37.894 [main] INFO  Unidad1.ejemplo.FileNuevo - e8d35ab3ebc09fe48bf0d64c39dbff765f4bc9
2025-10-08 12:20:37.895 [main] INFO  Unidad1.ejemplo.FileNuevo - 306b6de8662dfd25b619c916816d24c878e138
2025-10-08 12:20:37.895 [main] INFO  Unidad1.ejemplo.FileNuevo - 31887fffe1f4cf1d10f6733a8647bc65036dea
2025-10-08 12:20:37.895 [main] INFO  Unidad1.ejemplo.FileNuevo - c12cee504e58b57b963d7a1bc8d892aa3458ea
2025-10-08 12:20:37.895 [main] INFO  Unidad1.ejemplo.FileNuevo - 259a1a2b5663c448ca79cc46be1985f7eb16a0
2025-10-08 12:20:37.895 [main] INFO  Unidad1.ejemplo.FileNuevo - 964c0cb4d448a86b50070e631f384e6ef6d7ff
2025-10-08 12:20:37.895 [main] INFO  Unidad1.ejemplo.FileNuevo - dd4577e1c0b216b27ad1eeab3f6611592a38d2
2025-10-08 12:20:37.895 [main] INFO  Unidad1.ejemplo.FileNuevo - fdf26bb028d7a434d330c189339b5d8fbcac33
2025-10-08 12:20:37.895 [main] INFO  Unidad1.ejemplo.FileNuevo - 18f3ec09d81210782bfc70711ae52e8221b70b
2025-10-08 12:20:37.895 [main] INFO  Unidad1.ejemplo.FileNuevo - 54b3e0abacc6379422bce8e64fb3c3d61ce624
2025-10-08 12:20:37.895 [main] INFO  Unidad1.ejemplo.FileNuevo - d610ae3ab4bcd363b688bc938c55e49b602547
2025-10-08 12:20:37.895 [main] INFO  Unidad1.ejemplo.FileNuevo - d7bae3dc35342cd0e740f1bbf2be70d8f27208
2025-10-08 12:20:37.895 [main] INFO  Unidad1.ejemplo.FileNuevo - dadca83930f6d27ea54ba59165c01187b5fce1
2025-10-08 12:20:37.895 [main] INFO  Unidad1.ejemplo.FileNuevo - 6c88a91e469584626fb9819f682b485c5f59ef
2025-10-08 12:20:37.895 [main] INFO  Unidad1.ejemplo.FileNuevo - 9aea4d84cda8b198158747b36e63d21c57b368
2025-10-08 12:20:37.895 [main] INFO  Unidad1.ejemplo.FileNuevo - ec5b2e560f6a4462eb96d80f2d1caa05c04d6a
2025-10-08 12:20:37.895 [main] INFO  Unidad1.ejemplo.FileNuevo - fa0827d2cf32cc5cb7aa7943325078e916e745
2025-10-08 12:20:37.895 [main] INFO  Unidad1.ejemplo.FileNuevo - 056c3f888528a5eb59263fb91d5e31b1013b77
2025-10-08 12:20:37.896 [main] INFO  Unidad1.ejemplo.FileNuevo - 0594ceae2d93020b0a85f388c45ea7bcf137f0
2025-10-08 12:20:37.896 [main] INFO  Unidad1.ejemplo.FileNuevo - 288e36f009f5d59232ec157da0c2714fda5ae9
2025-10-08 12:20:37.896 [main] INFO  Unidad1.ejemplo.FileNuevo - 73ffe7f60f0fbe795c5705526385faeeb89e49
2025-10-08 12:20:37.896 [main] INFO  Unidad1.ejemplo.FileNuevo - 92a08c7b1e47f998509289e882df3e38867105
2025-10-08 12:20:37.896 [main] INFO  Unidad1.ejemplo.FileNuevo - e5cab72c1550d8dc398e3413eea91bee24db77
2025-10-08 12:20:37.896 [main] INFO  Unidad1.ejemplo.FileNuevo - 3ef7bdc9bd4141ff4f57709a027c962aea9891
2025-10-08 12:20:37.896 [main] INFO  Unidad1.ejemplo.FileNuevo - 408d1e5bc07ed92297a570784ddbf1f7d936b6
2025-10-08 12:20:37.896 [main] INFO  Unidad1.ejemplo.FileNuevo - e6d8bf059f13bfafdb671b313f1ab60c3ee2a3
2025-10-08 12:20:37.896 [main] INFO  Unidad1.ejemplo.FileNuevo - 2687d7207bbeb77c2f6e5a42b9fd89a2853e48
2025-10-08 12:20:37.896 [main] INFO  Unidad1.ejemplo.FileNuevo - 4946a71130e0f4036aeda5ec586fc92f68ee30
2025-10-08 12:20:37.896 [main] INFO  Unidad1.ejemplo.FileNuevo - d8d791391a75c4fa0c15f0541128d190225b83
2025-10-08 12:20:37.896 [main] INFO  Unidad1.ejemplo.FileNuevo - 2c2eb6058c95ed0f78d66d20e294cbf4a11cff
2025-10-08 12:20:37.896 [main] INFO  Unidad1.ejemplo.FileNuevo - 625b4f30841c8d8aad5c7ffe3aff2db650bff7
2025-10-08 12:20:37.896 [main] INFO  Unidad1.ejemplo.FileNuevo - 6e1ef22f911f3e27b68521135ebb196bce5ec4
2025-10-08 12:20:37.896 [main] INFO  Unidad1.ejemplo.FileNuevo - 70c4b06d626d12e47de51aec877bf4f2b9e4bb
2025-10-08 12:20:37.896 [main] INFO  Unidad1.ejemplo.FileNuevo - 93ac215c6fdebf90e7cabcddf08f5eafbac131
2025-10-08 12:20:37.896 [main] INFO  Unidad1.ejemplo.FileNuevo - bd5d33406e3d98d6e100cab86f76b484831212
2025-10-08 12:20:37.896 [main] INFO  Unidad1.ejemplo.FileNuevo - c74d292516fa50489e4f312de69eb648e26aad
2025-10-08 12:20:37.896 [main] INFO  Unidad1.ejemplo.FileNuevo - 07b0c9cd57cac8e928d774b34c4727f26f8874
2025-10-08 12:20:37.896 [main] INFO  Unidad1.ejemplo.FileNuevo - 5a5c12f7e86d259802b8cdec03666a8648288d
2025-10-08 12:20:37.896 [main] INFO  Unidad1.ejemplo.FileNuevo - 72e1f64f06c3bac6e012d8dc1ddd6d4ea54e97
2025-10-08 12:20:37.897 [main] INFO  Unidad1.ejemplo.FileNuevo - 0967b65a94b635e19554613528ec0a12a969f3
2025-10-08 12:20:37.897 [main] INFO  Unidad1.ejemplo.FileNuevo - 102d941f9116edd975cf2044f1750d8549939d
2025-10-08 12:20:37.897 [main] INFO  Unidad1.ejemplo.FileNuevo - 4f29d62db88b4b458a2f4720cb5b1107599dfe
2025-10-08 12:20:37.897 [main] INFO  Unidad1.ejemplo.FileNuevo - b2a22bafc151508c2a5fa2a2eb904d446c202c
2025-10-08 12:20:37.897 [main] INFO  Unidad1.ejemplo.FileNuevo - e8e87a7d8f3e60c9fcb182cccc0863b065c98e
2025-10-08 12:20:37.897 [main] INFO  Unidad1.ejemplo.FileNuevo - f0bc24f6baa1960a11d8eecefe8a0b28914464
2025-10-08 12:20:37.897 [main] INFO  Unidad1.ejemplo.FileNuevo - d836d1cda11654e894e10d0c61fd12195b3a0c
2025-10-08 12:20:37.897 [main] INFO  Unidad1.ejemplo.FileNuevo - 05f9748be4522b41e1f281025318225546724d
2025-10-08 12:20:37.897 [main] INFO  Unidad1.ejemplo.FileNuevo - 0baaa7f64a4ae85cd20753d24b8840fde7f270
2025-10-08 12:20:37.897 [main] INFO  Unidad1.ejemplo.FileNuevo - 66575ed3bab2ff445c4cfd936edce58011d6ee
2025-10-08 12:20:37.897 [main] INFO  Unidad1.ejemplo.FileNuevo - 3eb1e5059fb9d691c3cae161a73cdc6426eca6
2025-10-08 12:20:37.897 [main] INFO  Unidad1.ejemplo.FileNuevo - f190fb7c4fd60028eaab98ca1409b0ade5d36c
2025-10-08 12:20:37.897 [main] INFO  Unidad1.ejemplo.FileNuevo - 314a1fa40337e6579499f432ec60d515c46118
2025-10-08 12:20:37.897 [main] INFO  Unidad1.ejemplo.FileNuevo - 5517162dda96743ca3680e1175fd6dcd69f99b
2025-10-08 12:20:37.897 [main] INFO  Unidad1.ejemplo.FileNuevo - 60d01a45f1a3525b57af12344192cae0223efd
2025-10-08 12:20:37.897 [main] INFO  Unidad1.ejemplo.FileNuevo - a2876a6c5b3f238d012a84333bcd940f6d8449
2025-10-08 12:20:37.898 [main] INFO  Unidad1.ejemplo.FileNuevo - cdad7a91c82f96417db9adcc4c3c405b21d66e
2025-10-08 12:20:37.898 [main] INFO  Unidad1.ejemplo.FileNuevo - 1d190583dbd8994d64dc05efe94ab848a4fc3e
2025-10-08 12:20:37.898 [main] INFO  Unidad1.ejemplo.FileNuevo - 6485fb8c3dcc5b78940545bc9ca753b33c5d1e
2025-10-08 12:20:37.898 [main] INFO  Unidad1.ejemplo.FileNuevo - a295343b21fbff8c21fa2b1def639a4107f23d
2025-10-08 12:20:37.898 [main] INFO  Unidad1.ejemplo.FileNuevo - 4aaa4ebccd06b4f0c3821afcbec2e6260a1709
2025-10-08 12:20:37.898 [main] INFO  Unidad1.ejemplo.FileNuevo - ae49d4d94b4c0e90e2307833c3281a3fa903b8
2025-10-08 12:20:37.898 [main] INFO  Unidad1.ejemplo.FileNuevo - 0a6c2ffb05e9eb06779fea2b8010133a3d8019
2025-10-08 12:20:37.898 [main] INFO  Unidad1.ejemplo.FileNuevo - 2af8b605b5257b02edcba2d062cfb2f5809df3
2025-10-08 12:20:37.898 [main] INFO  Unidad1.ejemplo.FileNuevo - 659c4aeefd727b101a337bc9d4c1013e022d60
2025-10-08 12:20:37.898 [main] INFO  Unidad1.ejemplo.FileNuevo - 90a254f692aa4a571e3fbad8e701c2a84005a0
2025-10-08 12:20:37.898 [main] INFO  Unidad1.ejemplo.FileNuevo - 33075c44fb21c75ddffeea469ff92f814c2176
2025-10-08 12:20:37.898 [main] INFO  Unidad1.ejemplo.FileNuevo - 90bec5fd2b2b3057e735e81b734f9ca666fb1a
2025-10-08 12:20:37.898 [main] INFO  Unidad1.ejemplo.FileNuevo - cb955ba23571f6fefd57cecf5f67454210bbc8
2025-10-08 12:20:37.898 [main] INFO  Unidad1.ejemplo.FileNuevo - 057d4507e5d5aba320cc81c5b3aa139ff352e0
2025-10-08 12:20:37.899 [main] INFO  Unidad1.ejemplo.FileNuevo - 6369c386cad05cb618f6fcb6b80600890842b7
2025-10-08 12:20:37.899 [main] INFO  Unidad1.ejemplo.FileNuevo - 6a9ae9795f5d094aa48293a614ec8c32928b8e
2025-10-08 12:20:37.899 [main] INFO  Unidad1.ejemplo.FileNuevo - ca135846a047ee6c20253e5383ccbf2779e4a7
2025-10-08 12:20:37.899 [main] INFO  Unidad1.ejemplo.FileNuevo - ca3ff529f2140aa70d17c70e051f986822c4b7
2025-10-08 12:20:37.899 [main] INFO  Unidad1.ejemplo.FileNuevo - 5861f94aafafa678446f366a56eb30f1055869
2025-10-08 12:20:37.899 [main] INFO  Unidad1.ejemplo.FileNuevo - 7d25dfdadc69e0ca4a1899af219a6b5cc42e46
2025-10-08 12:20:37.899 [main] INFO  Unidad1.ejemplo.FileNuevo - 94c07fb899030da7c2b9d668856c3286230556
2025-10-08 12:20:37.899 [main] INFO  Unidad1.ejemplo.FileNuevo - a77ad68e7052d9a8f6c67614267136305db4f2
2025-10-08 12:20:37.899 [main] INFO  Unidad1.ejemplo.FileNuevo - bd3e00515ccf1c693c209962d99cd720ce8a08
2025-10-08 12:20:37.899 [main] INFO  Unidad1.ejemplo.FileNuevo - cb6f3ec83a51f4cd66d512d2e26b2b4730663e
2025-10-08 12:20:37.899 [main] INFO  Unidad1.ejemplo.FileNuevo - e493b63df02c1a4f48bb93d75fc9d6ca7a8cd7
2025-10-08 12:20:37.899 [main] INFO  Unidad1.ejemplo.FileNuevo - 13e89d2430881c7501f1ba2ed4029c7d0f9708
2025-10-08 12:20:37.899 [main] INFO  Unidad1.ejemplo.FileNuevo - 4dd56b5f5632af42be08761c42d0c47f1c3e7e
2025-10-08 12:20:37.899 [main] INFO  Unidad1.ejemplo.FileNuevo - 7204eaf5cc45b5625b71d020e063dbad0a3859
2025-10-08 12:20:37.899 [main] INFO  Unidad1.ejemplo.FileNuevo - 92a21305d9b15f5e148a06c99eb18b27a550f4
2025-10-08 12:20:37.899 [main] INFO  Unidad1.ejemplo.FileNuevo - 949f63750543df329ba19e974d662f5281d11d
2025-10-08 12:20:37.899 [main] INFO  Unidad1.ejemplo.FileNuevo - cee8e960632abf3fba8a5949a458802299f7a7
2025-10-08 12:20:37.899 [main] INFO  Unidad1.ejemplo.FileNuevo - f9334ce0da628af899c289bdc839c9f74f5af9
2025-10-08 12:20:37.900 [main] INFO  Unidad1.ejemplo.FileNuevo - 01a711d3650537f293e54c33498e08814be3c3
2025-10-08 12:20:37.900 [main] INFO  Unidad1.ejemplo.FileNuevo - f601040103a69a0e5d4330dce4465f9fdd2936
2025-10-08 12:20:37.900 [main] INFO  Unidad1.ejemplo.FileNuevo - 20d20bec8d48753d76fbd0846fe08693b6d57c
2025-10-08 12:20:37.900 [main] INFO  Unidad1.ejemplo.FileNuevo - 3c6413e16306b116445c98264ee38c12ce48c1
2025-10-08 12:20:37.900 [main] INFO  Unidad1.ejemplo.FileNuevo - 60c21d642fb5980ba2c655686bb304eeb8c41e
2025-10-08 12:20:37.900 [main] INFO  Unidad1.ejemplo.FileNuevo - 778f4bec516a00e8246b2c0bbe1d69b27caf21
2025-10-08 12:20:37.900 [main] INFO  Unidad1.ejemplo.FileNuevo - 808eb58b80daa74c9f59fe5e38c69436673d42
2025-10-08 12:20:37.900 [main] INFO  Unidad1.ejemplo.FileNuevo - ba8481ce78aa81cbd05147d20de7db248d0b8b
2025-10-08 12:20:37.900 [main] INFO  Unidad1.ejemplo.FileNuevo - 482b2221b8e65af43a3ecd850b37447b27c618
2025-10-08 12:20:37.900 [main] INFO  Unidad1.ejemplo.FileNuevo - 4b446a0cee0cdc93081abef8e28967b12f1267
2025-10-08 12:20:37.900 [main] INFO  Unidad1.ejemplo.FileNuevo - 60084f49e29e05383c0710ecce770e4ce34ba0
2025-10-08 12:20:37.900 [main] INFO  Unidad1.ejemplo.FileNuevo - 63c0851048d8f7bff41ecf0f8cee05f52fd120
2025-10-08 12:20:37.900 [main] INFO  Unidad1.ejemplo.FileNuevo - 12f8a86df13a26752bae5d0ec3dde4357d7d08
2025-10-08 12:20:37.900 [main] INFO  Unidad1.ejemplo.FileNuevo - 171bf3556d3b5290fc7d6722c9b2a9fd68a79d
2025-10-08 12:20:37.900 [main] INFO  Unidad1.ejemplo.FileNuevo - 1a866b0befd31826d7bef2432a782b0c628c44
2025-10-08 12:20:37.900 [main] INFO  Unidad1.ejemplo.FileNuevo - 7bd140a8f5320e30228f3840a94145b865a366
2025-10-08 12:20:37.900 [main] INFO  Unidad1.ejemplo.FileNuevo - 9dce1160a11a8f0f001647b04fa8b58f3d4472
2025-10-08 12:20:37.900 [main] INFO  Unidad1.ejemplo.FileNuevo - c0da5ce9c651ce848ca89acac0d93e4b3f9e17
2025-10-08 12:20:37.900 [main] INFO  Unidad1.ejemplo.FileNuevo - c365b6f8bc9028a2f9ad814477cc940b6c0540
2025-10-08 12:20:37.900 [main] INFO  Unidad1.ejemplo.FileNuevo - cf1d6037539beea45fe374ba2fea589a84930e
2025-10-08 12:20:37.900 [main] INFO  Unidad1.ejemplo.FileNuevo - e3cffb5c3912126c393f98f33981d2e26f1e99
2025-10-08 12:20:37.900 [main] INFO  Unidad1.ejemplo.FileNuevo - f1660e802701445b3bb9b533fafde8f89fe7cc
2025-10-08 12:20:37.900 [main] INFO  Unidad1.ejemplo.FileNuevo - 65749cf71192c133e794f8089c24141618c073
2025-10-08 12:20:37.900 [main] INFO  Unidad1.ejemplo.FileNuevo - 25f0fb0c4acf8b0f1f107e4e7a4b6d42a6f944
2025-10-08 12:20:37.901 [main] INFO  Unidad1.ejemplo.FileNuevo - 2bb1722748404a5aaad752008366ad3ab291bf
2025-10-08 12:20:37.901 [main] INFO  Unidad1.ejemplo.FileNuevo - 658b7af5c0cd3a6559556ef09ccb38cc573edd
2025-10-08 12:20:37.901 [main] INFO  Unidad1.ejemplo.FileNuevo - 841ebf3674439d2ef6c5353f794c4a64ec1903
2025-10-08 12:20:37.901 [main] INFO  Unidad1.ejemplo.FileNuevo - 99720e9729ca8c0e93106dc2ce196f30e86f23
2025-10-08 12:20:37.901 [main] INFO  Unidad1.ejemplo.FileNuevo - bc57c6b8101375291f1ec76bc81b5e1129bb5b
2025-10-08 12:20:37.901 [main] INFO  Unidad1.ejemplo.FileNuevo - c871ce97b1cca225e889206ed1fce415415f3c
2025-10-08 12:20:37.901 [main] INFO  Unidad1.ejemplo.FileNuevo - ade30c4fcd3d4141aec4204c426feead4ced90
2025-10-08 12:20:37.901 [main] INFO  Unidad1.ejemplo.FileNuevo - df02ce4be289e9202726c1adc49d4c3c0af9a2
2025-10-08 12:20:37.901 [main] INFO  Unidad1.ejemplo.FileNuevo - e9fa753fe2b416fb1266741cdf8e19877bfbb5
2025-10-08 12:20:37.901 [main] INFO  Unidad1.ejemplo.FileNuevo - f5c8e235c664289162d9d8a7d8b3cd872f0de0
2025-10-08 12:20:37.901 [main] INFO  Unidad1.ejemplo.FileNuevo - 62cb054c24de1e05b4669a72654139e425f642
2025-10-08 12:20:37.901 [main] INFO  Unidad1.ejemplo.FileNuevo - 725b714694cc52d3c5918b6396a1e94844dc63
2025-10-08 12:20:37.901 [main] INFO  Unidad1.ejemplo.FileNuevo - 9b212cb83beb8f3dbabf411dd6d07ca84b9e64
2025-10-08 12:20:37.901 [main] INFO  Unidad1.ejemplo.FileNuevo - 072b59fd7044d7faab523237587dac24654423
2025-10-08 12:20:37.901 [main] INFO  Unidad1.ejemplo.FileNuevo - 19603d1c4893a36a5e33ca78671694aafbb8ec
2025-10-08 12:20:37.901 [main] INFO  Unidad1.ejemplo.FileNuevo - 2bca552a81294004707d7c13ba5d16f1b41d4f
2025-10-08 12:20:37.901 [main] INFO  Unidad1.ejemplo.FileNuevo - 2f3f35c44815f70d5c5b19a43f7e932a64806a
2025-10-08 12:20:37.901 [main] INFO  Unidad1.ejemplo.FileNuevo - 8a46c7643a0e68e82a93f83b02ae812c41bd08
2025-10-08 12:20:37.901 [main] INFO  Unidad1.ejemplo.FileNuevo - baa749297843a56701178cc972129608de5a19
2025-10-08 12:20:37.902 [main] INFO  Unidad1.ejemplo.FileNuevo - e67a3f22eb316751548685b98f3663366ab131
2025-10-08 12:20:37.902 [main] INFO  Unidad1.ejemplo.FileNuevo - 5993737c457e04cebcb46fa1a8a18126982240
2025-10-08 12:20:37.902 [main] INFO  Unidad1.ejemplo.FileNuevo - 5d92760ba521512e4d68435f1ababd0ae105ea
2025-10-08 12:20:37.902 [main] INFO  Unidad1.ejemplo.FileNuevo - 973ca8c39378b1e7495baa82e8d5c14a64ce53
2025-10-08 12:20:37.902 [main] INFO  Unidad1.ejemplo.FileNuevo - 1ebb1733bd2c86d40c528889ab2989b3ad515d
2025-10-08 12:20:37.902 [main] INFO  Unidad1.ejemplo.FileNuevo - 9c677dac9670f769ab26e1febef5e3b171bd12
2025-10-08 12:20:37.903 [main] INFO  Unidad1.ejemplo.FileNuevo - 3b1a0cc354cdead2fc840354a99f2c0034fa96
2025-10-08 12:20:37.903 [main] INFO  Unidad1.ejemplo.FileNuevo - 9845c3410291c2ddeb70246ae7db7363d67983
2025-10-08 12:20:37.903 [main] INFO  Unidad1.ejemplo.FileNuevo - a88811264dcbd0fd0b36612d504b30833bb215
2025-10-08 12:20:37.903 [main] INFO  Unidad1.ejemplo.FileNuevo - b50ef8e8a3465d06728b858f056b877aa99f88
2025-10-08 12:20:37.903 [main] INFO  Unidad1.ejemplo.FileNuevo - 63388ba3170624730d94541a433dd004488a4e
2025-10-08 12:20:37.903 [main] INFO  Unidad1.ejemplo.FileNuevo - 64a09176ae6115ee10d83c2b2d768db15c1992
2025-10-08 12:20:37.903 [main] INFO  Unidad1.ejemplo.FileNuevo - 0c2e654d628cb590998df7f3c193acb1f7630e
2025-10-08 12:20:37.903 [main] INFO  Unidad1.ejemplo.FileNuevo - 3626881eab05a0b3176dd80c704b6dfe9341bd
2025-10-08 12:20:37.903 [main] INFO  Unidad1.ejemplo.FileNuevo - 76fe69a48880d827baadb8a8f928e03b5db5cb
2025-10-08 12:20:37.903 [main] INFO  Unidad1.ejemplo.FileNuevo - 90e48e0b182263412cca394fefa89e795ef3af
2025-10-08 12:20:37.903 [main] INFO  Unidad1.ejemplo.FileNuevo - acccc372ab3b2bcea995d0359f28344cd12326
2025-10-08 12:20:37.903 [main] INFO  Unidad1.ejemplo.FileNuevo - daea5221ed0655da478b1cd24f2317d15ec0c8
2025-10-08 12:20:37.903 [main] INFO  Unidad1.ejemplo.FileNuevo - 66c13e0bb0da845257850c673befbb507fd059
2025-10-08 12:20:37.903 [main] INFO  Unidad1.ejemplo.FileNuevo - 700be6eedaae7dbbf891d29be14223347c9d30
2025-10-08 12:20:37.903 [main] INFO  Unidad1.ejemplo.FileNuevo - 9478b2019dc26160398e9ef53f155e3ae6d37b
2025-10-08 12:20:37.903 [main] INFO  Unidad1.ejemplo.FileNuevo - f50740ee7ad27e75558e8039d5c5fd81b7be72
2025-10-08 12:20:37.904 [main] INFO  Unidad1.ejemplo.FileNuevo - 10856198aeaf2f249bebf356eb72deb3e0dc71
2025-10-08 12:20:37.904 [main] INFO  Unidad1.ejemplo.FileNuevo - 1d797ba8b74b47b142a9a8b420854c68ec9067
2025-10-08 12:20:37.904 [main] INFO  Unidad1.ejemplo.FileNuevo - 5920a7d397be81a20de63f9be39715a14090cf
2025-10-08 12:20:37.904 [main] INFO  Unidad1.ejemplo.FileNuevo - 615d76ef07f2e5f5ecf7a013e6d971bbc327c9
2025-10-08 12:20:37.904 [main] INFO  Unidad1.ejemplo.FileNuevo - c4ca27ed6e608f03b30cd1a0e4b3bfecdd1b0e
2025-10-08 12:20:37.904 [main] INFO  Unidad1.ejemplo.FileNuevo - 725f42849844103b6b1a91f4bb8649df7b5056
2025-10-08 12:20:37.904 [main] INFO  Unidad1.ejemplo.FileNuevo - 87d095a162e8d3e8c6c6c4128a5fb8026475d0
2025-10-08 12:20:37.904 [main] INFO  Unidad1.ejemplo.FileNuevo - d3125f4ef9df82d279eee78a182d60cf7400f3
2025-10-08 12:20:37.904 [main] INFO  Unidad1.ejemplo.FileNuevo - dcc05e2d205f7488ba9ea84b1a83db0ba27281
2025-10-08 12:20:37.904 [main] INFO  Unidad1.ejemplo.FileNuevo - e0871009d7eab485d4d95fdd21cdd54c703da3
2025-10-08 12:20:37.904 [main] INFO  Unidad1.ejemplo.FileNuevo - 2714cbc42c03b6b29d7795c097bec37efe5be9
2025-10-08 12:20:37.904 [main] INFO  Unidad1.ejemplo.FileNuevo - e4d18f89554de53b1ed36a82e2e002027aa4ba
2025-10-08 12:20:37.904 [main] INFO  Unidad1.ejemplo.FileNuevo - 2a48d7ee5cac75d1a736923cbb35233561e96f
2025-10-08 12:20:37.904 [main] INFO  Unidad1.ejemplo.FileNuevo - 1d9b7df384c9fc22e7e748a9c338847c3f06be
2025-10-08 12:20:37.904 [main] INFO  Unidad1.ejemplo.FileNuevo - 27de00ebad3415d13ce4376d81449d7b9fce9c
2025-10-08 12:20:37.904 [main] INFO  Unidad1.ejemplo.FileNuevo - 6f9b3801cec9b7f2b4bc67c84e10c051dc7c04
2025-10-08 12:20:37.904 [main] INFO  Unidad1.ejemplo.FileNuevo - 8c3d0174d28fb34d4ee0c899c0da54a2e47f1f
2025-10-08 12:20:37.905 [main] INFO  Unidad1.ejemplo.FileNuevo - 78bded7e6d7cf5c71eda3ac675a6e8909d93ff
2025-10-08 12:20:37.905 [main] INFO  Unidad1.ejemplo.FileNuevo - 80316412cbc979b9716b16f176099a201ea432
2025-10-08 12:20:37.905 [main] INFO  Unidad1.ejemplo.FileNuevo - 9783d0ffadc38c88d78dff4f8c121b3319d2d9
2025-10-08 12:20:37.905 [main] INFO  Unidad1.ejemplo.FileNuevo - dbff32613310de060a1baad53b282036288cbe
2025-10-08 12:20:37.905 [main] INFO  Unidad1.ejemplo.FileNuevo - 6e37ab4525a22e0be51695600e014ed2dcf152
2025-10-08 12:20:37.905 [main] INFO  Unidad1.ejemplo.FileNuevo - ec8ea87a0fee0f0b7cbf51836846cc1e90bf38
2025-10-08 12:20:37.905 [main] INFO  Unidad1.ejemplo.FileNuevo - 9e25a648abb96d4fa9508631d8f6915c2ea74d
2025-10-08 12:20:37.905 [main] INFO  Unidad1.ejemplo.FileNuevo - bdd3b8e108513d0f3f7d24ee14154b2c9eb2c7
2025-10-08 12:20:37.905 [main] INFO  Unidad1.ejemplo.FileNuevo - c812a98585d7087f94f44d3ffdf1f9c5d50d2c
2025-10-08 12:20:37.905 [main] INFO  Unidad1.ejemplo.FileNuevo - e97e40594b0c578d4094acdeb880e730c52b81
2025-10-08 12:20:37.905 [main] INFO  Unidad1.ejemplo.FileNuevo - ff0fd2f82547a292a0ea7fb84f68d52bf3f1be
2025-10-08 12:20:37.905 [main] INFO  Unidad1.ejemplo.FileNuevo - 1b835cf6ba2dd572b0adffcd27742cd61f122d
2025-10-08 12:20:37.906 [main] INFO  Unidad1.ejemplo.FileNuevo - 62b3cc9a81b0c7a917a8f3dc9c3353b7922adc
2025-10-08 12:20:37.906 [main] INFO  Unidad1.ejemplo.FileNuevo - b1f511cccdb1722e69b3dd28f8ea1567e692cb
2025-10-08 12:20:37.906 [main] INFO  Unidad1.ejemplo.FileNuevo - bd861fdb0d444ad357c050bf949b4edb05939e
2025-10-08 12:20:37.906 [main] INFO  Unidad1.ejemplo.FileNuevo - 350a1b89a99512edeff5c3a247ec5ff2180e42
2025-10-08 12:20:37.906 [main] INFO  Unidad1.ejemplo.FileNuevo - 3ca6cbd9f5839008418e736360e06c84c0fc11
2025-10-08 12:20:37.906 [main] INFO  Unidad1.ejemplo.FileNuevo - 3d5f95dc8a43c8bb7b7621865d06d4a70856ed
2025-10-08 12:20:37.906 [main] INFO  Unidad1.ejemplo.FileNuevo - 580fb8f820d269031534af4743e7cbce94c9b0
2025-10-08 12:20:37.906 [main] INFO  Unidad1.ejemplo.FileNuevo - 7d247730a088a5e5c0b31822d19c85e304cae8
2025-10-08 12:20:37.906 [main] INFO  Unidad1.ejemplo.FileNuevo - acc575179728929d2f0d54038d375521d512cc
2025-10-08 12:20:37.906 [main] INFO  Unidad1.ejemplo.FileNuevo - f54f3b20d130a399da6c82a1e30da6a9c092fa
2025-10-08 12:20:37.906 [main] INFO  Unidad1.ejemplo.FileNuevo - 3f2d0f2ca52fae6dd9ddf55ca6992e3ab8557b
2025-10-08 12:20:37.906 [main] INFO  Unidad1.ejemplo.FileNuevo - 840a486ecf4e41090b9ef0311d263bb4877195
2025-10-08 12:20:37.906 [main] INFO  Unidad1.ejemplo.FileNuevo - 9558ed8034cb6034d5b2c257225db775c93e8e
2025-10-08 12:20:37.906 [main] INFO  Unidad1.ejemplo.FileNuevo - 97622aab92bae9907c12e02123db0c44442009
2025-10-08 12:20:37.906 [main] INFO  Unidad1.ejemplo.FileNuevo - b6d1e7c210bb79436e05817e10d1f30923404d
2025-10-08 12:20:37.906 [main] INFO  Unidad1.ejemplo.FileNuevo - dcfd9a44e0f232b75c48b38567189788a7049e
2025-10-08 12:20:37.906 [main] INFO  Unidad1.ejemplo.FileNuevo - 380eb031b8087aa6e1a218b1b4e3322b6c5424
2025-10-08 12:20:37.907 [main] INFO  Unidad1.ejemplo.FileNuevo - b93d880229b7ee14eafb9ecd361e0c4534935a
2025-10-08 12:20:37.907 [main] INFO  Unidad1.ejemplo.FileNuevo - f0e02c2f0443d1da7d515f5c6c507d8dfae02b
2025-10-08 12:20:37.907 [main] INFO  Unidad1.ejemplo.FileNuevo - 0036cfa20631da349f53c8f87c8a2b635d1cd0
2025-10-08 12:20:37.907 [main] INFO  Unidad1.ejemplo.FileNuevo - 143a90847121f7ebcdbfc1bea81c9580195862
2025-10-08 12:20:37.907 [main] INFO  Unidad1.ejemplo.FileNuevo - 85ce94a528d0993e18c492af58368c01cd0db6
2025-10-08 12:20:37.907 [main] INFO  Unidad1.ejemplo.FileNuevo - b0b2b9a439e5e0fe89aa99397106171af77db1
2025-10-08 12:20:37.907 [main] INFO  Unidad1.ejemplo.FileNuevo - e7ad4fbcc05da356fbc13c358d318bc010488e
2025-10-08 12:20:37.907 [main] INFO  Unidad1.ejemplo.FileNuevo - 3440270673d4519b73ee4385d02ae5a3d6f403
2025-10-08 12:20:37.907 [main] INFO  Unidad1.ejemplo.FileNuevo - cb4c8d5c47996e9884098a6890c39122102268
2025-10-08 12:20:37.907 [main] INFO  Unidad1.ejemplo.FileNuevo - e2f86308f22446e8ab45f14e7cf25a7b69dd86
2025-10-08 12:20:37.907 [main] INFO  Unidad1.ejemplo.FileNuevo - 3a93d45dd0eca83bb9045942f5e0c4a931a999
2025-10-08 12:20:37.907 [main] INFO  Unidad1.ejemplo.FileNuevo - 4c7bd5aec9a4cf4340fcc753a6fa693bc77119
2025-10-08 12:20:37.907 [main] INFO  Unidad1.ejemplo.FileNuevo - d0248358f0de86435b1f8e42dabeb92876ab6d
2025-10-08 12:20:37.907 [main] INFO  Unidad1.ejemplo.FileNuevo - 156105a87916787d203ecc5a711c7cdd3fa5d9
2025-10-08 12:20:37.907 [main] INFO  Unidad1.ejemplo.FileNuevo - 43510f27d3bdcd40b40d10a1689ae69aa3b38a
2025-10-08 12:20:37.908 [main] INFO  Unidad1.ejemplo.FileNuevo - 7439fdb1dbff4858aa8b038a1192d53593ec8e
2025-10-08 12:20:37.908 [main] INFO  Unidad1.ejemplo.FileNuevo - 8986fab5f736eb54bc51cb39c25c8ec1b37642
2025-10-08 12:20:37.908 [main] INFO  Unidad1.ejemplo.FileNuevo - f997156e1d3513371f8fb46aa7948518df68d6
2025-10-08 12:20:37.908 [main] INFO  Unidad1.ejemplo.FileNuevo - 40e4acd4c0e5e01dcb915c3a58a3639d917785
2025-10-08 12:20:37.908 [main] INFO  Unidad1.ejemplo.FileNuevo - 929aa0071fcde07cec746bfde094b592d24cbb
2025-10-08 12:20:37.908 [main] INFO  Unidad1.ejemplo.FileNuevo - f765070092a629b4cd26068ce3a6c2b8cddd8c
2025-10-08 12:20:37.908 [main] INFO  Unidad1.ejemplo.FileNuevo - 6ff61b2200e4ec12403bed174be5c6eca6ef8f
2025-10-08 12:20:37.908 [main] INFO  Unidad1.ejemplo.FileNuevo - 116ff74070a829d802711669721131b04d9ddf
2025-10-08 12:20:37.908 [main] INFO  Unidad1.ejemplo.FileNuevo - f234df16f5447cffa6a2e6fcf5c443f4e4c7d1
2025-10-08 12:20:37.908 [main] INFO  Unidad1.ejemplo.FileNuevo - 8e0b5cfb6d43e47930c2e9dfd798c37480585a
2025-10-08 12:20:37.908 [main] INFO  Unidad1.ejemplo.FileNuevo - 8f44a0001fc41282bbd3c41f203eca8df2f599
2025-10-08 12:20:37.908 [main] INFO  Unidad1.ejemplo.FileNuevo - 9f57fa8b33e2567d917310881f8db47ae2805d
2025-10-08 12:20:37.908 [main] INFO  Unidad1.ejemplo.FileNuevo - c480f5be1deaf08329f2440cc2a72f0f9519de
2025-10-08 12:20:37.908 [main] INFO  Unidad1.ejemplo.FileNuevo - fbbbd98c0041ae9084968ff275d5a02b67a684
2025-10-08 12:20:37.908 [main] INFO  Unidad1.ejemplo.FileNuevo - 0d67170112bd06160fc4de54bfd84bf41fe21e
2025-10-08 12:20:37.908 [main] INFO  Unidad1.ejemplo.FileNuevo - daaef73b3d6dc19b160aa7f0d9a84cccf43585
2025-10-08 12:20:37.909 [main] INFO  Unidad1.ejemplo.FileNuevo - e7a51b330e6193df478e9f046e99e6782f552e
2025-10-08 12:20:37.909 [main] INFO  Unidad1.ejemplo.FileNuevo - 0a8c2284782db9518e62d5e4b3049a736d142e
2025-10-08 12:20:37.909 [main] INFO  Unidad1.ejemplo.FileNuevo - 0efae9c3d0b7ea77dc3948a6a60658715c4606
2025-10-08 12:20:37.909 [main] INFO  Unidad1.ejemplo.FileNuevo - 85cfcb97f80033715341295e0919c9f22019e3
2025-10-08 12:20:37.909 [main] INFO  Unidad1.ejemplo.FileNuevo - fdd92e5df7ab623f8965b7fbaf64464c56253f
2025-10-08 12:20:37.909 [main] INFO  Unidad1.ejemplo.FileNuevo - 16661693c0c2f4f24e025c7f7e0146f6ec050c
2025-10-08 12:20:37.909 [main] INFO  Unidad1.ejemplo.FileNuevo - 59bdc1f7d343187d85a7409870384f903fe7eb
2025-10-08 12:20:37.909 [main] INFO  Unidad1.ejemplo.FileNuevo - 67db03e9723c4d438576cfd2b6065d8d0220eb
2025-10-08 12:20:37.909 [main] INFO  Unidad1.ejemplo.FileNuevo - 8f537f99b75fabea54b175d7d1b39cd5b802fa
2025-10-08 12:20:37.909 [main] INFO  Unidad1.ejemplo.FileNuevo - a66a16067abc338d487adb789f0d5c30fd918b
2025-10-08 12:20:37.909 [main] INFO  Unidad1.ejemplo.FileNuevo - b46043cc56cbfc5bad81d638c248b6c9389232
2025-10-08 12:20:37.909 [main] INFO  Unidad1.ejemplo.FileNuevo - d6ff9f3c366428c6591f45d10c864a5776bda5
2025-10-08 12:20:37.909 [main] INFO  Unidad1.ejemplo.FileNuevo - e1f207f251fe9c1d8e953275d854c982a1e431
2025-10-08 12:20:37.909 [main] INFO  Unidad1.ejemplo.FileNuevo - e4ae3e5669f82e5ed9b7e4d89027f78aa395f3
2025-10-08 12:20:37.909 [main] INFO  Unidad1.ejemplo.FileNuevo - f0c2c8fb1f2720eb276eef37b8a4f2f8086175
2025-10-08 12:20:37.909 [main] INFO  Unidad1.ejemplo.FileNuevo - 2e24a6082bcdce24b3c91da31d3e1a3f70144b
2025-10-08 12:20:37.909 [main] INFO  Unidad1.ejemplo.FileNuevo - 4779f47b14f3e6e1b2a65211a79329698a07f1
2025-10-08 12:20:37.909 [main] INFO  Unidad1.ejemplo.FileNuevo - d51ea431e5a7f7012196b9644a47ca302a917e
2025-10-08 12:20:37.909 [main] INFO  Unidad1.ejemplo.FileNuevo - 742eec4e5f836b7db045fbd3517f0abce777ce
2025-10-08 12:20:37.910 [main] INFO  Unidad1.ejemplo.FileNuevo - 0ecf96ef667e740cdac851421627f40bf00af7
2025-10-08 12:20:37.910 [main] INFO  Unidad1.ejemplo.FileNuevo - 26b2056615b4f3228b96b25492ae491d908b09
2025-10-08 12:20:37.910 [main] INFO  Unidad1.ejemplo.FileNuevo - 80013a6eeb2d80bca4d12136270e0363580304
2025-10-08 12:20:37.910 [main] INFO  Unidad1.ejemplo.FileNuevo - 2022525855c182894e9a1475b6b5f323dcee68
2025-10-08 12:20:37.910 [main] INFO  Unidad1.ejemplo.FileNuevo - aa065e956311a9f527ed0a109599b01af441a2
2025-10-08 12:20:37.910 [main] INFO  Unidad1.ejemplo.FileNuevo - dbde72f6f4eff1350f7df84d02054ba6ebd589
2025-10-08 12:20:37.910 [main] INFO  Unidad1.ejemplo.FileNuevo - 3f4708db84ac8fd0f5cc47c634f38c013fe9e4
2025-10-08 12:20:37.910 [main] INFO  Unidad1.ejemplo.FileNuevo - 81d8e16960066f709d2d88ee66a28878bb1c2f
2025-10-08 12:20:37.910 [main] INFO  Unidad1.ejemplo.FileNuevo - bd60bc207ffcc951bf9537717d48abb5177168
2025-10-08 12:20:37.910 [main] INFO  Unidad1.ejemplo.FileNuevo - d313442ac81eaa9b05d50015062e49b6fa5105
2025-10-08 12:20:37.910 [main] INFO  Unidad1.ejemplo.FileNuevo - 4604e54f6fe0e30ea92e287705cbcbae333795
2025-10-08 12:20:37.910 [main] INFO  Unidad1.ejemplo.FileNuevo - ba7091f3302f48067866a494f2cbf436e512b3
2025-10-08 12:20:37.910 [main] INFO  Unidad1.ejemplo.FileNuevo - d82041918bd1ff4646dcb75a3414d2f7b2c1c8
2025-10-08 12:20:37.910 [main] INFO  Unidad1.ejemplo.FileNuevo - e4357154127d876a3dd9687e28a58e93200aae
2025-10-08 12:20:37.910 [main] INFO  Unidad1.ejemplo.FileNuevo - e589bd7fd8bb13200733e9daa1400edb630e69
2025-10-08 12:20:37.910 [main] INFO  Unidad1.ejemplo.FileNuevo - 4142638a3056205d40ed9efd092edb20130a2f
2025-10-08 12:20:37.910 [main] INFO  Unidad1.ejemplo.FileNuevo - e805571048555c99313d783e6450fc335ee290
2025-10-08 12:20:37.911 [main] INFO  Unidad1.ejemplo.FileNuevo - 1bb744ed4970a171cb2f8b566c5ff8e9a165fa
2025-10-08 12:20:37.911 [main] INFO  Unidad1.ejemplo.FileNuevo - 2463fe809fd31ed0db743c6693415e04801eb3
2025-10-08 12:20:37.911 [main] INFO  Unidad1.ejemplo.FileNuevo - 41a6eac71a6d54eb26f83e69ab5d703dc605d7
2025-10-08 12:20:37.911 [main] INFO  Unidad1.ejemplo.FileNuevo - 44075e46c83f0e33246e5e286b2aec9a9c1374
2025-10-08 12:20:37.911 [main] INFO  Unidad1.ejemplo.FileNuevo - 767d8d06e5ac8680c28603c714c92036a6435c
2025-10-08 12:20:37.911 [main] INFO  Unidad1.ejemplo.FileNuevo - 771d52e096c81009cc738c71e5417e79d70760
2025-10-08 12:20:37.911 [main] INFO  Unidad1.ejemplo.FileNuevo - a0b7769013920648b17f3f51ba3e88139fdf0e
2025-10-08 12:20:37.911 [main] INFO  Unidad1.ejemplo.FileNuevo - cb4fd99f8c82baef6020fc1672271c69168e33
2025-10-08 12:20:37.911 [main] INFO  Unidad1.ejemplo.FileNuevo - da5afe6d0ef455e42d041e516b802590447f9a
2025-10-08 12:20:37.911 [main] INFO  Unidad1.ejemplo.FileNuevo - 1258f76a8447a27b2d20c03046a0777d97de6a
2025-10-08 12:20:37.911 [main] INFO  Unidad1.ejemplo.FileNuevo - 55f8f31af35371455b88672b3b240afd9f3fea
2025-10-08 12:20:37.911 [main] INFO  Unidad1.ejemplo.FileNuevo - 583effe9d19a2a3176985451476f058e1e9954
2025-10-08 12:20:37.911 [main] INFO  Unidad1.ejemplo.FileNuevo - 636a8fc0c99bfe3c859d6ef7aa4945653e8105
2025-10-08 12:20:37.911 [main] INFO  Unidad1.ejemplo.FileNuevo - a456ca541524242b8391fa0da56404dcbc435f
2025-10-08 12:20:37.911 [main] INFO  Unidad1.ejemplo.FileNuevo - 3caca1456ebcc7a48a861c9761fddac26f3d9d
2025-10-08 12:20:37.911 [main] INFO  Unidad1.ejemplo.FileNuevo - 9b7a28820c9601624c87ab7221812b1b33f641
2025-10-08 12:20:37.911 [main] INFO  Unidad1.ejemplo.FileNuevo - ec97358cf550862fd343fc9a73c159d4c0ab10
2025-10-08 12:20:37.911 [main] INFO  Unidad1.ejemplo.FileNuevo - 05b3412d7ab4068f4adcf3458984d63fb1a082
2025-10-08 12:20:37.911 [main] INFO  Unidad1.ejemplo.FileNuevo - 3eff20c588876a2109a082f9d1a33d4fa024a2
2025-10-08 12:20:37.911 [main] INFO  Unidad1.ejemplo.FileNuevo - 4a12f14f5704c9f244b9c8d3882bd4b2c6f94d
2025-10-08 12:20:37.911 [main] INFO  Unidad1.ejemplo.FileNuevo - 706009c81bea86615fb6d1f7710ea01292300b
2025-10-08 12:20:37.911 [main] INFO  Unidad1.ejemplo.FileNuevo - 7d61c1a084c2eba148367ef871765483ac078f
2025-10-08 12:20:37.911 [main] INFO  Unidad1.ejemplo.FileNuevo - a52c59904b3f83c95b3bd2ecee172aa8f47b1f
2025-10-08 12:20:37.911 [main] INFO  Unidad1.ejemplo.FileNuevo - ca663da5a8d33117cc572e48c7072cb1124eef
2025-10-08 12:20:37.911 [main] INFO  Unidad1.ejemplo.FileNuevo - 83981f6442db9c19003d5bf05cc5f15ac28122
2025-10-08 12:20:37.911 [main] INFO  Unidad1.ejemplo.FileNuevo - bcda0f50401801567569ba4e10aac75137ae8e
2025-10-08 12:20:37.911 [main] INFO  Unidad1.ejemplo.FileNuevo - 66724c7b05e13375eb605e630b01eab1b634eb
2025-10-08 12:20:37.913 [main] INFO  Unidad1.ejemplo.FileNuevo - 81633ad0756479dfd9712ca332d35587d74d89
2025-10-08 12:20:37.913 [main] INFO  Unidad1.ejemplo.FileNuevo - 89274d56b26e01f1bd716235483e57894c55bd
2025-10-08 12:20:37.913 [main] INFO  Unidad1.ejemplo.FileNuevo - a9d2b71f5d69dfb68a02eae0868aa86ebb5d6d
2025-10-08 12:20:37.913 [main] INFO  Unidad1.ejemplo.FileNuevo - 8c932a8f640c33884e5869b606a20127d1995e
2025-10-08 12:20:37.913 [main] INFO  Unidad1.ejemplo.FileNuevo - 96129c27b4c5ea1d5139c975e23f01d5a56f15
2025-10-08 12:20:37.913 [main] INFO  Unidad1.ejemplo.FileNuevo - a08986c3110646964f6eb6a115b903165c408d
2025-10-08 12:20:37.913 [main] INFO  Unidad1.ejemplo.FileNuevo - 0dee2a186fbf15e8f40664d3e115ec93c2a363
2025-10-08 12:20:37.913 [main] INFO  Unidad1.ejemplo.FileNuevo - 1d96b6741ce22fea6f34ffb22e371f3c59fcf4
2025-10-08 12:20:37.913 [main] INFO  Unidad1.ejemplo.FileNuevo - 270ac7f95ac4b63ce4edb6a786c5002403abae
2025-10-08 12:20:37.913 [main] INFO  Unidad1.ejemplo.FileNuevo - 9f4d34b7451e63e6e201b8938cfd8c1778a063
2025-10-08 12:20:37.913 [main] INFO  Unidad1.ejemplo.FileNuevo - 9f536b0a798e4d3b8c0d34c52ee0c3e3c10846
2025-10-08 12:20:37.913 [main] INFO  Unidad1.ejemplo.FileNuevo - c17c000dfc5e4193e9e2725ccdf3eeca5e9244
2025-10-08 12:20:37.913 [main] INFO  Unidad1.ejemplo.FileNuevo - da23a3c844e296613d8209a2eafd0a0feb46a4
2025-10-08 12:20:37.914 [main] INFO  Unidad1.ejemplo.FileNuevo - 0197ed1675fe85bc10fdc9f787543cd7b37550
2025-10-08 12:20:37.914 [main] INFO  Unidad1.ejemplo.FileNuevo - 9012673394ea7e65583052f93d4b740b19dca9
2025-10-08 12:20:37.914 [main] INFO  Unidad1.ejemplo.FileNuevo - 08c1025ee4618c4737057f403e11936758c99d
2025-10-08 12:20:37.914 [main] INFO  Unidad1.ejemplo.FileNuevo - 3dfd75c238077f262308f40d77be535ec58288
2025-10-08 12:20:37.914 [main] INFO  Unidad1.ejemplo.FileNuevo - 8778c5855eb1aa13633467e013daff287e7200
2025-10-08 12:20:37.914 [main] INFO  Unidad1.ejemplo.FileNuevo - 957007fa721e46bfe4acbf956fcb153b58d37a
2025-10-08 12:20:37.914 [main] INFO  Unidad1.ejemplo.FileNuevo - f93e1028eee0c8450ad05ff1b1f3d8e8c4c39f
2025-10-08 12:20:37.914 [main] INFO  Unidad1.ejemplo.FileNuevo - a16e3ca281106531b34c544df2f58e0ade28f5
2025-10-08 12:20:37.914 [main] INFO  Unidad1.ejemplo.FileNuevo - d3c4d0500b41f7a361b0589102da59e54b6bd2
2025-10-08 12:20:37.915 [main] INFO  Unidad1.ejemplo.FileNuevo - a8fe136452fe56c637e42c4c77af84c394d3fe
2025-10-08 12:20:37.915 [main] INFO  Unidad1.ejemplo.FileNuevo - b0c9a703c7401ec7132d978c5e15c27920d8e1
2025-10-08 12:20:37.915 [main] INFO  Unidad1.ejemplo.FileNuevo - b1d96c9b864711771cb82a5df2bd6866879914
2025-10-08 12:20:37.915 [main] INFO  Unidad1.ejemplo.FileNuevo - c14ed49048350de412420167ee64d05eb41298
2025-10-08 12:20:37.915 [main] INFO  Unidad1.ejemplo.FileNuevo - e230b11e820bf54c6c61abfe201166e6c6a288
2025-10-08 12:20:37.915 [main] INFO  Unidad1.ejemplo.FileNuevo - 37e876b27b29e029504065800c462e3d178c4a
2025-10-08 12:20:37.915 [main] INFO  Unidad1.ejemplo.FileNuevo - 3ac5f3a99d22ad4b25e8f71b6d5a513ff7b8db
2025-10-08 12:20:37.915 [main] INFO  Unidad1.ejemplo.FileNuevo - c2b5ea365a499abefd35bdf39b60b074e2e2a9
2025-10-08 12:20:37.915 [main] INFO  Unidad1.ejemplo.FileNuevo - f7728d5d9252833033e7c4c18d6b30ebd20692
2025-10-08 12:20:37.915 [main] INFO  Unidad1.ejemplo.FileNuevo - 4aea95735904ab849f24d1b14ef9ee74b6ad89
2025-10-08 12:20:37.915 [main] INFO  Unidad1.ejemplo.FileNuevo - 646f1c6ba65330566e005080e3e84bebabd61a
2025-10-08 12:20:37.915 [main] INFO  Unidad1.ejemplo.FileNuevo - 27d0a58546eeb9bc6a51fcc212501472816ede
2025-10-08 12:20:37.915 [main] INFO  Unidad1.ejemplo.FileNuevo - 2aaa7640726588bcd3d57e1de4b1315b7f315e
2025-10-08 12:20:37.915 [main] INFO  Unidad1.ejemplo.FileNuevo - 2fef9188d42a7f845296ea6f891ffd60c27436
2025-10-08 12:20:37.915 [main] INFO  Unidad1.ejemplo.FileNuevo - 6f13c91b58de77e38dae0045d472dbb0932332
2025-10-08 12:20:37.916 [main] INFO  Unidad1.ejemplo.FileNuevo - 92b1a39076dedbbbdb0bab6ec1aaeb3e0b5019
2025-10-08 12:20:37.916 [main] INFO  Unidad1.ejemplo.FileNuevo - aee5e6beacfacc9ad0b89386dab8be29227870
2025-10-08 12:20:37.916 [main] INFO  Unidad1.ejemplo.FileNuevo - b8a070f8f48dbe2a5e498e5778c20236b8bb55
2025-10-08 12:20:37.916 [main] INFO  Unidad1.ejemplo.FileNuevo - f076dbe30d3c5dfff8071719a693b073aa1e2b
2025-10-08 12:20:37.916 [main] INFO  Unidad1.ejemplo.FileNuevo - 9b0537eca32ede69b88b35564c7c9716519b40
2025-10-08 12:20:37.916 [main] INFO  Unidad1.ejemplo.FileNuevo - 7c17c7dd91573f9faa1e4d7d24a78599881fb1
2025-10-08 12:20:37.916 [main] INFO  Unidad1.ejemplo.FileNuevo - 707d98c9a93354fbee9d33ea58e4fa28f0d57e
2025-10-08 12:20:37.916 [main] INFO  Unidad1.ejemplo.FileNuevo - fc32890e739547258948e62d03e37241c1fc47
2025-10-08 12:20:37.916 [main] INFO  Unidad1.ejemplo.FileNuevo - 289253b4a76fae69f8f7d1cfebe85a9d6a419d
2025-10-08 12:20:37.916 [main] INFO  Unidad1.ejemplo.FileNuevo - e7aad5515420681be9b16095914da10ace782a
2025-10-08 12:20:37.916 [main] INFO  Unidad1.ejemplo.FileNuevo - 032baf24a13eff27e16a978bd7d41becfa5b2e
2025-10-08 12:20:37.916 [main] INFO  Unidad1.ejemplo.FileNuevo - 2cc1a91454929f2d6b016e7844735ad263c58b
2025-10-08 12:20:37.916 [main] INFO  Unidad1.ejemplo.FileNuevo - 463cb745fe4f12ad7289ad8b879048fa501430
2025-10-08 12:20:37.916 [main] INFO  Unidad1.ejemplo.FileNuevo - 4b23431ee49fb8e4673573888e5bdc3bb4f567
2025-10-08 12:20:37.916 [main] INFO  Unidad1.ejemplo.FileNuevo - d3cb263d75a6a801c85d3cef9edc7f2ccca4fc
2025-10-08 12:20:37.916 [main] INFO  Unidad1.ejemplo.FileNuevo - e7e05d847ac3cfc09a9580f08cb8aa9bd5e6f9
2025-10-08 12:20:37.917 [main] INFO  Unidad1.ejemplo.FileNuevo - 56e87647299b00e4cecbe8cd8aca8ee2d28517
2025-10-08 12:20:37.917 [main] INFO  Unidad1.ejemplo.FileNuevo - a2bd38a7ce183c609b0614eeb2190a25fd7746
2025-10-08 12:20:37.917 [main] INFO  Unidad1.ejemplo.FileNuevo - 9a827a2eea9fe75a9c3deeffdbf64ca39cc0bf
2025-10-08 12:20:37.917 [main] INFO  Unidad1.ejemplo.FileNuevo - b407d7105d237aa925d3171de86175d8143514
2025-10-08 12:20:37.917 [main] INFO  Unidad1.ejemplo.FileNuevo - d717671c18547757e61612322f043d9d4036a0
2025-10-08 12:20:37.917 [main] INFO  Unidad1.ejemplo.FileNuevo - 2539d742c79f54c1a41551e35d6651d48b6c4f
2025-10-08 12:20:37.917 [main] INFO  Unidad1.ejemplo.FileNuevo - 98b894a8d1b420b85a434db4943671eda80132
2025-10-08 12:20:37.917 [main] INFO  Unidad1.ejemplo.FileNuevo - a5fcbd16d8aec3e7e081a25ebc55bcd6eb2381
2025-10-08 12:20:37.917 [main] INFO  Unidad1.ejemplo.FileNuevo - b025f9af8065cff76db0de4657ef90d7077e6e
2025-10-08 12:20:37.917 [main] INFO  Unidad1.ejemplo.FileNuevo - 0393e04654379ad828ce13848e56dcac9cf6fc
2025-10-08 12:20:37.917 [main] INFO  Unidad1.ejemplo.FileNuevo - 4894df29f1bfb699f84501ce617021f69a931d
2025-10-08 12:20:37.917 [main] INFO  Unidad1.ejemplo.FileNuevo - b0e77c1835aff0847992e91cd9e22301f50504
2025-10-08 12:20:37.917 [main] INFO  Unidad1.ejemplo.FileNuevo - c605de543008127a133830c82cf77278ec6c45
2025-10-08 12:20:37.917 [main] INFO  Unidad1.ejemplo.FileNuevo - dee7f49f09f8842e18e89010303f55fb861cd0
2025-10-08 12:20:37.918 [main] INFO  Unidad1.ejemplo.FileNuevo - 5f3d5f59da28a551e9d7e9a2a5b1bf0da98d49
2025-10-08 12:20:37.918 [main] INFO  Unidad1.ejemplo.FileNuevo - 7531f99ff1ba8935c5480b6ed873b81658c0af
2025-10-08 12:20:37.918 [main] INFO  Unidad1.ejemplo.FileNuevo - 838b7de8d9ec954b993e5d50d5b427aeb01d58
2025-10-08 12:20:37.918 [main] INFO  Unidad1.ejemplo.FileNuevo - 9851f591b9f7ea5c5ca5bf13a95ba6e8d258ea
2025-10-08 12:20:37.918 [main] INFO  Unidad1.ejemplo.FileNuevo - b7e097c14f3ebf12468c863f11cf38ea67da72
2025-10-08 12:20:37.918 [main] INFO  Unidad1.ejemplo.FileNuevo - c80d212071edda047625a293249e2962a0dea1
2025-10-08 12:20:37.918 [main] INFO  Unidad1.ejemplo.FileNuevo - 42cbc8c4825ae628c4eeaacac3f0bdb618c0d1
2025-10-08 12:20:37.918 [main] INFO  Unidad1.ejemplo.FileNuevo - 792f960234f261acc67f7910221032bbfcf1d7
2025-10-08 12:20:37.918 [main] INFO  Unidad1.ejemplo.FileNuevo - 8c3b6bbc2de30f5458238b0099cd81a196f7a9
2025-10-08 12:20:37.918 [main] INFO  Unidad1.ejemplo.FileNuevo - 8de8f4c9d294ecc616398899677a98fcd69cea
2025-10-08 12:20:37.918 [main] INFO  Unidad1.ejemplo.FileNuevo - 9f4703adc21313098c76836c683443a9979009
2025-10-08 12:20:37.918 [main] INFO  Unidad1.ejemplo.FileNuevo - c113dcc6077cc3f0e46abcb041d3eb6b01e308
2025-10-08 12:20:37.918 [main] INFO  Unidad1.ejemplo.FileNuevo - d2ce65782c1385481f3383c5f2b73717988912
2025-10-08 12:20:37.919 [main] INFO  Unidad1.ejemplo.FileNuevo - 419701c9daee5f76cf16401a1d1168dca321be
2025-10-08 12:20:37.919 [main] INFO  Unidad1.ejemplo.FileNuevo - 6c6991e497836f8cbf80fc865a8e1515304fd2
2025-10-08 12:20:37.919 [main] INFO  Unidad1.ejemplo.FileNuevo - bc38c72b728cf5aba44bf569e141d74fb9b64a
2025-10-08 12:20:37.919 [main] INFO  Unidad1.ejemplo.FileNuevo - bd403ac665228853dd8fa54b8f4427af1721c0
2025-10-08 12:20:37.919 [main] INFO  Unidad1.ejemplo.FileNuevo - 3e797ee75aaa66c932f86fde772fbd68deffbf
2025-10-08 12:20:37.919 [main] INFO  Unidad1.ejemplo.FileNuevo - ed3839f3c8fcf37cc4c6287ea708b115c14120
2025-10-08 12:20:37.919 [main] INFO  Unidad1.ejemplo.FileNuevo - 17afd37b3d4e58b7c82b6801bd78cbb406de63
2025-10-08 12:20:37.919 [main] INFO  Unidad1.ejemplo.FileNuevo - 1bc97a52f40043c7a2d1298eb4e50f25ea8126
2025-10-08 12:20:37.919 [main] INFO  Unidad1.ejemplo.FileNuevo - 2ab431a7d5b36536ec079446b5a87c9ba4e1d5
2025-10-08 12:20:37.919 [main] INFO  Unidad1.ejemplo.FileNuevo - 375acfe5a80c985b7ab09c1c8c6c1bbb43d6f7
2025-10-08 12:20:37.919 [main] INFO  Unidad1.ejemplo.FileNuevo - 8589c0e138df9f5c274c350e1cbef6661a28fd
2025-10-08 12:20:37.919 [main] INFO  Unidad1.ejemplo.FileNuevo - f29f479a95bbef390ab299a1f20a2cdfcfd38d
2025-10-08 12:20:37.920 [main] INFO  Unidad1.ejemplo.FileNuevo - 4e7d4ae07adfd0b1d4ede086b7a04108737f68
2025-10-08 12:20:37.920 [main] INFO  Unidad1.ejemplo.FileNuevo - 78f80a4330ff0960d318718c36a16da9ca8529
2025-10-08 12:20:37.920 [main] INFO  Unidad1.ejemplo.FileNuevo - 95e6f12488da4127429d0637d248bf71886784
2025-10-08 12:20:37.920 [main] INFO  Unidad1.ejemplo.FileNuevo - 208a7034d8d0783f6988e3d908662a228964cb
2025-10-08 12:20:37.920 [main] INFO  Unidad1.ejemplo.FileNuevo - 2d14d347820ca260c93de393d00cb0febc467b
2025-10-08 12:20:37.920 [main] INFO  Unidad1.ejemplo.FileNuevo - 3a4259ca5b74305ee90fa92b3a968e542a6ebb
2025-10-08 12:20:37.920 [main] INFO  Unidad1.ejemplo.FileNuevo - 4777a250306ab8c94565c46f87f510357846e7
2025-10-08 12:20:37.920 [main] INFO  Unidad1.ejemplo.FileNuevo - 7d412c03778e99638f56d180715d395245919b
2025-10-08 12:20:37.920 [main] INFO  Unidad1.ejemplo.FileNuevo - 836a3c921dc3aca1e4e6dcd8c3a09b02e5adce
2025-10-08 12:20:37.920 [main] INFO  Unidad1.ejemplo.FileNuevo - b9451e802bcffca5bda1bab98331049183974b
2025-10-08 12:20:37.920 [main] INFO  Unidad1.ejemplo.FileNuevo - 29b2a674b40b6250ee5b0ce700bb981df2c613
2025-10-08 12:20:37.920 [main] INFO  Unidad1.ejemplo.FileNuevo - 7eed5636becaf2f1a19d74dbed69738cbd19aa
2025-10-08 12:20:37.920 [main] INFO  Unidad1.ejemplo.FileNuevo - 81f8bfb99cbb87cee4153093174559593b2ac9
2025-10-08 12:20:37.920 [main] INFO  Unidad1.ejemplo.FileNuevo - c048f609a115141f03ca504a2b896597f66541
2025-10-08 12:20:37.920 [main] INFO  Unidad1.ejemplo.FileNuevo - d683d17118b70e46011ddc3562b455d0a4f866
2025-10-08 12:20:37.920 [main] INFO  Unidad1.ejemplo.FileNuevo - f6406f950dc366c4221551df9e2ddae106bcbd
2025-10-08 12:20:37.920 [main] INFO  Unidad1.ejemplo.FileNuevo - 2aad25a3ebff8d1fbc44c9292f89268f0c45ed
2025-10-08 12:20:37.920 [main] INFO  Unidad1.ejemplo.FileNuevo - 76141d0e6e39daede28b3c6e10787d6d427dd9
2025-10-08 12:20:37.920 [main] INFO  Unidad1.ejemplo.FileNuevo - f878319e5a85ad1ce10b330a0527ef8583555d
2025-10-08 12:20:37.920 [main] INFO  Unidad1.ejemplo.FileNuevo - 29cf9c4347c61cfc8bb7c54899904241b03222
2025-10-08 12:20:37.920 [main] INFO  Unidad1.ejemplo.FileNuevo - be7478b8acb04bc2a48f0fb96f46282a4dc4a2
2025-10-08 12:20:37.921 [main] INFO  Unidad1.ejemplo.FileNuevo - 218c631b81aeeee156503d3e32ae9cc1a3aa54
2025-10-08 12:20:37.921 [main] INFO  Unidad1.ejemplo.FileNuevo - 481a0967a9c246e37ae06ab1606767fd5491b2
2025-10-08 12:20:37.921 [main] INFO  Unidad1.ejemplo.FileNuevo - 4d21d25a910ae0ffb84adac5c8ab6e29c8c0df
2025-10-08 12:20:37.921 [main] INFO  Unidad1.ejemplo.FileNuevo - 01eb679f541ac2b010a16e64fcfafe75ebbd95
2025-10-08 12:20:37.921 [main] INFO  Unidad1.ejemplo.FileNuevo - 12dd51055ba3015e72a4d5da0e8680821e9b07
2025-10-08 12:20:37.921 [main] INFO  Unidad1.ejemplo.FileNuevo - 60accab35646008f6c4eafd95cd02268daf901
2025-10-08 12:20:37.921 [main] INFO  Unidad1.ejemplo.FileNuevo - 7559195f583fffc1bf3e0238d853bf644bf966
2025-10-08 12:20:37.921 [main] INFO  Unidad1.ejemplo.FileNuevo - 0bd6c41d7ca07f663290e024537b85c2b020e6
2025-10-08 12:20:37.921 [main] INFO  Unidad1.ejemplo.FileNuevo - 4a3ab30d4661f66ef813cc9eb8270c1de72bcc
2025-10-08 12:20:37.921 [main] INFO  Unidad1.ejemplo.FileNuevo - 718217b41cea9fa3270a2741b5d833035fa286
2025-10-08 12:20:37.921 [main] INFO  Unidad1.ejemplo.FileNuevo - b9a39c84a744a0fcc68a331afb4843834355a4
2025-10-08 12:20:37.921 [main] INFO  Unidad1.ejemplo.FileNuevo - d21d14b03bc9eef57e79c5f00c582d3a6a624f
2025-10-08 12:20:37.921 [main] INFO  Unidad1.ejemplo.FileNuevo - eca4e2e733e11f10a97cf0022d91cc8950b636
2025-10-08 12:20:37.921 [main] INFO  Unidad1.ejemplo.FileNuevo - f546f4b7ab46a5b2cc29e5409551f8a286d87a
2025-10-08 12:20:37.921 [main] INFO  Unidad1.ejemplo.FileNuevo - 3e2c6a8967b88955fe1c4d12b9316eace74b32
2025-10-08 12:20:37.921 [main] INFO  Unidad1.ejemplo.FileNuevo - 774b5d5e3f6b4d3439bad0a4d48a53ce6ea239
2025-10-08 12:20:37.921 [main] INFO  Unidad1.ejemplo.FileNuevo - c328057cf1cfdf40153d63f6a1949883d5ba52
2025-10-08 12:20:37.921 [main] INFO  Unidad1.ejemplo.FileNuevo - ffe5b9507dd5def2a564b3b5f923104a1e7da8
2025-10-08 12:20:37.921 [main] INFO  Unidad1.ejemplo.FileNuevo - 22fffa0940eff89356ac3a5050fe6b20b8f4ca
2025-10-08 12:20:37.921 [main] INFO  Unidad1.ejemplo.FileNuevo - 3c6ab3f7eae85dcf042b9448580408e254b167
2025-10-08 12:20:37.921 [main] INFO  Unidad1.ejemplo.FileNuevo - 7e03f20867b87b73d8bc200f47fed51332ee2b
2025-10-08 12:20:37.921 [main] INFO  Unidad1.ejemplo.FileNuevo - 863977890401f7158f3d921ad9a3be30cee75c
2025-10-08 12:20:37.921 [main] INFO  Unidad1.ejemplo.FileNuevo - d40a04268fa86bd4c8fa6661d2f734f8c0b71e
2025-10-08 12:20:37.921 [main] INFO  Unidad1.ejemplo.FileNuevo - 76b34e581abea2c1a88b1df4fb3afaf1e8a187
2025-10-08 12:20:37.921 [main] INFO  Unidad1.ejemplo.FileNuevo - 88fce5030084441743a898c65fc67f96e08a69
2025-10-08 12:20:37.921 [main] INFO  Unidad1.ejemplo.FileNuevo - ac989844760ea93d711f909e26d1b43f40bd4f
2025-10-08 12:20:37.921 [main] INFO  Unidad1.ejemplo.FileNuevo - d4d3d5c309a0aa7fb4ff75bc6ee0249e29d850
2025-10-08 12:20:37.921 [main] INFO  Unidad1.ejemplo.FileNuevo - ddb0be47506d2af0e089861aff50ad3aa25446
2025-10-08 12:20:37.921 [main] INFO  Unidad1.ejemplo.FileNuevo - 30bf6ce94e866bfc2a188ddd83de7d4817e60c
2025-10-08 12:20:37.923 [main] INFO  Unidad1.ejemplo.FileNuevo - 8b895b614144eb5d5f20a1e20767c0167babe5
2025-10-08 12:20:37.923 [main] INFO  Unidad1.ejemplo.FileNuevo - c385ffa3bf33b876bba8fc7e64742f87eff70e
2025-10-08 12:20:37.923 [main] INFO  Unidad1.ejemplo.FileNuevo - c6577c390fdac85b25e28bf9b7e2b84fa2cd78
2025-10-08 12:20:37.923 [main] INFO  Unidad1.ejemplo.FileNuevo - e80a3f8baab61dbc6b0ef2c5999b1c1876931a
2025-10-08 12:20:37.923 [main] INFO  Unidad1.ejemplo.FileNuevo - 76beaecb0fc23f0885c35bb808d0e8e8468cf4
2025-10-08 12:20:37.923 [main] INFO  Unidad1.ejemplo.FileNuevo - 9f431ce8c862e81f0b75dbe599c678f3660527
2025-10-08 12:20:37.923 [main] INFO  Unidad1.ejemplo.FileNuevo - f2fbf37a240d38f09fca227923f3fd494269d7
2025-10-08 12:20:37.923 [main] INFO  Unidad1.ejemplo.FileNuevo - bf2d3b51987e3e8d13b03f31979ca171c760b0
2025-10-08 12:20:37.923 [main] INFO  Unidad1.ejemplo.FileNuevo - 59e97492e8eb5b39c57d8eb92ed49fd2be4324
2025-10-08 12:20:37.923 [main] INFO  Unidad1.ejemplo.FileNuevo - ca1008c3a8ab066cf59681e33f626ad83b86d6
2025-10-08 12:20:37.923 [main] INFO  Unidad1.ejemplo.FileNuevo - 2c1ac90f5afc9585f26acdae02a11f44ec5933
2025-10-08 12:20:37.923 [main] INFO  Unidad1.ejemplo.FileNuevo - 75ad9fce6f5aa7236f35cd14738db9c25b0620
2025-10-08 12:20:37.923 [main] INFO  Unidad1.ejemplo.FileNuevo - 462a6cf4a5380e037352977c750defd2aaed72
2025-10-08 12:20:37.923 [main] INFO  Unidad1.ejemplo.FileNuevo - 4c85243953733da1b1c75d582bc7164e27b913
2025-10-08 12:20:37.923 [main] INFO  Unidad1.ejemplo.FileNuevo - 77826ab47b90461d07e4bba4ec0cac18532c41
2025-10-08 12:20:37.923 [main] INFO  Unidad1.ejemplo.FileNuevo - ad9cdcb6f5757af140f0af6dbe51dbe31c2a51
2025-10-08 12:20:37.923 [main] INFO  Unidad1.ejemplo.FileNuevo - db84a4116a4ee7615b48f834fe3be0ffe2d75c
2025-10-08 12:20:37.924 [main] INFO  Unidad1.ejemplo.FileNuevo - 45f1e9f88e334fadebc86ca19109804f8ae725
2025-10-08 12:20:37.924 [main] INFO  Unidad1.ejemplo.FileNuevo - 6cb8d1e219055395763f8bec3481687995acfe
2025-10-08 12:20:37.924 [main] INFO  Unidad1.ejemplo.FileNuevo - 8c1a6042939e861814336a5d04c837b49a02a2
2025-10-08 12:20:37.924 [main] INFO  Unidad1.ejemplo.FileNuevo - 9e9755d5ec5dc39999f22ee83ad371253b85ce
2025-10-08 12:20:37.924 [main] INFO  Unidad1.ejemplo.FileNuevo - 20e03e5806e7afdd39b215e20f620108a6c0eb
2025-10-08 12:20:37.924 [main] INFO  Unidad1.ejemplo.FileNuevo - 21825ca2aadfd4be781f37c542e0128140159e
2025-10-08 12:20:37.924 [main] INFO  Unidad1.ejemplo.FileNuevo - b0bb0c66f1878002c00c66c9f902588bc47a9b
2025-10-08 12:20:37.924 [main] INFO  Unidad1.ejemplo.FileNuevo - d0d2b0a6cb6e5dd2e65ac378aabdca66a8ecf5
2025-10-08 12:20:37.924 [main] INFO  Unidad1.ejemplo.FileNuevo - d47c1c8159bd1bd539eedab09edf82cb34cd69
2025-10-08 12:20:37.924 [main] INFO  Unidad1.ejemplo.FileNuevo - 1b4c2ffaf42c378b4d8876ba06dadd6b0e6682
2025-10-08 12:20:37.924 [main] INFO  Unidad1.ejemplo.FileNuevo - 611b8620ca1dac3c045bf1cc9cdbdb79612c39
2025-10-08 12:20:37.924 [main] INFO  Unidad1.ejemplo.FileNuevo - 36a02b6540602f3e25c569d14916efbc1e7d49
2025-10-08 12:20:37.924 [main] INFO  Unidad1.ejemplo.FileNuevo - 7d014315525e0b5988a94c99e87d4ebb324f12
2025-10-08 12:20:37.924 [main] INFO  Unidad1.ejemplo.FileNuevo - 9bb83772ccf91a25d77cb7bee614d11d108506
2025-10-08 12:20:37.924 [main] INFO  Unidad1.ejemplo.FileNuevo - a80b0d55f8bce5ec33f172195ecc60d34b5e49
2025-10-08 12:20:37.924 [main] INFO  Unidad1.ejemplo.FileNuevo - b2782c1c1ceec3a9eca32fb7604bfd4334c949
2025-10-08 12:20:37.924 [main] INFO  Unidad1.ejemplo.FileNuevo - 9b69c8fb2f1b8b8948aa4b8c81651c1a9755f0
2025-10-08 12:20:37.924 [main] INFO  Unidad1.ejemplo.FileNuevo - d3b9497d0ef61f5418194c5cf8714d534bde8f
2025-10-08 12:20:37.925 [main] INFO  Unidad1.ejemplo.FileNuevo - 00b807dd40473e94dc2f31e05a04dd68f01b6a
2025-10-08 12:20:37.925 [main] INFO  Unidad1.ejemplo.FileNuevo - 1e05d7685df39e16e0015b1da6a1c715826b9b
2025-10-08 12:20:37.925 [main] INFO  Unidad1.ejemplo.FileNuevo - 1e2fe23ae9ae39c2ff9bdc1f50881490a56403
2025-10-08 12:20:37.925 [main] INFO  Unidad1.ejemplo.FileNuevo - 385d306033d38c5154cb4ebac36bd1adf4eb09
2025-10-08 12:20:37.925 [main] INFO  Unidad1.ejemplo.FileNuevo - 5ea35bb1d805f8884be70ecf46f49e0489adf3
2025-10-08 12:20:37.925 [main] INFO  Unidad1.ejemplo.FileNuevo - acb8f6c527100b6f5660289d1d3d228ca50853
2025-10-08 12:20:37.925 [main] INFO  Unidad1.ejemplo.FileNuevo - 1c648b78b58deca805cb9191d5968f3ed46373
2025-10-08 12:20:37.925 [main] INFO  Unidad1.ejemplo.FileNuevo - 392ea8281890a5a8397e1936ad3e528a4c6ea6
2025-10-08 12:20:37.925 [main] INFO  Unidad1.ejemplo.FileNuevo - a9ed024d3859793618152ea559a168bbcbb5e2
2025-10-08 12:20:37.925 [main] INFO  Unidad1.ejemplo.FileNuevo - 12a4c101ccc26fd9a656104844f6d14289f799
2025-10-08 12:20:37.925 [main] INFO  Unidad1.ejemplo.FileNuevo - 383ac2f27ee0508c6ffe2f8f05999a3d11af02
2025-10-08 12:20:37.925 [main] INFO  Unidad1.ejemplo.FileNuevo - 3f42ca3aa81ec9e6545080116264fbe5436c8d
2025-10-08 12:20:37.925 [main] INFO  Unidad1.ejemplo.FileNuevo - 4a6fd31351404aa97fb2d167e6aa4628f007b3
2025-10-08 12:20:37.925 [main] INFO  Unidad1.ejemplo.FileNuevo - c2ff11c9c812ea48c88335671e0c874c00b0d5
2025-10-08 12:20:37.925 [main] INFO  Unidad1.ejemplo.FileNuevo - 076483032876a6700d13f17aa5cb919fc9cff9
2025-10-08 12:20:37.925 [main] INFO  Unidad1.ejemplo.FileNuevo - 29d054fc7f8fe179c821f9feeb2d9f81fb6f59
2025-10-08 12:20:37.925 [main] INFO  Unidad1.ejemplo.FileNuevo - 39e1b009557078e91c7a7a1f0c07a4082496ef
2025-10-08 12:20:37.925 [main] INFO  Unidad1.ejemplo.FileNuevo - 8d47fc84524489338fee96e37b57110f40a51a
2025-10-08 12:20:37.925 [main] INFO  Unidad1.ejemplo.FileNuevo - fad4eefaa4d1411a1eaa3887537966361d7584
2025-10-08 12:20:37.926 [main] INFO  Unidad1.ejemplo.FileNuevo - 2c0f214c2cbd1c126cd173ae9dc954a3bb84d8
2025-10-08 12:20:37.926 [main] INFO  Unidad1.ejemplo.FileNuevo - bebfc2edbbbec4974b0ae5d3d569f4be16cb8f
2025-10-08 12:20:37.926 [main] INFO  Unidad1.ejemplo.FileNuevo - 7f02dabad6588f7663326729be158ca5a08362
2025-10-08 12:20:37.926 [main] INFO  Unidad1.ejemplo.FileNuevo - 8b947d01f689cc2be74fec4b75e85e29ed00e1
2025-10-08 12:20:37.926 [main] INFO  Unidad1.ejemplo.FileNuevo - a1862b1f03216767accb24ca3f9267c1cc43ac
2025-10-08 12:20:37.926 [main] INFO  Unidad1.ejemplo.FileNuevo - b90ca7f6619028f4f7613343638d486877899d
2025-10-08 12:20:37.926 [main] INFO  Unidad1.ejemplo.FileNuevo - bd980c17d753ec4bbda98397246d0c447a4c2c
2025-10-08 12:20:37.926 [main] INFO  Unidad1.ejemplo.FileNuevo - c9c36eed0ba1b2e573d5ed1e3995b548730016
2025-10-08 12:20:37.926 [main] INFO  Unidad1.ejemplo.FileNuevo - f26c0203a7844de00dbfc56e6a35d8ed3c022c
2025-10-08 12:20:37.926 [main] INFO  Unidad1.ejemplo.FileNuevo - 2359a6c3b64a3d9c1707093be3f399de07a22a
2025-10-08 12:20:37.926 [main] INFO  Unidad1.ejemplo.FileNuevo - 715eaee21936fc9c46af63fc7e8820a794c7f2
2025-10-08 12:20:37.926 [main] INFO  Unidad1.ejemplo.FileNuevo - 7984bb6c3f1e10e23bb2027abcfa84ae076ca5
2025-10-08 12:20:37.926 [main] INFO  Unidad1.ejemplo.FileNuevo - b53be6e9f10183075003cc026d5da8c7e3aa8f
2025-10-08 12:20:37.926 [main] INFO  Unidad1.ejemplo.FileNuevo - 3f4f75914aedf5f1a9f6e0409f9cf18c33d519
2025-10-08 12:20:37.926 [main] INFO  Unidad1.ejemplo.FileNuevo - 8637bc565891ee149a7c6e71e8760d20e434eb
2025-10-08 12:20:37.926 [main] INFO  Unidad1.ejemplo.FileNuevo - df3b1f360838ed2fb5b967e741c8fa187252b9
2025-10-08 12:20:37.926 [main] INFO  Unidad1.ejemplo.FileNuevo - df5d376be5871f8c4020c65b3da98a0022dde4
2025-10-08 12:20:37.926 [main] INFO  Unidad1.ejemplo.FileNuevo - f21924234d0c3a455c2c8e1b20586dd13fee42
2025-10-08 12:20:37.927 [main] INFO  Unidad1.ejemplo.FileNuevo - 48b39686bd0278524558f80ab56b93ed85a142
2025-10-08 12:20:37.927 [main] INFO  Unidad1.ejemplo.FileNuevo - 8504b198cef60c1a1af77a62154ca5ede26590
2025-10-08 12:20:37.927 [main] INFO  Unidad1.ejemplo.FileNuevo - bf4e4fdc24067fc50d7610ee1e1a224fbdd988
2025-10-08 12:20:37.927 [main] INFO  Unidad1.ejemplo.FileNuevo - 3f5158ac1e635be594f24f5e701f456b7dac42
2025-10-08 12:20:37.927 [main] INFO  Unidad1.ejemplo.FileNuevo - 9875566c599f2dde24a1bc423734c70e46088a
2025-10-08 12:20:37.927 [main] INFO  Unidad1.ejemplo.FileNuevo - 9add5e7c4c8a887206992397a2825123955cb1
2025-10-08 12:20:37.927 [main] INFO  Unidad1.ejemplo.FileNuevo - c6e5e3f8cf19b9b12cf591b63860268e7e97bc
2025-10-08 12:20:37.927 [main] INFO  Unidad1.ejemplo.FileNuevo - eaae749a6857baa7023662b90850817be0bcd9
2025-10-08 12:20:37.927 [main] INFO  Unidad1.ejemplo.FileNuevo - 1bb409bad74bb7d632558299b4ec9fb46c5033
2025-10-08 12:20:37.927 [main] INFO  Unidad1.ejemplo.FileNuevo - 1c56cae614d0e9d7eacdfe9ac8e3902cca17ce
2025-10-08 12:20:37.927 [main] INFO  Unidad1.ejemplo.FileNuevo - 1ec88a046de3b447df8f84f7e399ee72293c47
2025-10-08 12:20:37.927 [main] INFO  Unidad1.ejemplo.FileNuevo - 492b2e5b7067d4b067eac516a03d0d0c3af5ef
2025-10-08 12:20:37.927 [main] INFO  Unidad1.ejemplo.FileNuevo - ffde76cb6690350a757596f922e265cec42873
2025-10-08 12:20:37.927 [main] INFO  Unidad1.ejemplo.FileNuevo - 6a82fc450fbef1579decb4a0531f7799019bd1
2025-10-08 12:20:37.927 [main] INFO  Unidad1.ejemplo.FileNuevo - 6d4e5fdad455738deee0c91f322efc49e2f8f8
2025-10-08 12:20:37.927 [main] INFO  Unidad1.ejemplo.FileNuevo - 7d9aa6958b7caaefb4b773fd20bd793273883f
2025-10-08 12:20:37.927 [main] INFO  Unidad1.ejemplo.FileNuevo - dfd2507eb8ca5a66b05943c75e02638dff95be
2025-10-08 12:20:37.927 [main] INFO  Unidad1.ejemplo.FileNuevo - b7fd51bf254bce6240f31e925adaf830d1bdec
2025-10-08 12:20:37.927 [main] INFO  Unidad1.ejemplo.FileNuevo - e980379ba56078df1db25d5b895d77d6a922e5
2025-10-08 12:20:37.927 [main] INFO  Unidad1.ejemplo.FileNuevo - fa1d5204c50579b231d1724880a24c56810792
2025-10-08 12:20:37.928 [main] INFO  Unidad1.ejemplo.FileNuevo - 05a6f04bcb1402bba463b3c57c0afe1c917909
2025-10-08 12:20:37.928 [main] INFO  Unidad1.ejemplo.FileNuevo - 24c3f6897072b32971b8d529028f66c1aafc27
2025-10-08 12:20:37.928 [main] INFO  Unidad1.ejemplo.FileNuevo - 2c0ca5b35bad89b23c73d9f84ff0be5d12c913
2025-10-08 12:20:37.928 [main] INFO  Unidad1.ejemplo.FileNuevo - c3209833a49a8231799571c29a71c41f36535d
2025-10-08 12:20:37.928 [main] INFO  Unidad1.ejemplo.FileNuevo - 653a03ab6949434c08682a0dca81317c780a5e
2025-10-08 12:20:37.928 [main] INFO  Unidad1.ejemplo.FileNuevo - 89d64c3f7918f12725fcb2683beeb2620c3f7a
2025-10-08 12:20:37.928 [main] INFO  Unidad1.ejemplo.FileNuevo - b49803c83e0109c36b2fbae2b34f4aecd2fe19
2025-10-08 12:20:37.928 [main] INFO  Unidad1.ejemplo.FileNuevo - 1d896189034ca01ed5d63448d2928614c19de7
2025-10-08 12:20:37.928 [main] INFO  Unidad1.ejemplo.FileNuevo - 4d6924d6f6a2a3677d6f25fd023cbc4bae0a3c
2025-10-08 12:20:37.928 [main] INFO  Unidad1.ejemplo.FileNuevo - 7aa97fb1e3a68635c0ce358a96356df06b7fa0
2025-10-08 12:20:37.928 [main] INFO  Unidad1.ejemplo.FileNuevo - 83ba3eb956d4be92e55511384f916ddfd45a93
2025-10-08 12:20:37.928 [main] INFO  Unidad1.ejemplo.FileNuevo - 8647cf60764d9599d55a01ca799152872bd2d9
2025-10-08 12:20:37.928 [main] INFO  Unidad1.ejemplo.FileNuevo - c1b425965cfd28a6be4fe737bde2d4c4497350
2025-10-08 12:20:37.928 [main] INFO  Unidad1.ejemplo.FileNuevo - 28b68502e8f15dc0523ccae4572a70f22d7393
2025-10-08 12:20:37.928 [main] INFO  Unidad1.ejemplo.FileNuevo - 81b36b325e0453ce56a5d743101817f2eedb3d
2025-10-08 12:20:37.928 [main] INFO  Unidad1.ejemplo.FileNuevo - 89e45081920dbcf046eba3a1f3df5c9de765e6
2025-10-08 12:20:37.928 [main] INFO  Unidad1.ejemplo.FileNuevo - a5545d7afdd35d5505eecfacf51513218acc7b
2025-10-08 12:20:37.928 [main] INFO  Unidad1.ejemplo.FileNuevo - be6dc1ac3c1d9d582585599d04a11f07f3423a
2025-10-08 12:20:37.928 [main] INFO  Unidad1.ejemplo.FileNuevo - ee3cbc9a7fb4242b2f2becb901674986dc4389
2025-10-08 12:20:37.929 [main] INFO  Unidad1.ejemplo.FileNuevo - 15e184e2f4853ea02a49895fa3d5fe660ea973
2025-10-08 12:20:37.929 [main] INFO  Unidad1.ejemplo.FileNuevo - 7709f3cd9ed4989e6a908576c6f2e09a7eb8a9
2025-10-08 12:20:37.929 [main] INFO  Unidad1.ejemplo.FileNuevo - 7f14276b1af3e77345e347cfb1cd191c429e2c
2025-10-08 12:20:37.929 [main] INFO  Unidad1.ejemplo.FileNuevo - 3452b60e57c5bcdb595b1c122e776e5c81b7cc
2025-10-08 12:20:37.929 [main] INFO  Unidad1.ejemplo.FileNuevo - 7b25e1962f26a032048cc40d1fbe560a966e06
2025-10-08 12:20:37.929 [main] INFO  Unidad1.ejemplo.FileNuevo - c17cf9968e1fdfdcb62be51ff0d3fe16adc7d6
2025-10-08 12:20:37.929 [main] INFO  Unidad1.ejemplo.FileNuevo - ec3c21f67636e99bae74d4b039ec86a8df2318
2025-10-08 12:20:37.929 [main] INFO  Unidad1.ejemplo.FileNuevo - 307c95ee9e8a9e2d48f912bfedb6169a509366
2025-10-08 12:20:37.929 [main] INFO  Unidad1.ejemplo.FileNuevo - 50677d8d809f643b9df00f283111f0541b0a14
2025-10-08 12:20:37.929 [main] INFO  Unidad1.ejemplo.FileNuevo - 77f527bdd74ca9b2dccf3628df6ee841a9352c
2025-10-08 12:20:37.929 [main] INFO  Unidad1.ejemplo.FileNuevo - a6354bd3d7601ccc903a1c84553d537164ef9a
2025-10-08 12:20:37.929 [main] INFO  Unidad1.ejemplo.FileNuevo - 33b1d5f933ddb95bc896579ecbfae320bc594a
2025-10-08 12:20:37.929 [main] INFO  Unidad1.ejemplo.FileNuevo - 37d7b9c64b73ba5fd1e0039fa31a6cba4284b1
2025-10-08 12:20:37.929 [main] INFO  Unidad1.ejemplo.FileNuevo - 56603b9f1a992f4ce04b3e8af62c13e06b90d2
2025-10-08 12:20:37.929 [main] INFO  Unidad1.ejemplo.FileNuevo - 9ca1f47721e4361a9943750aad6d1d90b9fb1c
2025-10-08 12:20:37.929 [main] INFO  Unidad1.ejemplo.FileNuevo - a64f19686990e6c85a44f0d6788ba19773dd71
2025-10-08 12:20:37.929 [main] INFO  Unidad1.ejemplo.FileNuevo - 650c9183a0be7692744c61591b6a1ca042e37e
2025-10-08 12:20:37.929 [main] INFO  Unidad1.ejemplo.FileNuevo - a646ce60b4e080a0c6bc092ee9e13e1d9dfd4c
2025-10-08 12:20:37.929 [main] INFO  Unidad1.ejemplo.FileNuevo - b488d42860e8ae8b91e8ef761277c20866f316
2025-10-08 12:20:37.929 [main] INFO  Unidad1.ejemplo.FileNuevo - d76207527348f8e5b82748490d1b2671dab93e
2025-10-08 12:20:37.930 [main] INFO  Unidad1.ejemplo.FileNuevo - f0678baf780cf15c2069eda6f5b685552342ec
2025-10-08 12:20:37.930 [main] INFO  Unidad1.ejemplo.FileNuevo - 69407f7c7535120f7442887334df35de262fa5
2025-10-08 12:20:37.930 [main] INFO  Unidad1.ejemplo.FileNuevo - 6f26f122fbe7c007915367fa406fb2087f90c6
2025-10-08 12:20:37.930 [main] INFO  Unidad1.ejemplo.FileNuevo - 99aea96b0bae91905622498da65edaf6d76bae
2025-10-08 12:20:37.930 [main] INFO  Unidad1.ejemplo.FileNuevo - bf75d348224a0d24a2ebd35ee20489c998171c
2025-10-08 12:20:37.930 [main] INFO  Unidad1.ejemplo.FileNuevo - 06f51f89c222c6fed0938fdef5df11f1896e7b
2025-10-08 12:20:37.930 [main] INFO  Unidad1.ejemplo.FileNuevo - 2cf0f127d41be3b7c775ec6545bbed8a1c637e
2025-10-08 12:20:37.930 [main] INFO  Unidad1.ejemplo.FileNuevo - bf8e5211b6a04431b29bc5ab1269fb2676782d
2025-10-08 12:20:37.930 [main] INFO  Unidad1.ejemplo.FileNuevo - 1e7fd6a5af4a6333c890e4bed5f0569ef697d7
2025-10-08 12:20:37.930 [main] INFO  Unidad1.ejemplo.FileNuevo - 50e4fda061335437382da8d9649d8598ca16af
2025-10-08 12:20:37.930 [main] INFO  Unidad1.ejemplo.FileNuevo - bc1da78005f3580aa68466aeeca33876694100
2025-10-08 12:20:37.930 [main] INFO  Unidad1.ejemplo.FileNuevo - ea5c508541db760aea32641fb7b467c11ffb6a
2025-10-08 12:20:37.930 [main] INFO  Unidad1.ejemplo.FileNuevo - 40901d4f462d860f8efece45d0dac6d154e949
2025-10-08 12:20:37.930 [main] INFO  Unidad1.ejemplo.FileNuevo - 2fefae1d83493ba5af4490d1bddd3e09bd5c68
2025-10-08 12:20:37.930 [main] INFO  Unidad1.ejemplo.FileNuevo - 6eee5d7bf9bc39e8df98dbefd8c4e7a6708b35
2025-10-08 12:20:37.931 [main] INFO  Unidad1.ejemplo.FileNuevo - e84745f65bbfe20031bf501ac6468c487f998e
2025-10-08 12:20:37.931 [main] INFO  Unidad1.ejemplo.FileNuevo - 50592af2e0f3b80bc2040b8b87199b3cac1a90
2025-10-08 12:20:37.931 [main] INFO  Unidad1.ejemplo.FileNuevo - 557ed864dc5981353629b5682bf30e287895ac
2025-10-08 12:20:37.931 [main] INFO  Unidad1.ejemplo.FileNuevo - 81b0eec8cb08091aeb3d4088772f196d003b24
2025-10-08 12:20:37.931 [main] INFO  Unidad1.ejemplo.FileNuevo - 81bf92e1e2b8b68ace3fb4d3c80e905bf72d58
2025-10-08 12:20:37.931 [main] INFO  Unidad1.ejemplo.FileNuevo - 048be55ba78d5d8418ab661f5b5d208890450e
2025-10-08 12:20:37.931 [main] INFO  Unidad1.ejemplo.FileNuevo - 2e8d23083bc76978c90035be1887729f557c62
2025-10-08 12:20:37.931 [main] INFO  Unidad1.ejemplo.FileNuevo - acec94db3b5b350a06087b3359791edd7cbae4
2025-10-08 12:20:37.931 [main] INFO  Unidad1.ejemplo.FileNuevo - af7401928dfdd737b1d0ff3836d5bac2eda6e5
2025-10-08 12:20:37.931 [main] INFO  Unidad1.ejemplo.FileNuevo - d9fafc34e6e3970df611396f554d37a6acc1cf
2025-10-08 12:20:37.931 [main] INFO  Unidad1.ejemplo.FileNuevo - 7bf707b9db233c2b7c27e951e8fb5939c9b463
2025-10-08 12:20:37.931 [main] INFO  Unidad1.ejemplo.FileNuevo - e7a7517f4fd6d046c69c7483b9cd277fcf3bd7
2025-10-08 12:20:37.931 [main] INFO  Unidad1.ejemplo.FileNuevo - 48f536d50cd60354f13016aec845359b4f986d
2025-10-08 12:20:37.931 [main] INFO  Unidad1.ejemplo.FileNuevo - 898dc6e1b042d658ae5ce8998b13f0b84c6445
2025-10-08 12:20:37.931 [main] INFO  Unidad1.ejemplo.FileNuevo - acd9ca923aac1b102813188069d80937c20660
2025-10-08 12:20:37.931 [main] INFO  Unidad1.ejemplo.FileNuevo - 034dd702751868a0a68e8b2b09d09ae4bcd884
2025-10-08 12:20:37.931 [main] INFO  Unidad1.ejemplo.FileNuevo - 060a44488ea2a40249fb159ef3c48e8ed49c16
2025-10-08 12:20:37.931 [main] INFO  Unidad1.ejemplo.FileNuevo - bf4757063175189f5b8270b46a46331841a0bc
2025-10-08 12:20:37.931 [main] INFO  Unidad1.ejemplo.FileNuevo - 12f3a40f9afdd28fe56222a2f78e73a8ac1331
2025-10-08 12:20:37.931 [main] INFO  Unidad1.ejemplo.FileNuevo - 41716029245405e6b57324715801e7a63431ba
2025-10-08 12:20:37.932 [main] INFO  Unidad1.ejemplo.FileNuevo - dfa6d7cb15dbd158787708b782b6d3c6ad6936
2025-10-08 12:20:37.932 [main] INFO  Unidad1.ejemplo.FileNuevo - ff79580a16bfc4d4e2f48d995535d35ef9993b
2025-10-08 12:20:37.932 [main] INFO  Unidad1.ejemplo.FileNuevo - 22d4eff0d6b9eeb41972c34fbffe829f922491
2025-10-08 12:20:37.932 [main] INFO  Unidad1.ejemplo.FileNuevo - 8ca2966fcb074a556b349efdcd4a5e979811f6
2025-10-08 12:20:37.932 [main] INFO  Unidad1.ejemplo.FileNuevo - cb1e59f2247a92893799512013852cb8f5dc38
2025-10-08 12:20:37.932 [main] INFO  Unidad1.ejemplo.FileNuevo - 11114c7646f1ab24fb5c18f985bbcf29a8a79b
2025-10-08 12:20:37.932 [main] INFO  Unidad1.ejemplo.FileNuevo - 2556e2e618a35d6031b384f02732a46f783866
2025-10-08 12:20:37.932 [main] INFO  Unidad1.ejemplo.FileNuevo - 2f8848a38e6c565fe5589cf8ec22b3a8ec6067
2025-10-08 12:20:37.932 [main] INFO  Unidad1.ejemplo.FileNuevo - 5b489b0060a1b87ca419d02df108508be10329
2025-10-08 12:20:37.932 [main] INFO  Unidad1.ejemplo.FileNuevo - 947e6c8dac27172cc2807825eb3a1994e288b0
2025-10-08 12:20:37.932 [main] INFO  Unidad1.ejemplo.FileNuevo - 9c06133fe2df9537ecb11b571c22a723db524a
2025-10-08 12:20:37.932 [main] INFO  Unidad1.ejemplo.FileNuevo - 034e8067091bf1a57a005af115dea775b5e631
2025-10-08 12:20:37.932 [main] INFO  Unidad1.ejemplo.FileNuevo - 21e098b8af80dcd761c3542a8eb6aa4096feb1
2025-10-08 12:20:37.932 [main] INFO  Unidad1.ejemplo.FileNuevo - ab951d0bccda408fc7dd3211c44215e9bafcc1
2025-10-08 12:20:37.932 [main] INFO  Unidad1.ejemplo.FileNuevo - f127de922a82201bf857c1e4e520dd946085dc
2025-10-08 12:20:37.933 [main] INFO  Unidad1.ejemplo.FileNuevo - 2fbb874634df73604c47ce2f0101e9db83613a
2025-10-08 12:20:37.933 [main] INFO  Unidad1.ejemplo.FileNuevo - 53ba8da6629e8a17a4bf3fc820eb75476a1669
2025-10-08 12:20:37.933 [main] INFO  Unidad1.ejemplo.FileNuevo - 82bef26558ce8f6b62d74a0d219c9160d0ced9
2025-10-08 12:20:37.933 [main] INFO  Unidad1.ejemplo.FileNuevo - 066d91f6becdcc669b487a586415e282f5b00b
2025-10-08 12:20:37.933 [main] INFO  Unidad1.ejemplo.FileNuevo - 8084d82c7da8aa5d47f8070627c78bf3f770cc
2025-10-08 12:20:37.933 [main] INFO  Unidad1.ejemplo.FileNuevo - bcb75c00293ad10cda7464bb1173e0216186d8
2025-10-08 12:20:37.933 [main] INFO  Unidad1.ejemplo.FileNuevo - d3eab1f1970897a888ac1ee1a503a07fce5b0f
2025-10-08 12:20:37.933 [main] INFO  Unidad1.ejemplo.FileNuevo - f12aef80c291e1ab2fc487daf3e0cd64a67877
2025-10-08 12:20:37.933 [main] INFO  Unidad1.ejemplo.FileNuevo - 037383e93117e6e65532cbbb0033941d3da501
2025-10-08 12:20:37.933 [main] INFO  Unidad1.ejemplo.FileNuevo - 0b3d4e92913a3e2fdc8f715a14889fa0c3aaef
2025-10-08 12:20:37.933 [main] INFO  Unidad1.ejemplo.FileNuevo - 4b1e2406ec5418f2bb690251628dde11afa468
2025-10-08 12:20:37.933 [main] INFO  Unidad1.ejemplo.FileNuevo - 715b2aec8e390a63c3ed669cb96c1e284a846b
2025-10-08 12:20:37.933 [main] INFO  Unidad1.ejemplo.FileNuevo - d5d054245d8520e0b6f488ff65b004e8938d03
2025-10-08 12:20:37.933 [main] INFO  Unidad1.ejemplo.FileNuevo - e5af90135226c97caa120d6efec40d397453a6
2025-10-08 12:20:37.933 [main] INFO  Unidad1.ejemplo.FileNuevo - ee6591e86b44e500b39ebedf785c343a1e2ee4
2025-10-08 12:20:37.933 [main] INFO  Unidad1.ejemplo.FileNuevo - f06b3f6e5c0ae13f5c93c62af34fed46da5097
2025-10-08 12:20:37.933 [main] INFO  Unidad1.ejemplo.FileNuevo - fc85cf4378e451b1d77b6d083afa03b8ba61d1
2025-10-08 12:20:37.934 [main] INFO  Unidad1.ejemplo.FileNuevo - 11faf3158e9f44784358f6c88de7bf4d551e7c
2025-10-08 12:20:37.934 [main] INFO  Unidad1.ejemplo.FileNuevo - 152ec6da6e7999723067607c88d5906b1f3239
2025-10-08 12:20:37.934 [main] INFO  Unidad1.ejemplo.FileNuevo - 7a32df0e5708bdc65a1f187cdfd5d87f056875
2025-10-08 12:20:37.934 [main] INFO  Unidad1.ejemplo.FileNuevo - cf51db448ebe060a2f16d526291fec97abab2d
2025-10-08 12:20:37.934 [main] INFO  Unidad1.ejemplo.FileNuevo - 4312bb71001d72f730b8e2d7f2556da824b73e
2025-10-08 12:20:37.934 [main] INFO  Unidad1.ejemplo.FileNuevo - a81549f6ea86ebe9c82248b99b4229b5dd50a2
2025-10-08 12:20:37.934 [main] INFO  Unidad1.ejemplo.FileNuevo - b2a7f598e6a67be935db116af3f6e8d12ef85b
2025-10-08 12:20:37.934 [main] INFO  Unidad1.ejemplo.FileNuevo - bfe13f0e939c711bd9a708790ec46a9cbf4460
2025-10-08 12:20:37.934 [main] INFO  Unidad1.ejemplo.FileNuevo - 1376aad7f92d1fc4a2f8bff07140fdc0ee99f2
2025-10-08 12:20:37.934 [main] INFO  Unidad1.ejemplo.FileNuevo - 35e6490e5dc528da5c2d5046799e865f773a22
2025-10-08 12:20:37.934 [main] INFO  Unidad1.ejemplo.FileNuevo - 58842a8d00628383e4e615d04115c1d64291a4
2025-10-08 12:20:37.934 [main] INFO  Unidad1.ejemplo.FileNuevo - 9ad5cf6372d6663a2ddac8619939116ed8766e
2025-10-08 12:20:37.934 [main] INFO  Unidad1.ejemplo.FileNuevo - 28fdbf984b1c28f7c60d1798bb84569a9eea16
2025-10-08 12:20:37.934 [main] INFO  Unidad1.ejemplo.FileNuevo - 8c3e10e76ca9a03f06a1ae19957ba432a70898
2025-10-08 12:20:37.934 [main] INFO  Unidad1.ejemplo.FileNuevo - d906e16fd5a6b289b619c3a805cf104546328e
2025-10-08 12:20:37.934 [main] INFO  Unidad1.ejemplo.FileNuevo - 08ec8ef203f5cfc7ff2a4a1b0df1e5fa736327
2025-10-08 12:20:37.934 [main] INFO  Unidad1.ejemplo.FileNuevo - 12e06e54ed0841e86b4b4f70d528638bc35e3e
2025-10-08 12:20:37.935 [main] INFO  Unidad1.ejemplo.FileNuevo - 1c79ea14fd46e5da8228551da33ff632a55a83
2025-10-08 12:20:37.935 [main] INFO  Unidad1.ejemplo.FileNuevo - 40edbdbe1dafd5e7d9d39226e67b1b15663f7c
2025-10-08 12:20:37.935 [main] INFO  Unidad1.ejemplo.FileNuevo - fca904fe9fd4709d7f0415c64222848d74500a
2025-10-08 12:20:37.935 [main] INFO  Unidad1.ejemplo.FileNuevo - 5e12e8133193fa9610dffad614107a43fcd0c4
2025-10-08 12:20:37.935 [main] INFO  Unidad1.ejemplo.FileNuevo - 6cfb118b42b5f1883da6c26d5cc7d69f8760b3
2025-10-08 12:20:37.935 [main] INFO  Unidad1.ejemplo.FileNuevo - 73977663deef2d46b7979ceb11ed33e9e55291
2025-10-08 12:20:37.935 [main] INFO  Unidad1.ejemplo.FileNuevo - f697c7bb7a25e5d4b2b4749b88cb26b8aea493
2025-10-08 12:20:37.935 [main] INFO  Unidad1.ejemplo.FileNuevo - 593bcb3aebc2ade88c7a46352d704c08758d57
2025-10-08 12:20:37.935 [main] INFO  Unidad1.ejemplo.FileNuevo - 8a12f03d4f1d813c33e24f68f23caef714b1f2
2025-10-08 12:20:37.935 [main] INFO  Unidad1.ejemplo.FileNuevo - c372a2f7d13038d99d5d85d124a324475ed4da
2025-10-08 12:20:37.935 [main] INFO  Unidad1.ejemplo.FileNuevo - 650fb3b8a59bc1fc0441b9ab308c3ea2bf255a
2025-10-08 12:20:37.935 [main] INFO  Unidad1.ejemplo.FileNuevo - 6a2d4f18f8b89bceb2ad789365df7b50942550
2025-10-08 12:20:37.935 [main] INFO  Unidad1.ejemplo.FileNuevo - deafe4b7adb93bd6d0652589a97f296217207b
2025-10-08 12:20:37.935 [main] INFO  Unidad1.ejemplo.FileNuevo - 44cb46946684bfb7751c744fd3689eb5bf25e5
2025-10-08 12:20:37.935 [main] INFO  Unidad1.ejemplo.FileNuevo - 65ff813436f44fdc83ad24d5929e35b8a4ecf9
2025-10-08 12:20:37.935 [main] INFO  Unidad1.ejemplo.FileNuevo - 39ccee3c562df077e3bd05793a5abd9cc9e292
2025-10-08 12:20:37.936 [main] INFO  Unidad1.ejemplo.FileNuevo - 6a637bba9f13b2ae5b550f6698ebb8b4fe3757
2025-10-08 12:20:37.936 [main] INFO  Unidad1.ejemplo.FileNuevo - 364425af63be83810704185e043870a4d0aae0
2025-10-08 12:20:37.936 [main] INFO  Unidad1.ejemplo.FileNuevo - 56c5098776b7ed6259734eb43f49fd3522acaa
2025-10-08 12:20:37.936 [main] INFO  Unidad1.ejemplo.FileNuevo - 86cf1a4076bbe2b5360a1abfc22e912df62f03
2025-10-08 12:20:37.936 [main] INFO  Unidad1.ejemplo.FileNuevo - e2eb9adcfb2d3313ec85f5c28cedda950a3f9b
2025-10-08 12:20:37.936 [main] INFO  Unidad1.ejemplo.FileNuevo - 6dabff96191267ae899203af93d083b45b075c
2025-10-08 12:20:37.936 [main] INFO  Unidad1.ejemplo.FileNuevo - 25366ed7c82625b901b61c0ba3ff468f403e35
2025-10-08 12:20:37.936 [main] INFO  Unidad1.ejemplo.FileNuevo - 5de53d618d771958e84100eb2e42252aaac94f
2025-10-08 12:20:37.936 [main] INFO  Unidad1.ejemplo.FileNuevo - 8e626af962269375fbb48f5ef9e62c6f9c1a58
2025-10-08 12:20:37.936 [main] INFO  Unidad1.ejemplo.FileNuevo - b810de323f81d83797ae5f3c8bd83a3032689e
2025-10-08 12:20:37.936 [main] INFO  Unidad1.ejemplo.FileNuevo - c6d5247f19375b41b7cf83986c7847a52edbc9
2025-10-08 12:20:37.936 [main] INFO  Unidad1.ejemplo.FileNuevo - 1e2da1e853003933f655b221e0ae0694236c15
2025-10-08 12:20:37.936 [main] INFO  Unidad1.ejemplo.FileNuevo - 57a02205f0b7cd93c4289fe654fb2e5344afbb
2025-10-08 12:20:37.936 [main] INFO  Unidad1.ejemplo.FileNuevo - 737cf75173f746e0843ab2a615d53441ca6551
2025-10-08 12:20:37.936 [main] INFO  Unidad1.ejemplo.FileNuevo - a0fa0d44676a3ebb2dbe592459079907ae0e2f
2025-10-08 12:20:37.936 [main] INFO  Unidad1.ejemplo.FileNuevo - c0101019e05d09ac9375c14eecbca671592966
2025-10-08 12:20:37.936 [main] INFO  Unidad1.ejemplo.FileNuevo - c203adf69eee67fef6bb13190ccb9c9826caed
2025-10-08 12:20:37.937 [main] INFO  Unidad1.ejemplo.FileNuevo - 22ac0db3d05010aa7324031c6a5791cf72f227
2025-10-08 12:20:37.937 [main] INFO  Unidad1.ejemplo.FileNuevo - 4eaa539c5f4b0f916828ed253989682ceaf93c
2025-10-08 12:20:37.937 [main] INFO  Unidad1.ejemplo.FileNuevo - 8d67d4f5fb34933697161cf2843ea13257cff2
2025-10-08 12:20:37.937 [main] INFO  Unidad1.ejemplo.FileNuevo - 9801540415a53308eedc5fcc702e91359af3e7
2025-10-08 12:20:37.937 [main] INFO  Unidad1.ejemplo.FileNuevo - 187265420b1090f2f08c8866ab51da557ade78
2025-10-08 12:20:37.937 [main] INFO  Unidad1.ejemplo.FileNuevo - 6b6e13fdde393910075fc8eb333da1c1c74b6f
2025-10-08 12:20:37.937 [main] INFO  Unidad1.ejemplo.FileNuevo - c5a11ca2b8eca0f2d2eed2896dc4552c005814
2025-10-08 12:20:37.937 [main] INFO  Unidad1.ejemplo.FileNuevo - e227537008d074e5c39ea45b81d93c33adb8a1
2025-10-08 12:20:37.937 [main] INFO  Unidad1.ejemplo.FileNuevo - 2ec14bb2975351bae496b434e19bfc2f7c64ce
2025-10-08 12:20:37.937 [main] INFO  Unidad1.ejemplo.FileNuevo - 7d9e51df4117cd11347b90217b2c8f96498ed5
2025-10-08 12:20:37.937 [main] INFO  Unidad1.ejemplo.FileNuevo - 9a44bc064bbfbbf559f98c5d779037c963845d
2025-10-08 12:20:37.937 [main] INFO  Unidad1.ejemplo.FileNuevo - a0a55fe569f659796c863ce8c9756bcf68e2bf
2025-10-08 12:20:37.937 [main] INFO  Unidad1.ejemplo.FileNuevo - dda14a054492739232af7ce60ea333f192df9b
2025-10-08 12:20:37.937 [main] INFO  Unidad1.ejemplo.FileNuevo - 1868ae0cd233e7a1989c95fe3c93a55aa5f242
2025-10-08 12:20:37.937 [main] INFO  Unidad1.ejemplo.FileNuevo - 1fe88ca1dab8c7939bfaaa5b8d605bd362ebc3
2025-10-08 12:20:37.937 [main] INFO  Unidad1.ejemplo.FileNuevo - 6a5396f1141b8ed44275e748f14e40f575c394
2025-10-08 12:20:37.939 [main] INFO  Unidad1.ejemplo.FileNuevo - 6af82d818cb344807e8ced44ce9b93432ae239
2025-10-08 12:20:37.939 [main] INFO  Unidad1.ejemplo.FileNuevo - ed60372e1ffd2baeae479b4df2d61c7c9f3a62
2025-10-08 12:20:37.939 [main] INFO  Unidad1.ejemplo.FileNuevo - 8115492cbef3cb4cae896c46b4fd371cc71aab
2025-10-08 12:20:37.939 [main] INFO  Unidad1.ejemplo.FileNuevo - 313d4b25e4b826b5efa4bed06fd69068761519
2025-10-08 12:20:37.939 [main] INFO  Unidad1.ejemplo.FileNuevo - 4d7d12d4cb5bf374391ff1909888939e61eb94
2025-10-08 12:20:37.939 [main] INFO  Unidad1.ejemplo.FileNuevo - 71e393d643fa068ba7bdb62441a95dbb6cb023
2025-10-08 12:20:37.939 [main] INFO  Unidad1.ejemplo.FileNuevo - af8efd040e5a0d5cb93fe1676bd63bb7713893
2025-10-08 12:20:37.939 [main] INFO  Unidad1.ejemplo.FileNuevo - d71b73decd2d5eaefe86da764feb5faab94cb7
2025-10-08 12:20:37.939 [main] INFO  Unidad1.ejemplo.FileNuevo - de8c1e1c16c7824d7660d2e2eabbfe7dcbe904
2025-10-08 12:20:37.939 [main] INFO  Unidad1.ejemplo.FileNuevo - e50b6c285459799b6661683b6ca22e8d7ddb6c
2025-10-08 12:20:37.939 [main] INFO  Unidad1.ejemplo.FileNuevo - feccb3b0f7d2cb256d777a21bcd5145a999ed9
2025-10-08 12:20:37.939 [main] INFO  Unidad1.ejemplo.FileNuevo - 50ac9bb6a777c1559c6428850bb8d88047af3c
2025-10-08 12:20:37.939 [main] INFO  Unidad1.ejemplo.FileNuevo - 6c53f151bf27a16afdcdce18f4154bdfe705c7
2025-10-08 12:20:37.939 [main] INFO  Unidad1.ejemplo.FileNuevo - 3e2e2bff98c3e8c96e36b9b5cb4682f3b10343
2025-10-08 12:20:37.939 [main] INFO  Unidad1.ejemplo.FileNuevo - 7f8a5dae7fcf051cdff8786ab0bf30f9ddabbd
2025-10-08 12:20:37.939 [main] INFO  Unidad1.ejemplo.FileNuevo - a900b49ebcd794559dac86da7b2d6a8b960915
2025-10-08 12:20:37.939 [main] INFO  Unidad1.ejemplo.FileNuevo - fdd132608334fb68254e93887045efc40d4273
2025-10-08 12:20:37.940 [main] INFO  Unidad1.ejemplo.FileNuevo - 532620586caf0f7a511af7e0861c57b59a5ea7
2025-10-08 12:20:37.940 [main] INFO  Unidad1.ejemplo.FileNuevo - 6fb77e93ac8a536b5dbade616d63abd00626c5
2025-10-08 12:20:37.940 [main] INFO  Unidad1.ejemplo.FileNuevo - d2c65b095a9b2e77291b5ca9ea9beebd7b880c
2025-10-08 12:20:37.940 [main] INFO  Unidad1.ejemplo.FileNuevo - d3ead4fc5bdd3a2637ecf988269e4f99835226
2025-10-08 12:20:37.940 [main] INFO  Unidad1.ejemplo.FileNuevo - e021208cbb651fd0e70692d62da046312171dc
2025-10-08 12:20:37.940 [main] INFO  Unidad1.ejemplo.FileNuevo - 959722120ffd65aec3a57a8b0164439ef63f52
2025-10-08 12:20:37.940 [main] INFO  Unidad1.ejemplo.FileNuevo - a9b66394cf2f69c9b6ea7c5df6adcc0b9e65b9
2025-10-08 12:20:37.940 [main] INFO  Unidad1.ejemplo.FileNuevo - dce100799066081469085697e39f8f50ab64b3
2025-10-08 12:20:37.940 [main] INFO  Unidad1.ejemplo.FileNuevo - 3e504b687990b21bfc3501b81413fbb64ecaac
2025-10-08 12:20:37.940 [main] INFO  Unidad1.ejemplo.FileNuevo - 9330a10d9e878b5153b30a476f8d49bc475ce0
2025-10-08 12:20:37.940 [main] INFO  Unidad1.ejemplo.FileNuevo - 97c704c4e7d170187667b2f6f6eb7d0d9ad00a
2025-10-08 12:20:37.940 [main] INFO  Unidad1.ejemplo.FileNuevo - b993ac1fa3c64938968659462214c2df2af1ce
2025-10-08 12:20:37.940 [main] INFO  Unidad1.ejemplo.FileNuevo - ded8bb4884019e59812e7fade4cc1a2bd8248f
2025-10-08 12:20:37.940 [main] INFO  Unidad1.ejemplo.FileNuevo - ef089d54cc44ffdc45ff2a5c5893af219229ea
2025-10-08 12:20:37.940 [main] INFO  Unidad1.ejemplo.FileNuevo - ad82ce872ebf7a1c0ac025d98c9be641bcdd1d
2025-10-08 12:20:37.941 [main] INFO  Unidad1.ejemplo.FileNuevo - 583641da7d335990d81b47eca023f9bfa89119
2025-10-08 12:20:37.941 [main] INFO  Unidad1.ejemplo.FileNuevo - 623e9e7415fdf01ff9abe2fd2dcdce3ae1e213
2025-10-08 12:20:37.941 [main] INFO  Unidad1.ejemplo.FileNuevo - 629ff4185b6d7da23ad598fd9b69cd9879c9e7
2025-10-08 12:20:37.941 [main] INFO  Unidad1.ejemplo.FileNuevo - 63150409ea3bb349905e7d2cd8ab78827b90e8
2025-10-08 12:20:37.941 [main] INFO  Unidad1.ejemplo.FileNuevo - 8d977eab929bb4c2d98822c31e2c8f3d1e9d84
2025-10-08 12:20:37.941 [main] INFO  Unidad1.ejemplo.FileNuevo - ac3aac4fff1b76c0ff3f75b609b9915c54651d
2025-10-08 12:20:37.941 [main] INFO  Unidad1.ejemplo.FileNuevo - 4b51fcdf7357d04ed2ac24aa04875087d0d356
2025-10-08 12:20:37.941 [main] INFO  Unidad1.ejemplo.FileNuevo - 57345607a1b1d3957868fb58e368cecda4d853
2025-10-08 12:20:37.941 [main] INFO  Unidad1.ejemplo.FileNuevo - 2b7874944965bff68017b54d7e69781f70cd4f
2025-10-08 12:20:37.941 [main] INFO  Unidad1.ejemplo.FileNuevo - 3e655e6a992a0077e54fcba98ba332445f7024
2025-10-08 12:20:37.941 [main] INFO  Unidad1.ejemplo.FileNuevo - 6768ca9b70160604557b77738fcbf7132d7a89
2025-10-08 12:20:37.941 [main] INFO  Unidad1.ejemplo.FileNuevo - 89d907d6895b7afa97a709bf015807b221b95e
2025-10-08 12:20:37.941 [main] INFO  Unidad1.ejemplo.FileNuevo - 078eedb817e105c130ba6c5946c735368c34ac
2025-10-08 12:20:37.941 [main] INFO  Unidad1.ejemplo.FileNuevo - 0e727be5ce2dc48c7d4d86a401a2744e73c8c1
2025-10-08 12:20:37.941 [main] INFO  Unidad1.ejemplo.FileNuevo - aa765a5caaf211bb550a73738acf6277f041ff
2025-10-08 12:20:37.941 [main] INFO  Unidad1.ejemplo.FileNuevo - e863b68fa1c191137897218e6bdb22bb08e41a
2025-10-08 12:20:37.941 [main] INFO  Unidad1.ejemplo.FileNuevo - 2d3fb8b22af323263c8df9b9f70826bf27db2c
2025-10-08 12:20:37.941 [main] INFO  Unidad1.ejemplo.FileNuevo - 4c1085bc8b3751f467b57822e675cab4b16842
2025-10-08 12:20:37.941 [main] INFO  Unidad1.ejemplo.FileNuevo - 63b97ebf42b0ef4b6c5e9da3d05b54550a6908
2025-10-08 12:20:37.942 [main] INFO  Unidad1.ejemplo.FileNuevo - 7a9695bebe5a7073664f2530338bb929021349
2025-10-08 12:20:37.942 [main] INFO  Unidad1.ejemplo.FileNuevo - 8fd5d9c7c86bdc34fccbfb5fcee4e23b1939ec
2025-10-08 12:20:37.942 [main] INFO  Unidad1.ejemplo.FileNuevo - b37281ed97c38c1c2605257ff4cc1d6775b394
2025-10-08 12:20:37.942 [main] INFO  Unidad1.ejemplo.FileNuevo - c4d9b516aa8eefe4c5b75ed1b71bba22fbe252
2025-10-08 12:20:37.942 [main] INFO  Unidad1.ejemplo.FileNuevo - cc60115ac3cc9a3c0523ea39fee6f30c5e91d3
2025-10-08 12:20:37.942 [main] INFO  Unidad1.ejemplo.FileNuevo - cef3c401eb3e0db791285e5d6846889f8fbe41
2025-10-08 12:20:37.942 [main] INFO  Unidad1.ejemplo.FileNuevo - d621dee481f877bfac57b50b6dc101824bec9c
2025-10-08 12:20:37.942 [main] INFO  Unidad1.ejemplo.FileNuevo - 37c9d2ebcac8d12735cb341ed1f2a0bd3c7624
2025-10-08 12:20:37.942 [main] INFO  Unidad1.ejemplo.FileNuevo - 3a946aa20c42779322df7a03fd9c8f820ca5f2
2025-10-08 12:20:37.942 [main] INFO  Unidad1.ejemplo.FileNuevo - 4ca3dadb61f6fba8a5745fda5795b028bb476f
2025-10-08 12:20:37.942 [main] INFO  Unidad1.ejemplo.FileNuevo - 614b7a68ebc51ecf3de1debe10b4a1b3ab3bbb
2025-10-08 12:20:37.942 [main] INFO  Unidad1.ejemplo.FileNuevo - 7456cbd78ce5f217c9df7147f5336a5146dc7a
2025-10-08 12:20:37.942 [main] INFO  Unidad1.ejemplo.FileNuevo - e455196560ac41f5d953f223a2f48890eec39b
2025-10-08 12:20:37.942 [main] INFO  Unidad1.ejemplo.FileNuevo - faf0b538766bf0e65c5b87b09008e147d39c71
2025-10-08 12:20:37.942 [main] INFO  Unidad1.ejemplo.FileNuevo - 57e35cc5a88e513e22b0dc917f0278b7b20755
2025-10-08 12:20:37.942 [main] INFO  Unidad1.ejemplo.FileNuevo - 6ca440dad3696eb6f823e0ce51feadff79d857
2025-10-08 12:20:37.942 [main] INFO  Unidad1.ejemplo.FileNuevo - 9f36373b5c5a08b8e92f5989fa6c4aae12a2c9
2025-10-08 12:20:37.942 [main] INFO  Unidad1.ejemplo.FileNuevo - 7fc706f2d6b863d0c9628d5e499dc0daa8318b
2025-10-08 12:20:37.942 [main] INFO  Unidad1.ejemplo.FileNuevo - 3f3caf34a58ad2718f1b920eacc86431bf9697
2025-10-08 12:20:37.942 [main] INFO  Unidad1.ejemplo.FileNuevo - 856a567b68345ce751a0838de01a1c44b51b44
2025-10-08 12:20:37.942 [main] INFO  Unidad1.ejemplo.FileNuevo - 9de29bb2d1d6434b8b29ae775ad8c2e48c5391
2025-10-08 12:20:37.942 [main] INFO  Unidad1.ejemplo.FileNuevo - c5d0235c1cdd61c9f9fb7c9acee0cda813b473
2025-10-08 12:20:37.943 [main] INFO  Unidad1.ejemplo.FileNuevo - a1bda9f47f36f4fe926471d11d8b58121a2bcc
2025-10-08 12:20:37.943 [main] INFO  Unidad1.ejemplo.FileNuevo - 55a7edce3fe397ec998d775a4b614875916537
2025-10-08 12:20:37.943 [main] INFO  Unidad1.ejemplo.FileNuevo - ee56d41cc43a3ccb7e075e21b6c9fdc47716f1
2025-10-08 12:20:37.943 [main] INFO  Unidad1.ejemplo.FileNuevo - 319244b47e7a43bc794b535a84cdc441a31dca
2025-10-08 12:20:37.943 [main] INFO  Unidad1.ejemplo.FileNuevo - 39b0952bf25e41b51e4faec8496ba1a724c49d
2025-10-08 12:20:37.943 [main] INFO  Unidad1.ejemplo.FileNuevo - a7e54f58a098a955f32f399d6cd7f3da1ee004
2025-10-08 12:20:37.943 [main] INFO  Unidad1.ejemplo.FileNuevo - ce1ad95fdb302f235465317ac4601d90f7d0a8
2025-10-08 12:20:37.943 [main] INFO  Unidad1.ejemplo.FileNuevo - fb4da3dbfe206c646e42f37c6f73164466d405
2025-10-08 12:20:37.943 [main] INFO  Unidad1.ejemplo.FileNuevo - 386f008ba7725423acac34ca5ebc0389707ab4
2025-10-08 12:20:37.943 [main] INFO  Unidad1.ejemplo.FileNuevo - 5514e687c93c161080eb5274b8804711fe6533
2025-10-08 12:20:37.943 [main] INFO  Unidad1.ejemplo.FileNuevo - d72ba7d87f667c8948b796ddb537abcf4b33e8
2025-10-08 12:20:37.943 [main] INFO  Unidad1.ejemplo.FileNuevo - f667f625fde90cd9edf041aa763cdbd9b09dc7
2025-10-08 12:20:37.943 [main] INFO  Unidad1.ejemplo.FileNuevo - fef54a1b8cc625ee7f1af9995486a27885fa12
2025-10-08 12:20:37.943 [main] INFO  Unidad1.ejemplo.FileNuevo - 30b0bb4cfceb94f43c26e8ea73b4f6a199bc74
2025-10-08 12:20:37.943 [main] INFO  Unidad1.ejemplo.FileNuevo - 3b726886b1859e6bd977524f6a3e69b26c0c72
2025-10-08 12:20:37.943 [main] INFO  Unidad1.ejemplo.FileNuevo - e2b11458e2f59f9773b9f8969a35330dcd49db
2025-10-08 12:20:37.943 [main] INFO  Unidad1.ejemplo.FileNuevo - 3775de38a423513725b9c35be7dfccf3b47a65
2025-10-08 12:20:37.943 [main] INFO  Unidad1.ejemplo.FileNuevo - e87e3287274ef1ceaebd87c9d931d0e32242d9
2025-10-08 12:20:37.943 [main] INFO  Unidad1.ejemplo.FileNuevo - e93dd209e1804e26db0e6c654ef667d2ca8aa0
2025-10-08 12:20:37.943 [main] INFO  Unidad1.ejemplo.FileNuevo - fd7c585427bcd65deacc19547062a6561dd4cb
2025-10-08 12:20:37.943 [main] INFO  Unidad1.ejemplo.FileNuevo - 277060d23c0366ba9fbb3de4245f82721565ec
2025-10-08 12:20:37.943 [main] INFO  Unidad1.ejemplo.FileNuevo - 961d7c1c7ccf80df8d5475e7aeb35d57dc8d1a
2025-10-08 12:20:37.943 [main] INFO  Unidad1.ejemplo.FileNuevo - bf2bc4a44c1cfe1ef88fcc157248a698924e9b
2025-10-08 12:20:37.943 [main] INFO  Unidad1.ejemplo.FileNuevo - d160ec9c17c782586ae65c91448b4a36a9c3b3
2025-10-08 12:20:37.944 [main] INFO  Unidad1.ejemplo.FileNuevo - 1967886a6702f7c0988171cb582a2db1e941b3
2025-10-08 12:20:37.944 [main] INFO  Unidad1.ejemplo.FileNuevo - 3543c4badf98e9201b573b5a9bc9c894582b46
2025-10-08 12:20:37.944 [main] INFO  Unidad1.ejemplo.FileNuevo - 828dca6aea51e8e4ad6e7dd2ceb447c7845541
2025-10-08 12:20:37.944 [main] INFO  Unidad1.ejemplo.FileNuevo - 91f35909f6b11ebd91299d4adb4e4b23adae46
2025-10-08 12:20:37.944 [main] INFO  Unidad1.ejemplo.FileNuevo - 9334582d7d54b75528fa8ef8b5f9da53e8476a
2025-10-08 12:20:37.944 [main] INFO  Unidad1.ejemplo.FileNuevo - ca37838b2444da007a17beede38ac602467377
2025-10-08 12:20:37.944 [main] INFO  Unidad1.ejemplo.FileNuevo - 11a899e8e0f2b65988efdeff45be968e3ba956
2025-10-08 12:20:37.945 [main] INFO  Unidad1.ejemplo.FileNuevo - 06221c22902a456abf39b468543ec236ecebe9
2025-10-08 12:20:37.945 [main] INFO  Unidad1.ejemplo.FileNuevo - 3777ab0420fa0c7e1852039ccc16a13ac839f5
2025-10-08 12:20:37.945 [main] INFO  Unidad1.ejemplo.FileNuevo - 71927833edf8bc4a9c8fa16291a17f98512c1d
2025-10-08 12:20:37.945 [main] INFO  Unidad1.ejemplo.FileNuevo - a78849e7d60f9281a11aa32e9028e2488a1437
2025-10-08 12:20:37.945 [main] INFO  Unidad1.ejemplo.FileNuevo - c78a1411313fde50ddd10413755fbb6e6eb855
2025-10-08 12:20:37.945 [main] INFO  Unidad1.ejemplo.FileNuevo - 209aa3e2ec6b5c057588d9553247ee040918d3
2025-10-08 12:20:37.945 [main] INFO  Unidad1.ejemplo.FileNuevo - 3d85ee8df6502d9ba5695dbf4e1a9520a50726
2025-10-08 12:20:37.945 [main] INFO  Unidad1.ejemplo.FileNuevo - a637d68c4b917d9841fe80b1b81f9dff1d39bc
2025-10-08 12:20:37.945 [main] INFO  Unidad1.ejemplo.FileNuevo - a92d28ca073fcb281bf429be474041caa12a1d
2025-10-08 12:20:37.945 [main] INFO  Unidad1.ejemplo.FileNuevo - d7546df96b6eb603d4836bed2ce815b55a2814
2025-10-08 12:20:37.945 [main] INFO  Unidad1.ejemplo.FileNuevo - f53ffe5a1eea3c3b0bb98c2ea8718cae28df83
2025-10-08 12:20:37.945 [main] INFO  Unidad1.ejemplo.FileNuevo - 10f237555f49f9d15c173e8508964fa8bce964
2025-10-08 12:20:37.945 [main] INFO  Unidad1.ejemplo.FileNuevo - 4f06e0fe9f6dcf14e60278b4c34b81edb45d5d
2025-10-08 12:20:37.945 [main] INFO  Unidad1.ejemplo.FileNuevo - 26227d483819a5c38f875b9129a1f642bc278e
2025-10-08 12:20:37.945 [main] INFO  Unidad1.ejemplo.FileNuevo - 95b7dc32c4b340f18645e948401250d09ce201
2025-10-08 12:20:37.945 [main] INFO  Unidad1.ejemplo.FileNuevo - 9c0885c40c5567c8afc66dbe1c959ec2f6e7ea
2025-10-08 12:20:37.945 [main] INFO  Unidad1.ejemplo.FileNuevo - 08c8ed65f800edc671ab0ca868490f546a91c3
2025-10-08 12:20:37.945 [main] INFO  Unidad1.ejemplo.FileNuevo - 6e37280a336e156d63e54f5e2f0bed5b985076
2025-10-08 12:20:37.945 [main] INFO  Unidad1.ejemplo.FileNuevo - 7f23fa59e53aeff32f5c637517d016ac013265
2025-10-08 12:20:37.945 [main] INFO  Unidad1.ejemplo.FileNuevo - 8756eeb2cee27a030113aad32053a20f946997
2025-10-08 12:20:37.945 [main] INFO  Unidad1.ejemplo.FileNuevo - ec096176d13da410cba10beb3306671c20175f
2025-10-08 12:20:37.945 [main] INFO  Unidad1.ejemplo.FileNuevo - 1dc7d7fc6d5cd13ae34da116c4962fc058e5a2
2025-10-08 12:20:37.945 [main] INFO  Unidad1.ejemplo.FileNuevo - 62dd12160916380ceeb1921694b9d36c9fd4e5
2025-10-08 12:20:37.947 [main] INFO  Unidad1.ejemplo.FileNuevo - 401145784eb5c0fc62acdecb9ae77dc246ed4d
2025-10-08 12:20:37.947 [main] INFO  Unidad1.ejemplo.FileNuevo - 44324ee44271ff4c129fea8e5c634cf64a2b9f
2025-10-08 12:20:37.947 [main] INFO  Unidad1.ejemplo.FileNuevo - 5638fb772b50c4b88730209b04c84f1543b53f
2025-10-08 12:20:37.947 [main] INFO  Unidad1.ejemplo.FileNuevo - 70f1a9c2b7d82d6950e2614406c9f5edbe0c0a
2025-10-08 12:20:37.947 [main] INFO  Unidad1.ejemplo.FileNuevo - ab241a8b7dc299e20ca3a142358bb70bc558bb
2025-10-08 12:20:37.947 [main] INFO  Unidad1.ejemplo.FileNuevo - c295cd08db05940817e9d2c5c5cb3f854ecec6
2025-10-08 12:20:37.947 [main] INFO  Unidad1.ejemplo.FileNuevo - 18767053648708a56dd2bbfa6578570e20eca9
2025-10-08 12:20:37.947 [main] INFO  Unidad1.ejemplo.FileNuevo - 6c80a1589d36b9cbcc7a8636504fac1abf4048
2025-10-08 12:20:37.947 [main] INFO  Unidad1.ejemplo.FileNuevo - 9d1079cf1cb54a6554665d105b338572549352
2025-10-08 12:20:37.947 [main] INFO  Unidad1.ejemplo.FileNuevo - df5175887e67a084a475553bdfeaea6453f8a4
2025-10-08 12:20:37.947 [main] INFO  Unidad1.ejemplo.FileNuevo - fedcfe53eada060bda86947f2dcc36aac982bb
2025-10-08 12:20:37.947 [main] INFO  Unidad1.ejemplo.FileNuevo - 59d1756346910160b0f5fc08105778bc4d46ff
2025-10-08 12:20:37.947 [main] INFO  Unidad1.ejemplo.FileNuevo - 97a7f1cb2389f85fe6381425d29f0a9866fb65
2025-10-08 12:20:37.947 [main] INFO  Unidad1.ejemplo.FileNuevo - b1faf12c6b605d9c9cec06f23acc45ff03b136
2025-10-08 12:20:37.947 [main] INFO  Unidad1.ejemplo.FileNuevo - f79d6c54db7b5cb367af39c96be28fbee71fbd
2025-10-08 12:20:37.947 [main] INFO  Unidad1.ejemplo.FileNuevo - fd009e96b366191193febee3949ec2118cbc1e
2025-10-08 12:20:37.947 [main] INFO  Unidad1.ejemplo.FileNuevo - 24f91a0f8f8f859e07fc57c731c5566d90f193
2025-10-08 12:20:37.947 [main] INFO  Unidad1.ejemplo.FileNuevo - cb162687976abfca39b6447e6adbab800c10d2
2025-10-08 12:20:37.947 [main] INFO  Unidad1.ejemplo.FileNuevo - f41baa251dc174761462638df59d247d4ae0e1
2025-10-08 12:20:37.948 [main] INFO  Unidad1.ejemplo.FileNuevo - 019bf1c420ff5ad4c250d26d7500e4c809eca5
2025-10-08 12:20:37.948 [main] INFO  Unidad1.ejemplo.FileNuevo - 12695cf94cd8cf1fae1737bd6919e7405edfef
2025-10-08 12:20:37.948 [main] INFO  Unidad1.ejemplo.FileNuevo - 48fcb4c52ad70e3717af7acb9f2f1d80d0c2df
2025-10-08 12:20:37.948 [main] INFO  Unidad1.ejemplo.FileNuevo - 66c357c85ca1660f860e0b252dd603328fadbd
2025-10-08 12:20:37.948 [main] INFO  Unidad1.ejemplo.FileNuevo - d1d0db4e6f98f7b66318af8ce54ce49410a235
2025-10-08 12:20:37.948 [main] INFO  Unidad1.ejemplo.FileNuevo - 02ff25cc16562675bb74681850f386783a66f9
2025-10-08 12:20:37.948 [main] INFO  Unidad1.ejemplo.FileNuevo - a6d68d547258be15cd78fdbcb5568d14edac7f
2025-10-08 12:20:37.948 [main] INFO  Unidad1.ejemplo.FileNuevo - d6e733ab0604e8b7f2c25364b12a868825a070
2025-10-08 12:20:37.948 [main] INFO  Unidad1.ejemplo.FileNuevo - 0aa3e623e2d5b39fd844d83684b6ec4f1b95fc
2025-10-08 12:20:37.948 [main] INFO  Unidad1.ejemplo.FileNuevo - 4d0b068c872dd298bea3dedfd2fe8c116830c3
2025-10-08 12:20:37.948 [main] INFO  Unidad1.ejemplo.FileNuevo - e6fdacc7e44bf1b68aad4c0b5d3959735c352d
2025-10-08 12:20:37.948 [main] INFO  Unidad1.ejemplo.FileNuevo - 0186e2947aec32678e8e249985a819e6bdd86e
2025-10-08 12:20:37.948 [main] INFO  Unidad1.ejemplo.FileNuevo - 8caba89cfe13625e1f67a685a404348b38aebf
2025-10-08 12:20:37.948 [main] INFO  Unidad1.ejemplo.FileNuevo - dcab4d933093616db2a21ddc2f18f1c01228a4
2025-10-08 12:20:37.949 [main] INFO  Unidad1.ejemplo.FileNuevo - master
2025-10-08 12:20:37.949 [main] INFO  Unidad1.ejemplo.FileNuevo - master
2025-10-08 12:20:37.949 [main] INFO  Unidad1.ejemplo.FileNuevo - .gitignore
2025-10-08 12:20:37.949 [main] INFO  Unidad1.ejemplo.FileNuevo - .bak_0.log
2025-10-08 12:20:37.949 [main] INFO  Unidad1.ejemplo.FileNuevo - .bak_1.log
2025-10-08 12:20:37.949 [main] INFO  Unidad1.ejemplo.FileNuevo - .bak_2.log
2025-10-08 12:20:37.949 [main] INFO  Unidad1.ejemplo.FileNuevo - .bak_3.log
2025-10-08 12:20:37.949 [main] INFO  Unidad1.ejemplo.FileNuevo - .bak_4.log
2025-10-08 12:20:37.949 [main] INFO  Unidad1.ejemplo.FileNuevo - .bak_5.log
2025-10-08 12:20:37.949 [main] INFO  Unidad1.ejemplo.FileNuevo - .bak_6.log
2025-10-08 12:20:37.949 [main] INFO  Unidad1.ejemplo.FileNuevo - .bak_7.log
2025-10-08 12:20:37.950 [main] INFO  Unidad1.ejemplo.FileNuevo - .bak_8.log
2025-10-08 12:20:37.950 [main] INFO  Unidad1.ejemplo.FileNuevo - .bak_9.log
2025-10-08 12:20:37.950 [main] INFO  Unidad1.ejemplo.FileNuevo - .lock
2025-10-08 12:20:37.950 [main] INFO  Unidad1.ejemplo.FileNuevo - .lock_info
2025-10-08 12:20:37.950 [main] INFO  Unidad1.ejemplo.FileNuevo - .log
2025-10-08 12:20:37.950 [main] INFO  Unidad1.ejemplo.FileNuevo - .tasks.xml.zip
2025-10-08 12:20:37.950 [main] INFO  Unidad1.ejemplo.FileNuevo - repositories.xml.zip
2025-10-08 12:20:37.950 [main] INFO  Unidad1.ejemplo.FileNuevo - tasks.xml.zip
2025-10-08 12:20:37.951 [main] INFO  Unidad1.ejemplo.FileNuevo - versions.json
2025-10-08 12:20:37.951 [main] INFO  Unidad1.ejemplo.FileNuevo - 40bb4aa3ad9e001015b2da57bac9e46b
2025-10-08 12:20:37.951 [main] INFO  Unidad1.ejemplo.FileNuevo - 4076f2d591a200101152860d73a4f125
2025-10-08 12:20:37.951 [main] INFO  Unidad1.ejemplo.FileNuevo - 104c02fa85a200101152860d73a4f125
2025-10-08 12:20:37.951 [main] INFO  Unidad1.ejemplo.FileNuevo - 50bc8f0290a200101152860d73a4f125
2025-10-08 12:20:37.951 [main] INFO  Unidad1.ejemplo.FileNuevo - 1071eb4bac9e001015b2da57bac9e46b
2025-10-08 12:20:37.952 [main] INFO  Unidad1.ejemplo.FileNuevo - 6082406989a200101152860d73a4f125
2025-10-08 12:20:37.952 [main] INFO  Unidad1.ejemplo.FileNuevo - d06ca33f63a3001014fe9a304d2b845b
2025-10-08 12:20:37.952 [main] INFO  Unidad1.ejemplo.FileNuevo - e03071c7a29e001015b2da57bac9e46b
2025-10-08 12:20:37.952 [main] INFO  Unidad1.ejemplo.FileNuevo - 40fdb49989a200101152860d73a4f125
2025-10-08 12:20:37.952 [main] INFO  Unidad1.ejemplo.FileNuevo - 503db8b45ba3001014fe9a304d2b845b
2025-10-08 12:20:37.952 [main] INFO  Unidad1.ejemplo.FileNuevo - 90a4234988a200101152860d73a4f125
2025-10-08 12:20:37.952 [main] INFO  Unidad1.ejemplo.FileNuevo - 008836f2b39e001015b2da57bac9e46b
2025-10-08 12:20:37.954 [main] INFO  Unidad1.ejemplo.FileNuevo - f058d62486a200101152860d73a4f125
2025-10-08 12:20:37.954 [main] INFO  Unidad1.ejemplo.FileNuevo - 609f499785a200101152860d73a4f125
2025-10-08 12:20:37.954 [main] INFO  Unidad1.ejemplo.FileNuevo - 00b8c95f89a200101152860d73a4f125
2025-10-08 12:20:37.954 [main] INFO  Unidad1.ejemplo.FileNuevo - 10931bbbae9e001015b2da57bac9e46b
2025-10-08 12:20:37.954 [main] INFO  Unidad1.ejemplo.FileNuevo - d02f24bcb69e001015b2da57bac9e46b
2025-10-08 12:20:37.954 [main] INFO  Unidad1.ejemplo.FileNuevo - 904fcc8c87a200101152860d73a4f125
2025-10-08 12:20:37.954 [main] INFO  Unidad1.ejemplo.FileNuevo - 90702f7fb59e001015b2da57bac9e46b
2025-10-08 12:20:37.955 [main] INFO  Unidad1.ejemplo.FileNuevo - 30d21b5e8fa200101152860d73a4f125
2025-10-08 12:20:37.955 [main] INFO  Unidad1.ejemplo.FileNuevo - 30e82345ac9e001015b2da57bac9e46b
2025-10-08 12:20:37.955 [main] INFO  Unidad1.ejemplo.FileNuevo - 00f0de1d92a200101152860d73a4f125
2025-10-08 12:20:37.955 [main] INFO  Unidad1.ejemplo.FileNuevo - a042f46b87a200101152860d73a4f125
2025-10-08 12:20:37.955 [main] INFO  Unidad1.ejemplo.FileNuevo - 9010880bae9e001015b2da57bac9e46b
2025-10-08 12:20:37.955 [main] INFO  Unidad1.ejemplo.FileNuevo - c0e3f680ad9e001015b2da57bac9e46b
2025-10-08 12:20:37.955 [main] INFO  Unidad1.ejemplo.FileNuevo - 80a3b35eac9e001015b2da57bac9e46b
2025-10-08 12:20:37.955 [main] INFO  Unidad1.ejemplo.FileNuevo - 50918465a39e001015b2da57bac9e46b
2025-10-08 12:20:37.956 [main] INFO  Unidad1.ejemplo.FileNuevo - 100dcc6e2fa400101ad9cf4fbdd2aef3
2025-10-08 12:20:37.956 [main] INFO  Unidad1.ejemplo.FileNuevo - 10153bee61a3001014fe9a304d2b845b
2025-10-08 12:20:37.956 [main] INFO  Unidad1.ejemplo.FileNuevo - 50f056298ca200101152860d73a4f125
2025-10-08 12:20:37.956 [main] INFO  Unidad1.ejemplo.FileNuevo - d00bc9e788a200101152860d73a4f125
2025-10-08 12:20:37.956 [main] INFO  Unidad1.ejemplo.FileNuevo - 70e23132b39e001015b2da57bac9e46b
2025-10-08 12:20:37.956 [main] INFO  Unidad1.ejemplo.FileNuevo - 0028574691a200101152860d73a4f125
2025-10-08 12:20:37.956 [main] INFO  Unidad1.ejemplo.FileNuevo - 00f2c2aa88a200101152860d73a4f125
2025-10-08 12:20:37.957 [main] INFO  Unidad1.ejemplo.FileNuevo - 20c9dbbf62a3001014fe9a304d2b845b
2025-10-08 12:20:37.957 [main] INFO  Unidad1.ejemplo.FileNuevo - 30bd5d0b88a200101152860d73a4f125
2025-10-08 12:20:37.957 [main] INFO  Unidad1.ejemplo.FileNuevo - b0c4442988a200101152860d73a4f125
2025-10-08 12:20:37.957 [main] INFO  Unidad1.ejemplo.FileNuevo - 00b9cb0586a200101152860d73a4f125
2025-10-08 12:20:37.957 [main] INFO  Unidad1.ejemplo.FileNuevo - 802f0386e69d00101231de45aae18b29
2025-10-08 12:20:37.957 [main] INFO  Unidad1.ejemplo.FileNuevo - b0e4674b87a200101152860d73a4f125
2025-10-08 12:20:37.957 [main] INFO  Unidad1.ejemplo.FileNuevo - 90bfeec2ae9e001015b2da57bac9e46b
2025-10-08 12:20:37.958 [main] INFO  Unidad1.ejemplo.FileNuevo - 904cdf8d8fa200101152860d73a4f125
2025-10-08 12:20:37.958 [main] INFO  Unidad1.ejemplo.FileNuevo - d00ad823ac9e001015b2da57bac9e46b
2025-10-08 12:20:37.958 [main] INFO  Unidad1.ejemplo.FileNuevo - 3063fa0d5ba3001014fe9a304d2b845b
2025-10-08 12:20:37.958 [main] INFO  Unidad1.ejemplo.FileNuevo - d01d5a70a29e001015b2da57bac9e46b
2025-10-08 12:20:37.958 [main] INFO  Unidad1.ejemplo.FileNuevo - a0ccedbbad9e001015b2da57bac9e46b
2025-10-08 12:20:37.959 [main] INFO  Unidad1.ejemplo.FileNuevo - e06cf6a090a200101152860d73a4f125
2025-10-08 12:20:37.959 [main] INFO  Unidad1.ejemplo.FileNuevo - 20c8c13f90a200101152860d73a4f125
2025-10-08 12:20:37.959 [main] INFO  Unidad1.ejemplo.FileNuevo - 201e322e2fa400101ad9cf4fbdd2aef3
2025-10-08 12:20:37.959 [main] INFO  Unidad1.ejemplo.FileNuevo - 5096b9b088a200101152860d73a4f125
2025-10-08 12:20:37.959 [main] INFO  Unidad1.ejemplo.FileNuevo - d08a4ce088a200101152860d73a4f125
2025-10-08 12:20:37.960 [main] INFO  Unidad1.ejemplo.FileNuevo - a0c0a71589a200101152860d73a4f125
2025-10-08 12:20:37.960 [main] INFO  Unidad1.ejemplo.FileNuevo - 60d53a32ae9e001015b2da57bac9e46b
2025-10-08 12:20:37.960 [main] INFO  Unidad1.ejemplo.FileNuevo - c0fb9c77a39e001015b2da57bac9e46b
2025-10-08 12:20:37.960 [main] INFO  Unidad1.ejemplo.FileNuevo - 50fbeaed87a200101152860d73a4f125
2025-10-08 12:20:37.960 [main] INFO  Unidad1.ejemplo.FileNuevo - 70582ed288a200101152860d73a4f125
2025-10-08 12:20:37.960 [main] INFO  Unidad1.ejemplo.FileNuevo - 70a7c66bac9e001015b2da57bac9e46b
2025-10-08 12:20:37.960 [main] INFO  Unidad1.ejemplo.FileNuevo - b0843115a39e001015b2da57bac9e46b
2025-10-08 12:20:37.961 [main] INFO  Unidad1.ejemplo.FileNuevo - c0c708a75aa3001014fe9a304d2b845b
2025-10-08 12:20:37.961 [main] INFO  Unidad1.ejemplo.FileNuevo - f017747489a200101152860d73a4f125
2025-10-08 12:20:37.961 [main] INFO  Unidad1.ejemplo.FileNuevo - 20aa603b4fa300101805e67faad3a4fa
2025-10-08 12:20:37.961 [main] INFO  Unidad1.ejemplo.FileNuevo - 20c1d9355ba3001014fe9a304d2b845b
2025-10-08 12:20:37.961 [main] INFO  Unidad1.ejemplo.FileNuevo - e0d92fbab69e001015b2da57bac9e46b
2025-10-08 12:20:37.961 [main] INFO  Unidad1.ejemplo.FileNuevo - 10a1322aac9e001015b2da57bac9e46b
2025-10-08 12:20:37.961 [main] INFO  Unidad1.ejemplo.FileNuevo - 907663cf62a3001014fe9a304d2b845b
2025-10-08 12:20:37.962 [main] INFO  Unidad1.ejemplo.FileNuevo - 4066feb2a39e001015b2da57bac9e46b
2025-10-08 12:20:37.962 [main] INFO  Unidad1.ejemplo.FileNuevo - a04e96df92a200101152860d73a4f125
2025-10-08 12:20:37.962 [main] INFO  Unidad1.ejemplo.FileNuevo - 30edd8c892a200101152860d73a4f125
2025-10-08 12:20:37.962 [main] INFO  Unidad1.ejemplo.FileNuevo - 608abedeaf9e001015b2da57bac9e46b
2025-10-08 12:20:37.962 [main] INFO  Unidad1.ejemplo.FileNuevo - e040f8b4e79d00101231de45aae18b29
2025-10-08 12:20:37.962 [main] INFO  Unidad1.ejemplo.FileNuevo - 80994587b59e001015b2da57bac9e46b
2025-10-08 12:20:37.962 [main] INFO  Unidad1.ejemplo.FileNuevo - a002a5ab4ea300101805e67faad3a4fa
2025-10-08 12:20:37.962 [main] INFO  Unidad1.ejemplo.FileNuevo - d092c1bf90a200101152860d73a4f125
2025-10-08 12:20:37.962 [main] INFO  Unidad1.ejemplo.FileNuevo - 80d481d0a49e001015b2da57bac9e46b
2025-10-08 12:20:37.962 [main] INFO  Unidad1.ejemplo.FileNuevo - a0b0f10d5ba3001014fe9a304d2b845b
2025-10-08 12:20:37.963 [main] INFO  Unidad1.ejemplo.FileNuevo - 108f8ff285a200101152860d73a4f125
2025-10-08 12:20:37.963 [main] INFO  Unidad1.ejemplo.FileNuevo - 301cfd06e89d00101231de45aae18b29
2025-10-08 12:20:37.963 [main] INFO  Unidad1.ejemplo.FileNuevo - 40325a3ca29e001015b2da57bac9e46b
2025-10-08 12:20:37.963 [main] INFO  Unidad1.ejemplo.FileNuevo - e0a94711af9e001015b2da57bac9e46b
2025-10-08 12:20:37.963 [main] INFO  Unidad1.ejemplo.FileNuevo - 302f67d6ae9e001015b2da57bac9e46b
2025-10-08 12:20:37.964 [main] INFO  Unidad1.ejemplo.FileNuevo - 002a1a93b59e001015b2da57bac9e46b
2025-10-08 12:20:37.964 [main] INFO  Unidad1.ejemplo.FileNuevo - 70156acd8fa200101152860d73a4f125
2025-10-08 12:20:37.964 [main] INFO  Unidad1.ejemplo.FileNuevo - 409fed195ba3001014fe9a304d2b845b
2025-10-08 12:20:37.964 [main] INFO  Unidad1.ejemplo.FileNuevo - 7041d0348ca200101152860d73a4f125
2025-10-08 12:20:37.964 [main] INFO  Unidad1.ejemplo.FileNuevo - b034d82fe79d00101231de45aae18b29
2025-10-08 12:20:37.964 [main] INFO  Unidad1.ejemplo.FileNuevo - 104695b286a200101152860d73a4f125
2025-10-08 12:20:37.964 [main] INFO  Unidad1.ejemplo.FileNuevo - c073fca891a200101152860d73a4f125
2025-10-08 12:20:37.964 [main] INFO  Unidad1.ejemplo.FileNuevo - 7032ba6d30a400101ad9cf4fbdd2aef3
2025-10-08 12:20:37.964 [main] INFO  Unidad1.ejemplo.FileNuevo - 40c1c0e25ba3001014fe9a304d2b845b
2025-10-08 12:20:37.965 [main] INFO  Unidad1.ejemplo.FileNuevo - d0ee5027b59e001015b2da57bac9e46b
2025-10-08 12:20:37.965 [main] INFO  Unidad1.ejemplo.FileNuevo - 409d4c102fa400101ad9cf4fbdd2aef3
2025-10-08 12:20:37.965 [main] INFO  Unidad1.ejemplo.FileNuevo - a074fb0d5ba3001014fe9a304d2b845b
2025-10-08 12:20:37.965 [main] INFO  Unidad1.ejemplo.FileNuevo - d0f39d535aa3001014fe9a304d2b845b
2025-10-08 12:20:37.965 [main] INFO  Unidad1.ejemplo.FileNuevo - 30f42ba3a39e001015b2da57bac9e46b
2025-10-08 12:20:37.965 [main] INFO  Unidad1.ejemplo.FileNuevo - 90c22f438ca200101152860d73a4f125
2025-10-08 12:20:37.966 [main] INFO  Unidad1.ejemplo.FileNuevo - 5040f80d5ba3001014fe9a304d2b845b
2025-10-08 12:20:37.966 [main] INFO  Unidad1.ejemplo.FileNuevo - e0523f1188a200101152860d73a4f125
2025-10-08 12:20:37.966 [main] INFO  Unidad1.ejemplo.FileNuevo - e0b3f09488a200101152860d73a4f125
2025-10-08 12:20:37.966 [main] INFO  Unidad1.ejemplo.FileNuevo - 50b9cf7a2ea400101ad9cf4fbdd2aef3
2025-10-08 12:20:37.966 [main] INFO  Unidad1.ejemplo.FileNuevo - 30a456ecac9e001015b2da57bac9e46b
2025-10-08 12:20:37.966 [main] INFO  Unidad1.ejemplo.FileNuevo - d00d2e0eaf9e001015b2da57bac9e46b
2025-10-08 12:20:37.966 [main] INFO  Unidad1.ejemplo.FileNuevo - 90724766e79d00101231de45aae18b29
2025-10-08 12:20:37.966 [main] INFO  Unidad1.ejemplo.FileNuevo - 00351459ae9e001015b2da57bac9e46b
2025-10-08 12:20:37.966 [main] INFO  Unidad1.ejemplo.FileNuevo - f042bae6ae9e001015b2da57bac9e46b
2025-10-08 12:20:37.967 [main] INFO  Unidad1.ejemplo.FileNuevo - .location
2025-10-08 12:20:37.967 [main] INFO  Unidad1.ejemplo.FileNuevo - .markers.snap
2025-10-08 12:20:37.967 [main] INFO  Unidad1.ejemplo.FileNuevo - .syncinfo.snap
2025-10-08 12:20:37.967 [main] INFO  Unidad1.ejemplo.FileNuevo - .markers
2025-10-08 12:20:37.967 [main] INFO  Unidad1.ejemplo.FileNuevo - .markers.snap
2025-10-08 12:20:37.967 [main] INFO  Unidad1.ejemplo.FileNuevo - .syncinfo.snap
2025-10-08 12:20:37.967 [main] INFO  Unidad1.ejemplo.FileNuevo - state.dat
2025-10-08 12:20:37.968 [main] INFO  Unidad1.ejemplo.FileNuevo - history.index
2025-10-08 12:20:37.968 [main] INFO  Unidad1.ejemplo.FileNuevo - history.index
2025-10-08 12:20:37.968 [main] INFO  Unidad1.ejemplo.FileNuevo - history.index
2025-10-08 12:20:37.969 [main] INFO  Unidad1.ejemplo.FileNuevo - history.index
2025-10-08 12:20:37.969 [main] INFO  Unidad1.ejemplo.FileNuevo - history.index
2025-10-08 12:20:37.969 [main] INFO  Unidad1.ejemplo.FileNuevo - history.index
2025-10-08 12:20:37.969 [main] INFO  Unidad1.ejemplo.FileNuevo - history.index
2025-10-08 12:20:37.969 [main] INFO  Unidad1.ejemplo.FileNuevo - history.index
2025-10-08 12:20:37.969 [main] INFO  Unidad1.ejemplo.FileNuevo - properties.index
2025-10-08 12:20:37.969 [main] INFO  Unidad1.ejemplo.FileNuevo - .markers
2025-10-08 12:20:37.969 [main] INFO  Unidad1.ejemplo.FileNuevo - .markers.snap
2025-10-08 12:20:37.969 [main] INFO  Unidad1.ejemplo.FileNuevo - .syncinfo.snap
2025-10-08 12:20:37.969 [main] INFO  Unidad1.ejemplo.FileNuevo - GitProjectData.properties
2025-10-08 12:20:37.970 [main] INFO  Unidad1.ejemplo.FileNuevo - history.index
2025-10-08 12:20:37.970 [main] INFO  Unidad1.ejemplo.FileNuevo - properties.index
2025-10-08 12:20:37.970 [main] INFO  Unidad1.ejemplo.FileNuevo - .markers
2025-10-08 12:20:37.970 [main] INFO  Unidad1.ejemplo.FileNuevo - .markers.snap
2025-10-08 12:20:37.970 [main] INFO  Unidad1.ejemplo.FileNuevo - .syncinfo.snap
2025-10-08 12:20:37.970 [main] INFO  Unidad1.ejemplo.FileNuevo - GitProjectData.properties
2025-10-08 12:20:37.971 [main] INFO  Unidad1.ejemplo.FileNuevo - history.version
2025-10-08 12:20:37.971 [main] INFO  Unidad1.ejemplo.FileNuevo - properties.index
2025-10-08 12:20:37.971 [main] INFO  Unidad1.ejemplo.FileNuevo - properties.version
2025-10-08 12:20:37.971 [main] INFO  Unidad1.ejemplo.FileNuevo - .markers.snap
2025-10-08 12:20:37.971 [main] INFO  Unidad1.ejemplo.FileNuevo - 18.tree
2025-10-08 12:20:37.971 [main] INFO  Unidad1.ejemplo.FileNuevo - org.eclipse.core.resources
2025-10-08 12:20:37.971 [main] INFO  Unidad1.ejemplo.FileNuevo - 18.snap
2025-10-08 12:20:37.971 [main] INFO  Unidad1.ejemplo.FileNuevo - Docker.prefs
2025-10-08 12:20:37.971 [main] INFO  Unidad1.ejemplo.FileNuevo - org.eclipse.core.resources.prefs
2025-10-08 12:20:37.971 [main] INFO  Unidad1.ejemplo.FileNuevo - org.eclipse.core.variables.prefs
2025-10-08 12:20:37.971 [main] INFO  Unidad1.ejemplo.FileNuevo - org.eclipse.debug.ui.prefs
2025-10-08 12:20:37.971 [main] INFO  Unidad1.ejemplo.FileNuevo - org.eclipse.egit.core.prefs
2025-10-08 12:20:37.971 [main] INFO  Unidad1.ejemplo.FileNuevo - org.eclipse.jdt.core.prefs
2025-10-08 12:20:37.971 [main] INFO  Unidad1.ejemplo.FileNuevo - org.eclipse.jdt.debug.ui.prefs
2025-10-08 12:20:37.971 [main] INFO  Unidad1.ejemplo.FileNuevo - org.eclipse.jdt.junit.prefs
2025-10-08 12:20:37.971 [main] INFO  Unidad1.ejemplo.FileNuevo - org.eclipse.jdt.launching.prefs
2025-10-08 12:20:37.971 [main] INFO  Unidad1.ejemplo.FileNuevo - org.eclipse.jdt.ui.prefs
2025-10-08 12:20:37.972 [main] INFO  Unidad1.ejemplo.FileNuevo - org.eclipse.jsch.core.prefs
2025-10-08 12:20:37.972 [main] INFO  Unidad1.ejemplo.FileNuevo - org.eclipse.m2e.apt.prefs
2025-10-08 12:20:37.972 [main] INFO  Unidad1.ejemplo.FileNuevo - org.eclipse.m2e.core.prefs
2025-10-08 12:20:37.972 [main] INFO  Unidad1.ejemplo.FileNuevo - org.eclipse.m2e.discovery.prefs
2025-10-08 12:20:37.972 [main] INFO  Unidad1.ejemplo.FileNuevo - org.eclipse.mylyn.context.core.prefs
2025-10-08 12:20:37.972 [main] INFO  Unidad1.ejemplo.FileNuevo - org.eclipse.mylyn.monitor.ui.prefs
2025-10-08 12:20:37.972 [main] INFO  Unidad1.ejemplo.FileNuevo - org.eclipse.mylyn.tasks.ui.prefs
2025-10-08 12:20:37.972 [main] INFO  Unidad1.ejemplo.FileNuevo - org.eclipse.pde.api.tools.prefs
2025-10-08 12:20:37.972 [main] INFO  Unidad1.ejemplo.FileNuevo - org.eclipse.ui.ide.prefs
2025-10-08 12:20:37.972 [main] INFO  Unidad1.ejemplo.FileNuevo - org.eclipse.ui.workbench.prefs
2025-10-08 12:20:37.972 [main] INFO  Unidad1.ejemplo.FileNuevo - org.springframework.ide.eclipse.boot.dash.prefs
2025-10-08 12:20:37.972 [main] INFO  Unidad1.ejemplo.FileNuevo - org.springframework.ide.eclipse.boot.launch.prefs
2025-10-08 12:20:37.972 [main] INFO  Unidad1.ejemplo.FileNuevo - org.springframework.ide.eclipse.imports.prefs
2025-10-08 12:20:37.972 [main] INFO  Unidad1.ejemplo.FileNuevo - org.springsource.ide.eclipse.commons.ui.prefs
2025-10-08 12:20:37.972 [main] INFO  Unidad1.ejemplo.FileNuevo - Ejemplo.launch
2025-10-08 12:20:37.972 [main] INFO  Unidad1.ejemplo.FileNuevo - EjemploProcessBuilder.launch
2025-10-08 12:20:37.972 [main] INFO  Unidad1.ejemplo.FileNuevo - FileNuevo.launch
2025-10-08 12:20:37.972 [main] INFO  Unidad1.ejemplo.FileNuevo - LanzadorEjemplo.launch
2025-10-08 12:20:37.972 [main] INFO  Unidad1.ejemplo.FileNuevo - PruebaLog.launch
2025-10-08 12:20:37.972 [main] INFO  Unidad1.ejemplo.FileNuevo - StreamMain.launch
2025-10-08 12:20:37.973 [main] INFO  Unidad1.ejemplo.FileNuevo - dialog_settings.xml
2025-10-08 12:20:37.973 [main] INFO  Unidad1.ejemplo.FileNuevo - launchConfigurationHistory.xml
2025-10-08 12:20:37.973 [main] INFO  Unidad1.ejemplo.FileNuevo - workbench.xmi
2025-10-08 12:20:37.973 [main] INFO  Unidad1.ejemplo.FileNuevo - .project
2025-10-08 12:20:37.973 [main] INFO  Unidad1.ejemplo.FileNuevo - org.eclipse.core.resources.prefs
2025-10-08 12:20:37.973 [main] INFO  Unidad1.ejemplo.FileNuevo - 1283376873.index
2025-10-08 12:20:37.973 [main] INFO  Unidad1.ejemplo.FileNuevo - 1865797976.index
2025-10-08 12:20:37.973 [main] INFO  Unidad1.ejemplo.FileNuevo - 2012168914.index
2025-10-08 12:20:37.973 [main] INFO  Unidad1.ejemplo.FileNuevo - 3772730432.index
2025-10-08 12:20:37.973 [main] INFO  Unidad1.ejemplo.FileNuevo - 4055417802.index
2025-10-08 12:20:37.973 [main] INFO  Unidad1.ejemplo.FileNuevo - 533541389.index
2025-10-08 12:20:37.973 [main] INFO  Unidad1.ejemplo.FileNuevo - 920526549.index
2025-10-08 12:20:37.973 [main] INFO  Unidad1.ejemplo.FileNuevo - assumedExternalFilesCache
2025-10-08 12:20:37.973 [main] INFO  Unidad1.ejemplo.FileNuevo - externalFilesCache
2025-10-08 12:20:37.973 [main] INFO  Unidad1.ejemplo.FileNuevo - externalLibsTimeStamps
2025-10-08 12:20:37.973 [main] INFO  Unidad1.ejemplo.FileNuevo - indexNamesMap.txt
2025-10-08 12:20:37.974 [main] INFO  Unidad1.ejemplo.FileNuevo - javaLikeNames.txt
2025-10-08 12:20:37.974 [main] INFO  Unidad1.ejemplo.FileNuevo - nonChainingJarsCache
2025-10-08 12:20:37.974 [main] INFO  Unidad1.ejemplo.FileNuevo - savedIndexNames.txt
2025-10-08 12:20:37.974 [main] INFO  Unidad1.ejemplo.FileNuevo - variablesAndContainers.dat
2025-10-08 12:20:37.974 [main] INFO  Unidad1.ejemplo.FileNuevo - .install.xml
2025-10-08 12:20:37.974 [main] INFO  Unidad1.ejemplo.FileNuevo - libraryInfos.xml
2025-10-08 12:20:37.974 [main] INFO  Unidad1.ejemplo.FileNuevo - dialog_settings.xml
2025-10-08 12:20:37.974 [main] INFO  Unidad1.ejemplo.FileNuevo - 0.png
2025-10-08 12:20:37.974 [main] INFO  Unidad1.ejemplo.FileNuevo - 1.png
2025-10-08 12:20:37.974 [main] INFO  Unidad1.ejemplo.FileNuevo - 2.png
2025-10-08 12:20:37.974 [main] INFO  Unidad1.ejemplo.FileNuevo - 3.png
2025-10-08 12:20:37.974 [main] INFO  Unidad1.ejemplo.FileNuevo - 4.png
2025-10-08 12:20:37.974 [main] INFO  Unidad1.ejemplo.FileNuevo - OpenTypeHistory.xml
2025-10-08 12:20:37.974 [main] INFO  Unidad1.ejemplo.FileNuevo - QualifiedTypeNameHistory.xml
2025-10-08 12:20:37.975 [main] INFO  Unidad1.ejemplo.FileNuevo - refactorings.history
2025-10-08 12:20:37.975 [main] INFO  Unidad1.ejemplo.FileNuevo - refactorings.index
2025-10-08 12:20:37.975 [main] INFO  Unidad1.ejemplo.FileNuevo - refactorings.history
2025-10-08 12:20:37.975 [main] INFO  Unidad1.ejemplo.FileNuevo - refactorings.index
2025-10-08 12:20:37.977 [main] INFO  Unidad1.ejemplo.FileNuevo - refactorings.history
2025-10-08 12:20:37.977 [main] INFO  Unidad1.ejemplo.FileNuevo - refactorings.index
2025-10-08 12:20:37.977 [main] INFO  Unidad1.ejemplo.FileNuevo - refactorings.history
2025-10-08 12:20:37.977 [main] INFO  Unidad1.ejemplo.FileNuevo - refactorings.index
2025-10-08 12:20:37.977 [main] INFO  Unidad1.ejemplo.FileNuevo - dialog_settings.xml
2025-10-08 12:20:37.977 [main] INFO  Unidad1.ejemplo.FileNuevo - AccesoADatosMaven.lifecyclemapping
2025-10-08 12:20:37.977 [main] INFO  Unidad1.ejemplo.FileNuevo - archetypesInfo.xml
2025-10-08 12:20:37.977 [main] INFO  Unidad1.ejemplo.FileNuevo - PSP.lifecyclemapping
2025-10-08 12:20:37.977 [main] INFO  Unidad1.ejemplo.FileNuevo - workspacestate.properties
2025-10-08 12:20:37.977 [main] INFO  Unidad1.ejemplo.FileNuevo - workspaceState.ser
2025-10-08 12:20:37.977 [main] INFO  Unidad1.ejemplo.FileNuevo - dialog_settings.xml
2025-10-08 12:20:37.978 [main] INFO  Unidad1.ejemplo.FileNuevo - AccesoADatosMaven.container
2025-10-08 12:20:37.978 [main] INFO  Unidad1.ejemplo.FileNuevo - PSP.container
2025-10-08 12:20:37.978 [main] INFO  Unidad1.ejemplo.FileNuevo - 0.log
2025-10-08 12:20:37.978 [main] INFO  Unidad1.ejemplo.FileNuevo - logback.2.7.100.20250418-1315.xml
2025-10-08 12:20:37.978 [main] INFO  Unidad1.ejemplo.FileNuevo - clean-cache.properties
2025-10-08 12:20:37.979 [main] INFO  Unidad1.ejemplo.FileNuevo - manifest.json
2025-10-08 12:20:37.979 [main] INFO  Unidad1.ejemplo.FileNuevo - protocols.json
2025-10-08 12:20:37.979 [main] INFO  Unidad1.ejemplo.FileNuevo - BrowserMetrics-spare.pma
2025-10-08 12:20:37.979 [main] INFO  Unidad1.ejemplo.FileNuevo - crl-set
2025-10-08 12:20:37.979 [main] INFO  Unidad1.ejemplo.FileNuevo - manifest.json
2025-10-08 12:20:37.979 [main] INFO  Unidad1.ejemplo.FileNuevo - 000ac7dc9366969db9d1e41810a3a27c747a7623535d856eecc2de86cfed80c7
2025-10-08 12:20:37.979 [main] INFO  Unidad1.ejemplo.FileNuevo - 00af3f07b5abb71f6d30337e1eef62fa280f06ef19485c0cf6b72171f92ccc0a
2025-10-08 12:20:37.979 [main] INFO  Unidad1.ejemplo.FileNuevo - 4b81b4df3ad971287e1ae02c449344fcfa5d20431de17b2ba8854cc9cdce4089
2025-10-08 12:20:37.979 [main] INFO  Unidad1.ejemplo.FileNuevo - 89f43cb3df807293de2772d5f01ac2fc1482b38ccc8fdaee859b80642b7a0487
2025-10-08 12:20:37.980 [main] INFO  Unidad1.ejemplo.FileNuevo - 95fd9d48e4fc245a3f3a99a3a16ecd1355050ba3f4afc555f19a97c7f9b49677
2025-10-08 12:20:37.980 [main] INFO  Unidad1.ejemplo.FileNuevo - a81d1959892ae4180554347df1b97834abba2e1a5e6b9aeba000ecea26eabecc
2025-10-08 12:20:37.980 [main] INFO  Unidad1.ejemplo.FileNuevo - b987bdc4f2ad2a409b964921d4a5db1cdbe07f9c98f868293b4cc32acdc42cec
2025-10-08 12:20:37.980 [main] INFO  Unidad1.ejemplo.FileNuevo - bcb93cba8636743d1fbd32be3bd8ce8ff602323895bf4d136c26b9bc64b0a6a4
2025-10-08 12:20:37.980 [main] INFO  Unidad1.ejemplo.FileNuevo - fa29a6d5775ff340900a65b39b02fc8b4b77d403c048d8debf22f2f5d09c61a0
2025-10-08 12:20:37.980 [main] INFO  Unidad1.ejemplo.FileNuevo - fbb2c0f4fad3b34b3ac7116d98f83638cf6f55a47992026a7abf944a759aa0ea
2025-10-08 12:20:37.980 [main] INFO  Unidad1.ejemplo.FileNuevo - ff87fddb54d7bdc8ab8c2697bc92337c914803fb22cd32e445389e8042159ce9
2025-10-08 12:20:37.980 [main] INFO  Unidad1.ejemplo.FileNuevo - metadata.json
2025-10-08 12:20:37.980 [main] INFO  Unidad1.ejemplo.FileNuevo - metadata
2025-10-08 12:20:37.980 [main] INFO  Unidad1.ejemplo.FileNuevo - settings.dat
2025-10-08 12:20:37.980 [main] INFO  Unidad1.ejemplo.FileNuevo - throttle_store.dat
2025-10-08 12:20:37.980 [main] INFO  Unidad1.ejemplo.FileNuevo - LOCK
2025-10-08 12:20:37.980 [main] INFO  Unidad1.ejemplo.FileNuevo - LOG
2025-10-08 12:20:37.980 [main] INFO  Unidad1.ejemplo.FileNuevo - LOG.old
2025-10-08 12:20:37.980 [main] INFO  Unidad1.ejemplo.FileNuevo - LOCK
2025-10-08 12:20:37.980 [main] INFO  Unidad1.ejemplo.FileNuevo - LOG
2025-10-08 12:20:37.980 [main] INFO  Unidad1.ejemplo.FileNuevo - LOG.old
2025-10-08 12:20:37.981 [main] INFO  Unidad1.ejemplo.FileNuevo - BookmarkMergedSurfaceOrdering
2025-10-08 12:20:37.981 [main] INFO  Unidad1.ejemplo.FileNuevo - BrowsingTopicsSiteData
2025-10-08 12:20:37.981 [main] INFO  Unidad1.ejemplo.FileNuevo - BrowsingTopicsSiteData-journal
2025-10-08 12:20:37.981 [main] INFO  Unidad1.ejemplo.FileNuevo - BrowsingTopicsState
2025-10-08 12:20:37.981 [main] INFO  Unidad1.ejemplo.FileNuevo - LOCK
2025-10-08 12:20:37.981 [main] INFO  Unidad1.ejemplo.FileNuevo - LOG
2025-10-08 12:20:37.981 [main] INFO  Unidad1.ejemplo.FileNuevo - LOG.old
2025-10-08 12:20:37.981 [main] INFO  Unidad1.ejemplo.FileNuevo - LOCK
2025-10-08 12:20:37.981 [main] INFO  Unidad1.ejemplo.FileNuevo - LOG
2025-10-08 12:20:37.981 [main] INFO  Unidad1.ejemplo.FileNuevo - LOG.old
2025-10-08 12:20:37.981 [main] INFO  Unidad1.ejemplo.FileNuevo - index
2025-10-08 12:20:37.982 [main] INFO  Unidad1.ejemplo.FileNuevo - the-real-index
2025-10-08 12:20:37.982 [main] INFO  Unidad1.ejemplo.FileNuevo - index
2025-10-08 12:20:37.982 [main] INFO  Unidad1.ejemplo.FileNuevo - the-real-index
2025-10-08 12:20:37.982 [main] INFO  Unidad1.ejemplo.FileNuevo - LOCK
2025-10-08 12:20:37.982 [main] INFO  Unidad1.ejemplo.FileNuevo - LOG
2025-10-08 12:20:37.982 [main] INFO  Unidad1.ejemplo.FileNuevo - LOG.old
2025-10-08 12:20:37.982 [main] INFO  Unidad1.ejemplo.FileNuevo - DashTrackerDatabase
2025-10-08 12:20:37.982 [main] INFO  Unidad1.ejemplo.FileNuevo - DashTrackerDatabase-journal
2025-10-08 12:20:37.982 [main] INFO  Unidad1.ejemplo.FileNuevo - data_0
2025-10-08 12:20:37.982 [main] INFO  Unidad1.ejemplo.FileNuevo - data_1
2025-10-08 12:20:37.982 [main] INFO  Unidad1.ejemplo.FileNuevo - data_2
2025-10-08 12:20:37.982 [main] INFO  Unidad1.ejemplo.FileNuevo - data_3
2025-10-08 12:20:37.982 [main] INFO  Unidad1.ejemplo.FileNuevo - index
2025-10-08 12:20:37.982 [main] INFO  Unidad1.ejemplo.FileNuevo - data_0
2025-10-08 12:20:37.983 [main] INFO  Unidad1.ejemplo.FileNuevo - data_1
2025-10-08 12:20:37.983 [main] INFO  Unidad1.ejemplo.FileNuevo - data_2
2025-10-08 12:20:37.983 [main] INFO  Unidad1.ejemplo.FileNuevo - data_3
2025-10-08 12:20:37.983 [main] INFO  Unidad1.ejemplo.FileNuevo - index
2025-10-08 12:20:37.983 [main] INFO  Unidad1.ejemplo.FileNuevo - DIPS
2025-10-08 12:20:37.983 [main] INFO  Unidad1.ejemplo.FileNuevo - DIPS-wal
2025-10-08 12:20:37.983 [main] INFO  Unidad1.ejemplo.FileNuevo - LOCK
2025-10-08 12:20:37.983 [main] INFO  Unidad1.ejemplo.FileNuevo - LOG
2025-10-08 12:20:37.983 [main] INFO  Unidad1.ejemplo.FileNuevo - LOG.old
2025-10-08 12:20:37.983 [main] INFO  Unidad1.ejemplo.FileNuevo - LOCK
2025-10-08 12:20:37.983 [main] INFO  Unidad1.ejemplo.FileNuevo - LOG
2025-10-08 12:20:37.983 [main] INFO  Unidad1.ejemplo.FileNuevo - LOG.old
2025-10-08 12:20:37.983 [main] INFO  Unidad1.ejemplo.FileNuevo - LOCK
2025-10-08 12:20:37.983 [main] INFO  Unidad1.ejemplo.FileNuevo - LOG
2025-10-08 12:20:37.983 [main] INFO  Unidad1.ejemplo.FileNuevo - LOG.old
2025-10-08 12:20:37.983 [main] INFO  Unidad1.ejemplo.FileNuevo - EdgeEDropSQLite.db
2025-10-08 12:20:37.983 [main] INFO  Unidad1.ejemplo.FileNuevo - EdgeEDropSQLite.db-journal
2025-10-08 12:20:37.984 [main] INFO  Unidad1.ejemplo.FileNuevo - 000003.log
2025-10-08 12:20:37.984 [main] INFO  Unidad1.ejemplo.FileNuevo - CURRENT
2025-10-08 12:20:37.984 [main] INFO  Unidad1.ejemplo.FileNuevo - LOCK
2025-10-08 12:20:37.984 [main] INFO  Unidad1.ejemplo.FileNuevo - LOG
2025-10-08 12:20:37.984 [main] INFO  Unidad1.ejemplo.FileNuevo - MANIFEST-000001
2025-10-08 12:20:37.984 [main] INFO  Unidad1.ejemplo.FileNuevo - 000003.log
2025-10-08 12:20:37.984 [main] INFO  Unidad1.ejemplo.FileNuevo - CURRENT
2025-10-08 12:20:37.984 [main] INFO  Unidad1.ejemplo.FileNuevo - LOCK
2025-10-08 12:20:37.984 [main] INFO  Unidad1.ejemplo.FileNuevo - LOG
2025-10-08 12:20:37.984 [main] INFO  Unidad1.ejemplo.FileNuevo - MANIFEST-000001
2025-10-08 12:20:37.984 [main] INFO  Unidad1.ejemplo.FileNuevo - 000003.log
2025-10-08 12:20:37.984 [main] INFO  Unidad1.ejemplo.FileNuevo - CURRENT
2025-10-08 12:20:37.984 [main] INFO  Unidad1.ejemplo.FileNuevo - LOCK
2025-10-08 12:20:37.984 [main] INFO  Unidad1.ejemplo.FileNuevo - LOG
2025-10-08 12:20:37.984 [main] INFO  Unidad1.ejemplo.FileNuevo - LOG.old
2025-10-08 12:20:37.984 [main] INFO  Unidad1.ejemplo.FileNuevo - MANIFEST-000001
2025-10-08 12:20:37.984 [main] INFO  Unidad1.ejemplo.FileNuevo - ExtensionActivityComp
2025-10-08 12:20:37.984 [main] INFO  Unidad1.ejemplo.FileNuevo - ExtensionActivityComp-journal
2025-10-08 12:20:37.984 [main] INFO  Unidad1.ejemplo.FileNuevo - ExtensionActivityEdge
2025-10-08 12:20:37.985 [main] INFO  Unidad1.ejemplo.FileNuevo - ExtensionActivityEdge-journal
2025-10-08 12:20:37.985 [main] INFO  Unidad1.ejemplo.FileNuevo - Favicons
2025-10-08 12:20:37.985 [main] INFO  Unidad1.ejemplo.FileNuevo - Favicons-journal
2025-10-08 12:20:37.985 [main] INFO  Unidad1.ejemplo.FileNuevo - favorites_diagnostic.log
2025-10-08 12:20:37.985 [main] INFO  Unidad1.ejemplo.FileNuevo - LOCK
2025-10-08 12:20:37.985 [main] INFO  Unidad1.ejemplo.FileNuevo - LOG
2025-10-08 12:20:37.985 [main] INFO  Unidad1.ejemplo.FileNuevo - LOG.old
2025-10-08 12:20:37.985 [main] INFO  Unidad1.ejemplo.FileNuevo - LOCK
2025-10-08 12:20:37.985 [main] INFO  Unidad1.ejemplo.FileNuevo - LOG
2025-10-08 12:20:37.985 [main] INFO  Unidad1.ejemplo.FileNuevo - LOG.old
2025-10-08 12:20:37.985 [main] INFO  Unidad1.ejemplo.FileNuevo - data_0
2025-10-08 12:20:37.985 [main] INFO  Unidad1.ejemplo.FileNuevo - data_1
2025-10-08 12:20:37.985 [main] INFO  Unidad1.ejemplo.FileNuevo - data_2
2025-10-08 12:20:37.985 [main] INFO  Unidad1.ejemplo.FileNuevo - data_3
2025-10-08 12:20:37.985 [main] INFO  Unidad1.ejemplo.FileNuevo - index
2025-10-08 12:20:37.985 [main] INFO  Unidad1.ejemplo.FileNuevo - heavy_ad_intervention_opt_out.db
2025-10-08 12:20:37.985 [main] INFO  Unidad1.ejemplo.FileNuevo - heavy_ad_intervention_opt_out.db-journal
2025-10-08 12:20:37.985 [main] INFO  Unidad1.ejemplo.FileNuevo - History
2025-10-08 12:20:37.985 [main] INFO  Unidad1.ejemplo.FileNuevo - History-journal
2025-10-08 12:20:37.986 [main] INFO  Unidad1.ejemplo.FileNuevo - 000003.log
2025-10-08 12:20:37.986 [main] INFO  Unidad1.ejemplo.FileNuevo - CURRENT
2025-10-08 12:20:37.986 [main] INFO  Unidad1.ejemplo.FileNuevo - LOCK
2025-10-08 12:20:37.986 [main] INFO  Unidad1.ejemplo.FileNuevo - LOG
2025-10-08 12:20:37.986 [main] INFO  Unidad1.ejemplo.FileNuevo - LOG.old
2025-10-08 12:20:37.986 [main] INFO  Unidad1.ejemplo.FileNuevo - MANIFEST-000001
2025-10-08 12:20:37.986 [main] INFO  Unidad1.ejemplo.FileNuevo - LOCK
2025-10-08 12:20:37.986 [main] INFO  Unidad1.ejemplo.FileNuevo - LOG
2025-10-08 12:20:37.986 [main] INFO  Unidad1.ejemplo.FileNuevo - LOG.old
2025-10-08 12:20:37.986 [main] INFO  Unidad1.ejemplo.FileNuevo - Login Data
2025-10-08 12:20:37.986 [main] INFO  Unidad1.ejemplo.FileNuevo - Login Data For Account
2025-10-08 12:20:37.986 [main] INFO  Unidad1.ejemplo.FileNuevo - Login Data For Account-journal
2025-10-08 12:20:37.986 [main] INFO  Unidad1.ejemplo.FileNuevo - Login Data-journal
2025-10-08 12:20:37.986 [main] INFO  Unidad1.ejemplo.FileNuevo - Cookies
2025-10-08 12:20:37.986 [main] INFO  Unidad1.ejemplo.FileNuevo - Cookies-journal
2025-10-08 12:20:37.986 [main] INFO  Unidad1.ejemplo.FileNuevo - Network Persistent State
2025-10-08 12:20:37.986 [main] INFO  Unidad1.ejemplo.FileNuevo - NetworkDataMigrated
2025-10-08 12:20:37.986 [main] INFO  Unidad1.ejemplo.FileNuevo - Reporting and NEL
2025-10-08 12:20:37.986 [main] INFO  Unidad1.ejemplo.FileNuevo - Reporting and NEL-journal
2025-10-08 12:20:37.986 [main] INFO  Unidad1.ejemplo.FileNuevo - SCT Auditing Pending Reports
2025-10-08 12:20:37.987 [main] INFO  Unidad1.ejemplo.FileNuevo - Sdch Dictionaries
2025-10-08 12:20:37.987 [main] INFO  Unidad1.ejemplo.FileNuevo - Trust Tokens
2025-10-08 12:20:37.987 [main] INFO  Unidad1.ejemplo.FileNuevo - Trust Tokens-journal
2025-10-08 12:20:37.987 [main] INFO  Unidad1.ejemplo.FileNuevo - Network Action Predictor
2025-10-08 12:20:37.987 [main] INFO  Unidad1.ejemplo.FileNuevo - Network Action Predictor-journal
2025-10-08 12:20:37.987 [main] INFO  Unidad1.ejemplo.FileNuevo - LOCK
2025-10-08 12:20:37.987 [main] INFO  Unidad1.ejemplo.FileNuevo - LOG
2025-10-08 12:20:37.987 [main] INFO  Unidad1.ejemplo.FileNuevo - LOG.old
2025-10-08 12:20:37.987 [main] INFO  Unidad1.ejemplo.FileNuevo - LOCK
2025-10-08 12:20:37.987 [main] INFO  Unidad1.ejemplo.FileNuevo - LOG
2025-10-08 12:20:37.987 [main] INFO  Unidad1.ejemplo.FileNuevo - LOG.old
2025-10-08 12:20:37.987 [main] INFO  Unidad1.ejemplo.FileNuevo - LOCK
2025-10-08 12:20:37.987 [main] INFO  Unidad1.ejemplo.FileNuevo - LOG
2025-10-08 12:20:37.987 [main] INFO  Unidad1.ejemplo.FileNuevo - LOG.old
2025-10-08 12:20:37.987 [main] INFO  Unidad1.ejemplo.FileNuevo - Preferences
2025-10-08 12:20:37.987 [main] INFO  Unidad1.ejemplo.FileNuevo - PreferredApps
2025-10-08 12:20:37.987 [main] INFO  Unidad1.ejemplo.FileNuevo - README
2025-10-08 12:20:37.987 [main] INFO  Unidad1.ejemplo.FileNuevo - NetworkDataMigrated
2025-10-08 12:20:37.987 [main] INFO  Unidad1.ejemplo.FileNuevo - Safe Browsing Cookies
2025-10-08 12:20:37.987 [main] INFO  Unidad1.ejemplo.FileNuevo - Safe Browsing Cookies-journal
2025-10-08 12:20:37.987 [main] INFO  Unidad1.ejemplo.FileNuevo - Secure Preferences
2025-10-08 12:20:37.987 [main] INFO  Unidad1.ejemplo.FileNuevo - ServerCertificate
2025-10-08 12:20:37.988 [main] INFO  Unidad1.ejemplo.FileNuevo - ServerCertificate-journal
2025-10-08 12:20:37.988 [main] INFO  Unidad1.ejemplo.FileNuevo - 000003.log
2025-10-08 12:20:37.988 [main] INFO  Unidad1.ejemplo.FileNuevo - CURRENT
2025-10-08 12:20:37.988 [main] INFO  Unidad1.ejemplo.FileNuevo - LOCK
2025-10-08 12:20:37.988 [main] INFO  Unidad1.ejemplo.FileNuevo - LOG
2025-10-08 12:20:37.988 [main] INFO  Unidad1.ejemplo.FileNuevo - LOG.old
2025-10-08 12:20:37.988 [main] INFO  Unidad1.ejemplo.FileNuevo - MANIFEST-000001
2025-10-08 12:20:37.988 [main] INFO  Unidad1.ejemplo.FileNuevo - index
2025-10-08 12:20:37.988 [main] INFO  Unidad1.ejemplo.FileNuevo - the-real-index
2025-10-08 12:20:37.988 [main] INFO  Unidad1.ejemplo.FileNuevo - db
2025-10-08 12:20:37.988 [main] INFO  Unidad1.ejemplo.FileNuevo - db-journal
2025-10-08 12:20:37.988 [main] INFO  Unidad1.ejemplo.FileNuevo - SharedStorage
2025-10-08 12:20:37.988 [main] INFO  Unidad1.ejemplo.FileNuevo - SharedStorage-wal
2025-10-08 12:20:37.989 [main] INFO  Unidad1.ejemplo.FileNuevo - 000003.log
2025-10-08 12:20:37.989 [main] INFO  Unidad1.ejemplo.FileNuevo - CURRENT
2025-10-08 12:20:37.989 [main] INFO  Unidad1.ejemplo.FileNuevo - LOCK
2025-10-08 12:20:37.989 [main] INFO  Unidad1.ejemplo.FileNuevo - LOG
2025-10-08 12:20:37.989 [main] INFO  Unidad1.ejemplo.FileNuevo - LOG.old
2025-10-08 12:20:37.989 [main] INFO  Unidad1.ejemplo.FileNuevo - MANIFEST-000001
2025-10-08 12:20:37.989 [main] INFO  Unidad1.ejemplo.FileNuevo - 000003.log
2025-10-08 12:20:37.989 [main] INFO  Unidad1.ejemplo.FileNuevo - CURRENT
2025-10-08 12:20:37.989 [main] INFO  Unidad1.ejemplo.FileNuevo - LOCK
2025-10-08 12:20:37.989 [main] INFO  Unidad1.ejemplo.FileNuevo - LOG
2025-10-08 12:20:37.989 [main] INFO  Unidad1.ejemplo.FileNuevo - LOG.old
2025-10-08 12:20:37.989 [main] INFO  Unidad1.ejemplo.FileNuevo - MANIFEST-000001
2025-10-08 12:20:37.989 [main] INFO  Unidad1.ejemplo.FileNuevo - 000003.log
2025-10-08 12:20:37.989 [main] INFO  Unidad1.ejemplo.FileNuevo - CURRENT
2025-10-08 12:20:37.989 [main] INFO  Unidad1.ejemplo.FileNuevo - LOCK
2025-10-08 12:20:37.989 [main] INFO  Unidad1.ejemplo.FileNuevo - LOG
2025-10-08 12:20:37.989 [main] INFO  Unidad1.ejemplo.FileNuevo - LOG.old
2025-10-08 12:20:37.989 [main] INFO  Unidad1.ejemplo.FileNuevo - MANIFEST-000001
2025-10-08 12:20:37.989 [main] INFO  Unidad1.ejemplo.FileNuevo - 000003.log
2025-10-08 12:20:37.989 [main] INFO  Unidad1.ejemplo.FileNuevo - CURRENT
2025-10-08 12:20:37.989 [main] INFO  Unidad1.ejemplo.FileNuevo - LOCK
2025-10-08 12:20:37.989 [main] INFO  Unidad1.ejemplo.FileNuevo - LOG
2025-10-08 12:20:37.989 [main] INFO  Unidad1.ejemplo.FileNuevo - LOG.old
2025-10-08 12:20:37.989 [main] INFO  Unidad1.ejemplo.FileNuevo - MANIFEST-000001
2025-10-08 12:20:37.989 [main] INFO  Unidad1.ejemplo.FileNuevo - Top Sites
2025-10-08 12:20:37.989 [main] INFO  Unidad1.ejemplo.FileNuevo - Top Sites-journal
2025-10-08 12:20:37.989 [main] INFO  Unidad1.ejemplo.FileNuevo - Vpn Tokens
2025-10-08 12:20:37.989 [main] INFO  Unidad1.ejemplo.FileNuevo - Vpn Tokens-journal
2025-10-08 12:20:37.989 [main] INFO  Unidad1.ejemplo.FileNuevo - Web Data
2025-10-08 12:20:37.989 [main] INFO  Unidad1.ejemplo.FileNuevo - Web Data-journal
2025-10-08 12:20:37.990 [main] INFO  Unidad1.ejemplo.FileNuevo - domain_actions.dll
2025-10-08 12:20:37.990 [main] INFO  Unidad1.ejemplo.FileNuevo - manifest.json
2025-10-08 12:20:37.990 [main] INFO  Unidad1.ejemplo.FileNuevo - metadata.json
2025-10-08 12:20:37.990 [main] INFO  Unidad1.ejemplo.FileNuevo - data_0
2025-10-08 12:20:37.990 [main] INFO  Unidad1.ejemplo.FileNuevo - data_1
2025-10-08 12:20:37.990 [main] INFO  Unidad1.ejemplo.FileNuevo - data_2
2025-10-08 12:20:37.990 [main] INFO  Unidad1.ejemplo.FileNuevo - data_3
2025-10-08 12:20:37.990 [main] INFO  Unidad1.ejemplo.FileNuevo - index
2025-10-08 12:20:37.990 [main] INFO  Unidad1.ejemplo.FileNuevo - data_0
2025-10-08 12:20:37.990 [main] INFO  Unidad1.ejemplo.FileNuevo - data_1
2025-10-08 12:20:37.990 [main] INFO  Unidad1.ejemplo.FileNuevo - data_2
2025-10-08 12:20:37.990 [main] INFO  Unidad1.ejemplo.FileNuevo - data_3
2025-10-08 12:20:37.990 [main] INFO  Unidad1.ejemplo.FileNuevo - index
2025-10-08 12:20:37.991 [main] INFO  Unidad1.ejemplo.FileNuevo - hyph-af.hyb
2025-10-08 12:20:37.991 [main] INFO  Unidad1.ejemplo.FileNuevo - hyph-as.hyb
2025-10-08 12:20:37.991 [main] INFO  Unidad1.ejemplo.FileNuevo - hyph-be.hyb
2025-10-08 12:20:37.991 [main] INFO  Unidad1.ejemplo.FileNuevo - hyph-bg.hyb
2025-10-08 12:20:37.991 [main] INFO  Unidad1.ejemplo.FileNuevo - hyph-bn.hyb
2025-10-08 12:20:37.991 [main] INFO  Unidad1.ejemplo.FileNuevo - hyph-cs.hyb
2025-10-08 12:20:37.991 [main] INFO  Unidad1.ejemplo.FileNuevo - hyph-cu.hyb
2025-10-08 12:20:37.991 [main] INFO  Unidad1.ejemplo.FileNuevo - hyph-cy.hyb
2025-10-08 12:20:37.991 [main] INFO  Unidad1.ejemplo.FileNuevo - hyph-da.hyb
2025-10-08 12:20:37.991 [main] INFO  Unidad1.ejemplo.FileNuevo - hyph-de-1901.hyb
2025-10-08 12:20:37.991 [main] INFO  Unidad1.ejemplo.FileNuevo - hyph-de-1996.hyb
2025-10-08 12:20:37.991 [main] INFO  Unidad1.ejemplo.FileNuevo - hyph-de-ch-1901.hyb
2025-10-08 12:20:37.991 [main] INFO  Unidad1.ejemplo.FileNuevo - hyph-el.hyb
2025-10-08 12:20:37.991 [main] INFO  Unidad1.ejemplo.FileNuevo - hyph-en-gb.hyb
2025-10-08 12:20:37.991 [main] INFO  Unidad1.ejemplo.FileNuevo - hyph-en-us.hyb
2025-10-08 12:20:37.991 [main] INFO  Unidad1.ejemplo.FileNuevo - hyph-es.hyb
2025-10-08 12:20:37.991 [main] INFO  Unidad1.ejemplo.FileNuevo - hyph-et.hyb
2025-10-08 12:20:37.991 [main] INFO  Unidad1.ejemplo.FileNuevo - hyph-eu.hyb
2025-10-08 12:20:37.991 [main] INFO  Unidad1.ejemplo.FileNuevo - hyph-fr.hyb
2025-10-08 12:20:37.991 [main] INFO  Unidad1.ejemplo.FileNuevo - hyph-ga.hyb
2025-10-08 12:20:37.991 [main] INFO  Unidad1.ejemplo.FileNuevo - hyph-gl.hyb
2025-10-08 12:20:37.991 [main] INFO  Unidad1.ejemplo.FileNuevo - hyph-gu.hyb
2025-10-08 12:20:37.991 [main] INFO  Unidad1.ejemplo.FileNuevo - hyph-hi.hyb
2025-10-08 12:20:37.991 [main] INFO  Unidad1.ejemplo.FileNuevo - hyph-hr.hyb
2025-10-08 12:20:37.991 [main] INFO  Unidad1.ejemplo.FileNuevo - hyph-hu.hyb
2025-10-08 12:20:37.991 [main] INFO  Unidad1.ejemplo.FileNuevo - hyph-hy.hyb
2025-10-08 12:20:37.991 [main] INFO  Unidad1.ejemplo.FileNuevo - hyph-it.hyb
2025-10-08 12:20:37.991 [main] INFO  Unidad1.ejemplo.FileNuevo - hyph-ka.hyb
2025-10-08 12:20:37.991 [main] INFO  Unidad1.ejemplo.FileNuevo - hyph-kn.hyb
2025-10-08 12:20:37.991 [main] INFO  Unidad1.ejemplo.FileNuevo - hyph-la.hyb
2025-10-08 12:20:37.991 [main] INFO  Unidad1.ejemplo.FileNuevo - hyph-lt.hyb
2025-10-08 12:20:37.991 [main] INFO  Unidad1.ejemplo.FileNuevo - hyph-lv.hyb
2025-10-08 12:20:37.992 [main] INFO  Unidad1.ejemplo.FileNuevo - hyph-ml.hyb
2025-10-08 12:20:37.992 [main] INFO  Unidad1.ejemplo.FileNuevo - hyph-mn-cyrl.hyb
2025-10-08 12:20:37.992 [main] INFO  Unidad1.ejemplo.FileNuevo - hyph-mr.hyb
2025-10-08 12:20:37.992 [main] INFO  Unidad1.ejemplo.FileNuevo - hyph-mul-ethi.hyb
2025-10-08 12:20:37.992 [main] INFO  Unidad1.ejemplo.FileNuevo - hyph-nb.hyb
2025-10-08 12:20:37.993 [main] INFO  Unidad1.ejemplo.FileNuevo - hyph-nl.hyb
2025-10-08 12:20:37.993 [main] INFO  Unidad1.ejemplo.FileNuevo - hyph-nn.hyb
2025-10-08 12:20:37.993 [main] INFO  Unidad1.ejemplo.FileNuevo - hyph-or.hyb
2025-10-08 12:20:37.993 [main] INFO  Unidad1.ejemplo.FileNuevo - hyph-pa.hyb
2025-10-08 12:20:37.993 [main] INFO  Unidad1.ejemplo.FileNuevo - hyph-pt.hyb
2025-10-08 12:20:37.993 [main] INFO  Unidad1.ejemplo.FileNuevo - hyph-ru.hyb
2025-10-08 12:20:37.993 [main] INFO  Unidad1.ejemplo.FileNuevo - hyph-sk.hyb
2025-10-08 12:20:37.993 [main] INFO  Unidad1.ejemplo.FileNuevo - hyph-sl.hyb
2025-10-08 12:20:37.993 [main] INFO  Unidad1.ejemplo.FileNuevo - hyph-sq.hyb
2025-10-08 12:20:37.993 [main] INFO  Unidad1.ejemplo.FileNuevo - hyph-sv.hyb
2025-10-08 12:20:37.993 [main] INFO  Unidad1.ejemplo.FileNuevo - hyph-ta.hyb
2025-10-08 12:20:37.993 [main] INFO  Unidad1.ejemplo.FileNuevo - hyph-te.hyb
2025-10-08 12:20:37.993 [main] INFO  Unidad1.ejemplo.FileNuevo - hyph-tk.hyb
2025-10-08 12:20:37.993 [main] INFO  Unidad1.ejemplo.FileNuevo - hyph-uk.hyb
2025-10-08 12:20:37.993 [main] INFO  Unidad1.ejemplo.FileNuevo - hyph-und-ethi.hyb
2025-10-08 12:20:37.993 [main] INFO  Unidad1.ejemplo.FileNuevo - manifest.json
2025-10-08 12:20:37.993 [main] INFO  Unidad1.ejemplo.FileNuevo - verified_contents.json
2025-10-08 12:20:37.993 [main] INFO  Unidad1.ejemplo.FileNuevo - Last Version
2025-10-08 12:20:37.993 [main] INFO  Unidad1.ejemplo.FileNuevo - Local State
2025-10-08 12:20:37.993 [main] INFO  Unidad1.ejemplo.FileNuevo - lockfile
2025-10-08 12:20:37.993 [main] INFO  Unidad1.ejemplo.FileNuevo - manifest.json
2025-10-08 12:20:37.993 [main] INFO  Unidad1.ejemplo.FileNuevo - crs.pb
2025-10-08 12:20:37.993 [main] INFO  Unidad1.ejemplo.FileNuevo - ct_config.pb
2025-10-08 12:20:37.994 [main] INFO  Unidad1.ejemplo.FileNuevo - kp_pinslist.pb
2025-10-08 12:20:37.994 [main] INFO  Unidad1.ejemplo.FileNuevo - manifest.json
2025-10-08 12:20:37.994 [main] INFO  Unidad1.ejemplo.FileNuevo - RevisitationBloomfilter
2025-10-08 12:20:37.994 [main] INFO  Unidad1.ejemplo.FileNuevo - data_0
2025-10-08 12:20:37.994 [main] INFO  Unidad1.ejemplo.FileNuevo - data_1
2025-10-08 12:20:37.994 [main] INFO  Unidad1.ejemplo.FileNuevo - data_2
2025-10-08 12:20:37.994 [main] INFO  Unidad1.ejemplo.FileNuevo - data_3
2025-10-08 12:20:37.994 [main] INFO  Unidad1.ejemplo.FileNuevo - index
2025-10-08 12:20:37.994 [main] INFO  Unidad1.ejemplo.FileNuevo - customSettings
2025-10-08 12:20:37.994 [main] INFO  Unidad1.ejemplo.FileNuevo - customSettings_F95BA787499AB4FA9EFFF472CE383A14
2025-10-08 12:20:37.994 [main] INFO  Unidad1.ejemplo.FileNuevo - edgeSettings
2025-10-08 12:20:37.994 [main] INFO  Unidad1.ejemplo.FileNuevo - edgeSettings_2.0-0
2025-10-08 12:20:37.994 [main] INFO  Unidad1.ejemplo.FileNuevo - topTraffic
2025-10-08 12:20:37.994 [main] INFO  Unidad1.ejemplo.FileNuevo - topTraffic_170540185939602997400506234197983529371
2025-10-08 12:20:37.995 [main] INFO  Unidad1.ejemplo.FileNuevo - manifest.json
2025-10-08 12:20:37.995 [main] INFO  Unidad1.ejemplo.FileNuevo - Microsoft.CognitiveServices.Speech.core.dll
2025-10-08 12:20:37.995 [main] INFO  Unidad1.ejemplo.FileNuevo - LICENSE
2025-10-08 12:20:37.995 [main] INFO  Unidad1.ejemplo.FileNuevo - Ruleset Data
2025-10-08 12:20:37.995 [main] INFO  Unidad1.ejemplo.FileNuevo - adblock_snippet.js
2025-10-08 12:20:37.995 [main] INFO  Unidad1.ejemplo.FileNuevo - Filtering Rules
2025-10-08 12:20:37.995 [main] INFO  Unidad1.ejemplo.FileNuevo - Filtering Rules-AA
2025-10-08 12:20:37.995 [main] INFO  Unidad1.ejemplo.FileNuevo - Filtering Rules-CA
2025-10-08 12:20:37.995 [main] INFO  Unidad1.ejemplo.FileNuevo - LICENSE
2025-10-08 12:20:37.996 [main] INFO  Unidad1.ejemplo.FileNuevo - manifest.json
2025-10-08 12:20:37.996 [main] INFO  Unidad1.ejemplo.FileNuevo - Part-DE
2025-10-08 12:20:37.996 [main] INFO  Unidad1.ejemplo.FileNuevo - Part-ES
2025-10-08 12:20:37.996 [main] INFO  Unidad1.ejemplo.FileNuevo - Part-FR
2025-10-08 12:20:37.996 [main] INFO  Unidad1.ejemplo.FileNuevo - Part-IT
2025-10-08 12:20:37.996 [main] INFO  Unidad1.ejemplo.FileNuevo - Part-NL
2025-10-08 12:20:37.996 [main] INFO  Unidad1.ejemplo.FileNuevo - Part-RU
2025-10-08 12:20:37.996 [main] INFO  Unidad1.ejemplo.FileNuevo - Part-ZH
2025-10-08 12:20:37.996 [main] INFO  Unidad1.ejemplo.FileNuevo - keys.json
2025-10-08 12:20:37.996 [main] INFO  Unidad1.ejemplo.FileNuevo - LICENSE
2025-10-08 12:20:37.996 [main] INFO  Unidad1.ejemplo.FileNuevo - manifest.json
2025-10-08 12:20:37.996 [main] INFO  Unidad1.ejemplo.FileNuevo - verified_contents.json
2025-10-08 12:20:37.996 [main] INFO  Unidad1.ejemplo.FileNuevo - Variations
2025-10-08 12:20:37.997 [main] INFO  Unidad1.ejemplo.FileNuevo - english_wikipedia.txt
2025-10-08 12:20:37.997 [main] INFO  Unidad1.ejemplo.FileNuevo - female_names.txt
2025-10-08 12:20:37.997 [main] INFO  Unidad1.ejemplo.FileNuevo - male_names.txt
2025-10-08 12:20:37.997 [main] INFO  Unidad1.ejemplo.FileNuevo - manifest.json
2025-10-08 12:20:37.997 [main] INFO  Unidad1.ejemplo.FileNuevo - passwords.txt
2025-10-08 12:20:37.997 [main] INFO  Unidad1.ejemplo.FileNuevo - ranked_dicts
2025-10-08 12:20:37.997 [main] INFO  Unidad1.ejemplo.FileNuevo - surnames.txt
2025-10-08 12:20:37.997 [main] INFO  Unidad1.ejemplo.FileNuevo - test.txt
2025-10-08 12:20:37.997 [main] INFO  Unidad1.ejemplo.FileNuevo - us_tv_and_film.txt
2025-10-08 12:20:37.997 [main] INFO  Unidad1.ejemplo.FileNuevo - dialog_settings.xml
2025-10-08 12:20:37.997 [main] INFO  Unidad1.ejemplo.FileNuevo - data.properties
2025-10-08 12:20:37.999 [main] INFO  Unidad1.ejemplo.FileNuevo - dialog_settings.xml
2025-10-08 12:20:37.999 [main] INFO  Unidad1.ejemplo.FileNuevo - dialog_settings.xml
2025-10-08 12:20:37.999 [main] INFO  Unidad1.ejemplo.FileNuevo - dialog_settings.xml
2025-10-08 12:20:37.999 [main] INFO  Unidad1.ejemplo.FileNuevo - workingsets.xml
2025-10-08 12:20:37.999 [main] INFO  Unidad1.ejemplo.FileNuevo - dialog_settings.xml
2025-10-08 12:20:37.999 [main] INFO  Unidad1.ejemplo.FileNuevo - system-catalog.xml
2025-10-08 12:20:37.999 [main] INFO  Unidad1.ejemplo.FileNuevo - task-tags.properties
2025-10-08 12:20:38.000 [main] INFO  Unidad1.ejemplo.FileNuevo - version.ini
2025-10-08 12:20:38.000 [main] INFO  Unidad1.ejemplo.FileNuevo - .classpath
2025-10-08 12:20:38.000 [main] INFO  Unidad1.ejemplo.FileNuevo - .project
2025-10-08 12:20:38.000 [main] INFO  Unidad1.ejemplo.FileNuevo - org.eclipse.core.resources.prefs
2025-10-08 12:20:38.000 [main] INFO  Unidad1.ejemplo.FileNuevo - org.eclipse.jdt.core.prefs
2025-10-08 12:20:38.000 [main] INFO  Unidad1.ejemplo.FileNuevo - StreamMain.class
2025-10-08 12:20:38.001 [main] INFO  Unidad1.ejemplo.FileNuevo - Canal.class
2025-10-08 12:20:38.001 [main] INFO  Unidad1.ejemplo.FileNuevo - Retransmision.class
2025-10-08 12:20:38.001 [main] INFO  Unidad1.ejemplo.FileNuevo - Usuario.class
2025-10-08 12:20:38.001 [main] INFO  Unidad1.ejemplo.FileNuevo - module-info.class
2025-10-08 12:20:38.001 [main] INFO  Unidad1.ejemplo.FileNuevo - CanalRepository.class
2025-10-08 12:20:38.001 [main] INFO  Unidad1.ejemplo.FileNuevo - RetransmisionRepository.class
2025-10-08 12:20:38.001 [main] INFO  Unidad1.ejemplo.FileNuevo - UsuarioRepository.class
2025-10-08 12:20:38.001 [main] INFO  Unidad1.ejemplo.FileNuevo - CanalService.class
2025-10-08 12:20:38.001 [main] INFO  Unidad1.ejemplo.FileNuevo - RetransmisionService.class
2025-10-08 12:20:38.001 [main] INFO  Unidad1.ejemplo.FileNuevo - UsuarioService.class
2025-10-08 12:20:38.001 [main] INFO  Unidad1.ejemplo.FileNuevo - StreamMain.java
2025-10-08 12:20:38.001 [main] INFO  Unidad1.ejemplo.FileNuevo - Canal.java
2025-10-08 12:20:38.001 [main] INFO  Unidad1.ejemplo.FileNuevo - Retransmision.java
2025-10-08 12:20:38.002 [main] INFO  Unidad1.ejemplo.FileNuevo - Usuario.java
2025-10-08 12:20:38.002 [main] INFO  Unidad1.ejemplo.FileNuevo - module-info.java
2025-10-08 12:20:38.002 [main] INFO  Unidad1.ejemplo.FileNuevo - CanalRepository.java
2025-10-08 12:20:38.002 [main] INFO  Unidad1.ejemplo.FileNuevo - RetransmisionRepository.java
2025-10-08 12:20:38.002 [main] INFO  Unidad1.ejemplo.FileNuevo - UsuarioRepository.java
2025-10-08 12:20:38.002 [main] INFO  Unidad1.ejemplo.FileNuevo - CanalService.java
2025-10-08 12:20:38.002 [main] INFO  Unidad1.ejemplo.FileNuevo - RetransmisionService.java
2025-10-08 12:20:38.002 [main] INFO  Unidad1.ejemplo.FileNuevo - UsuarioService.java
2025-10-08 12:20:38.002 [main] INFO  Unidad1.ejemplo.FileNuevo - .classpath
2025-10-08 12:20:38.002 [main] INFO  Unidad1.ejemplo.FileNuevo - .project
2025-10-08 12:20:38.002 [main] INFO  Unidad1.ejemplo.FileNuevo - org.eclipse.jdt.apt.core.prefs
2025-10-08 12:20:38.002 [main] INFO  Unidad1.ejemplo.FileNuevo - org.eclipse.jdt.core.prefs
2025-10-08 12:20:38.002 [main] INFO  Unidad1.ejemplo.FileNuevo - org.eclipse.m2e.core.prefs
2025-10-08 12:20:38.002 [main] INFO  Unidad1.ejemplo.FileNuevo - application-20250930.log
2025-10-08 12:20:38.002 [main] INFO  Unidad1.ejemplo.FileNuevo - application-20251007.log
2025-10-08 12:20:38.002 [main] INFO  Unidad1.ejemplo.FileNuevo - application-20251008.log
2025-10-08 12:20:38.002 [main] INFO  Unidad1.ejemplo.FileNuevo - pom.xml
2025-10-08 12:20:38.003 [main] INFO  Unidad1.ejemplo.FileNuevo - PruebaLog.java
2025-10-08 12:20:38.003 [main] INFO  Unidad1.ejemplo.FileNuevo - Editorial.java
2025-10-08 12:20:38.003 [main] INFO  Unidad1.ejemplo.FileNuevo - Genero.java
2025-10-08 12:20:38.003 [main] INFO  Unidad1.ejemplo.FileNuevo - LibreriaException.java
2025-10-08 12:20:38.003 [main] INFO  Unidad1.ejemplo.FileNuevo - Libro.java
2025-10-08 12:20:38.003 [main] INFO  Unidad1.ejemplo.FileNuevo - EditorialRepository.java
2025-10-08 12:20:38.003 [main] INFO  Unidad1.ejemplo.FileNuevo - LibroRepository.java
2025-10-08 12:20:38.003 [main] INFO  Unidad1.ejemplo.FileNuevo - EditorialService.java
2025-10-08 12:20:38.003 [main] INFO  Unidad1.ejemplo.FileNuevo - LibroService.java
2025-10-08 12:20:38.004 [main] INFO  Unidad1.ejemplo.FileNuevo - ConversacionException.java
2025-10-08 12:20:38.004 [main] INFO  Unidad1.ejemplo.FileNuevo - Conversacion.java
2025-10-08 12:20:38.004 [main] INFO  Unidad1.ejemplo.FileNuevo - TipoAgente.java
2025-10-08 12:20:38.004 [main] INFO  Unidad1.ejemplo.FileNuevo - IRepositorioConversaciones.java
2025-10-08 12:20:38.004 [main] INFO  Unidad1.ejemplo.FileNuevo - RepositorioConversaciones.java
2025-10-08 12:20:38.004 [main] INFO  Unidad1.ejemplo.FileNuevo - IServicioConversaciones.java
2025-10-08 12:20:38.004 [main] INFO  Unidad1.ejemplo.FileNuevo - ServicioConversacionesImpl.java
2025-10-08 12:20:38.004 [main] INFO  Unidad1.ejemplo.FileNuevo - FileNuevo.java
2025-10-08 12:20:38.005 [main] INFO  Unidad1.ejemplo.FileNuevo - log4j2.xml
2025-10-08 12:20:38.005 [main] INFO  Unidad1.ejemplo.FileNuevo - log4j2.xml
2025-10-08 12:20:38.005 [main] INFO  Unidad1.ejemplo.FileNuevo - MANIFEST.MF
2025-10-08 12:20:38.005 [main] INFO  Unidad1.ejemplo.FileNuevo - pom.properties
2025-10-08 12:20:38.005 [main] INFO  Unidad1.ejemplo.FileNuevo - pom.xml
2025-10-08 12:20:38.006 [main] INFO  Unidad1.ejemplo.FileNuevo - PruebaLog.class
2025-10-08 12:20:38.006 [main] INFO  Unidad1.ejemplo.FileNuevo - Editorial.class
2025-10-08 12:20:38.006 [main] INFO  Unidad1.ejemplo.FileNuevo - Genero.class
2025-10-08 12:20:38.006 [main] INFO  Unidad1.ejemplo.FileNuevo - LibreriaException.class
2025-10-08 12:20:38.006 [main] INFO  Unidad1.ejemplo.FileNuevo - Libro.class
2025-10-08 12:20:38.006 [main] INFO  Unidad1.ejemplo.FileNuevo - EditorialRepository.class
2025-10-08 12:20:38.006 [main] INFO  Unidad1.ejemplo.FileNuevo - LibroRepository.class
2025-10-08 12:20:38.006 [main] INFO  Unidad1.ejemplo.FileNuevo - EditorialService.class
2025-10-08 12:20:38.006 [main] INFO  Unidad1.ejemplo.FileNuevo - LibroService.class
2025-10-08 12:20:38.006 [main] INFO  Unidad1.ejemplo.FileNuevo - ConversacionException.class
2025-10-08 12:20:38.006 [main] INFO  Unidad1.ejemplo.FileNuevo - Conversacion.class
2025-10-08 12:20:38.007 [main] INFO  Unidad1.ejemplo.FileNuevo - TipoAgente.class
2025-10-08 12:20:38.007 [main] INFO  Unidad1.ejemplo.FileNuevo - IRepositorioConversaciones.class
2025-10-08 12:20:38.007 [main] INFO  Unidad1.ejemplo.FileNuevo - RepositorioConversaciones.class
2025-10-08 12:20:38.007 [main] INFO  Unidad1.ejemplo.FileNuevo - IServicioConversaciones.class
2025-10-08 12:20:38.007 [main] INFO  Unidad1.ejemplo.FileNuevo - ServicioConversacionesImpl.class
2025-10-08 12:20:38.007 [main] INFO  Unidad1.ejemplo.FileNuevo - FileNuevo.class
2025-10-08 12:20:38.007 [main] INFO  Unidad1.ejemplo.FileNuevo - .classpath
2025-10-08 12:20:38.007 [main] INFO  Unidad1.ejemplo.FileNuevo - COMMIT_EDITMSG
2025-10-08 12:20:38.007 [main] INFO  Unidad1.ejemplo.FileNuevo - config
2025-10-08 12:20:38.008 [main] INFO  Unidad1.ejemplo.FileNuevo - description
2025-10-08 12:20:38.008 [main] INFO  Unidad1.ejemplo.FileNuevo - HEAD
2025-10-08 12:20:38.008 [main] INFO  Unidad1.ejemplo.FileNuevo - applypatch-msg.sample
2025-10-08 12:20:38.008 [main] INFO  Unidad1.ejemplo.FileNuevo - commit-msg.sample
2025-10-08 12:20:38.008 [main] INFO  Unidad1.ejemplo.FileNuevo - fsmonitor-watchman.sample
2025-10-08 12:20:38.008 [main] INFO  Unidad1.ejemplo.FileNuevo - post-update.sample
2025-10-08 12:20:38.008 [main] INFO  Unidad1.ejemplo.FileNuevo - pre-applypatch.sample
2025-10-08 12:20:38.008 [main] INFO  Unidad1.ejemplo.FileNuevo - pre-commit.sample
2025-10-08 12:20:38.008 [main] INFO  Unidad1.ejemplo.FileNuevo - pre-merge-commit.sample
2025-10-08 12:20:38.008 [main] INFO  Unidad1.ejemplo.FileNuevo - pre-push.sample
2025-10-08 12:20:38.008 [main] INFO  Unidad1.ejemplo.FileNuevo - pre-rebase.sample
2025-10-08 12:20:38.008 [main] INFO  Unidad1.ejemplo.FileNuevo - pre-receive.sample
2025-10-08 12:20:38.008 [main] INFO  Unidad1.ejemplo.FileNuevo - prepare-commit-msg.sample
2025-10-08 12:20:38.008 [main] INFO  Unidad1.ejemplo.FileNuevo - push-to-checkout.sample
2025-10-08 12:20:38.008 [main] INFO  Unidad1.ejemplo.FileNuevo - sendemail-validate.sample
2025-10-08 12:20:38.008 [main] INFO  Unidad1.ejemplo.FileNuevo - update.sample
2025-10-08 12:20:38.008 [main] INFO  Unidad1.ejemplo.FileNuevo - index
2025-10-08 12:20:38.008 [main] INFO  Unidad1.ejemplo.FileNuevo - exclude
2025-10-08 12:20:38.008 [main] INFO  Unidad1.ejemplo.FileNuevo - HEAD
2025-10-08 12:20:38.009 [main] INFO  Unidad1.ejemplo.FileNuevo - master
2025-10-08 12:20:38.009 [main] INFO  Unidad1.ejemplo.FileNuevo - master
2025-10-08 12:20:38.009 [main] INFO  Unidad1.ejemplo.FileNuevo - 6e1ef22f911f3e27b68521135ebb196bce5ec4
2025-10-08 12:20:38.009 [main] INFO  Unidad1.ejemplo.FileNuevo - b2898ab09133f4ea5f86254bdee935fb65de48
2025-10-08 12:20:38.009 [main] INFO  Unidad1.ejemplo.FileNuevo - a32fa9d3563c4231d9f155cba7274877e8907b
2025-10-08 12:20:38.009 [main] INFO  Unidad1.ejemplo.FileNuevo - 706009c81bea86615fb6d1f7710ea01292300b
2025-10-08 12:20:38.009 [main] INFO  Unidad1.ejemplo.FileNuevo - 3dfd75c238077f262308f40d77be535ec58288
2025-10-08 12:20:38.009 [main] INFO  Unidad1.ejemplo.FileNuevo - 2caf3e2b785372286a67293f8cd7e67f0b9f39
2025-10-08 12:20:38.010 [main] INFO  Unidad1.ejemplo.FileNuevo - 72f86dc025b89ee9854f1f280df77265e150d1
2025-10-08 12:20:38.010 [main] INFO  Unidad1.ejemplo.FileNuevo - cb6f45b0593d5c247fdaf2585a0e1214e3c7f6
2025-10-08 12:20:38.010 [main] INFO  Unidad1.ejemplo.FileNuevo - 91214486cc7878f917f4d26a3645fe6c5eb288
2025-10-08 12:20:38.010 [main] INFO  Unidad1.ejemplo.FileNuevo - 73e887c6917895216373a185291eb30810b649
2025-10-08 12:20:38.010 [main] INFO  Unidad1.ejemplo.FileNuevo - df3b1f360838ed2fb5b967e741c8fa187252b9
2025-10-08 12:20:38.010 [main] INFO  Unidad1.ejemplo.FileNuevo - 313d4b25e4b826b5efa4bed06fd69068761519
2025-10-08 12:20:38.010 [main] INFO  Unidad1.ejemplo.FileNuevo - 9124ed1387813cfd8108be798501dffc30eb2a
2025-10-08 12:20:38.011 [main] INFO  Unidad1.ejemplo.FileNuevo - 2ccf6a40995aa44edcd2160d5da4193f65d18e
2025-10-08 12:20:38.011 [main] INFO  Unidad1.ejemplo.FileNuevo - a3f01ca5230e6ac103537f07a17f3f8ffc50ce
2025-10-08 12:20:38.011 [main] INFO  Unidad1.ejemplo.FileNuevo - f73e120dc6f4d05c2bf82b40aec7cd72c0570b
2025-10-08 12:20:38.011 [main] INFO  Unidad1.ejemplo.FileNuevo - 97a7f1cb2389f85fe6381425d29f0a9866fb65
2025-10-08 12:20:38.011 [main] INFO  Unidad1.ejemplo.FileNuevo - master
2025-10-08 12:20:38.011 [main] INFO  Unidad1.ejemplo.FileNuevo - master
2025-10-08 12:20:38.011 [main] INFO  Unidad1.ejemplo.FileNuevo - .project
2025-10-08 12:20:38.011 [main] INFO  Unidad1.ejemplo.FileNuevo - org.eclipse.jdt.apt.core.prefs
2025-10-08 12:20:38.013 [main] INFO  Unidad1.ejemplo.FileNuevo - org.eclipse.jdt.core.prefs
2025-10-08 12:20:38.013 [main] INFO  Unidad1.ejemplo.FileNuevo - org.eclipse.m2e.core.prefs
2025-10-08 12:20:38.013 [main] INFO  Unidad1.ejemplo.FileNuevo - pom.xml
2025-10-08 12:20:38.013 [main] INFO  Unidad1.ejemplo.FileNuevo - prueba.java
2025-10-08 12:20:38.014 [main] INFO  Unidad1.ejemplo.FileNuevo - prueba.class
2025-10-08 12:20:38.014 [main] INFO  Unidad1.ejemplo.FileNuevo - MANIFEST.MF
2025-10-08 12:20:38.014 [main] INFO  Unidad1.ejemplo.FileNuevo - pom.properties
2025-10-08 12:20:38.014 [main] INFO  Unidad1.ejemplo.FileNuevo - pom.xml
2025-10-08 12:20:38.015 [main] INFO  Unidad1.ejemplo.FileNuevo - .classpath
2025-10-08 12:20:38.015 [main] INFO  Unidad1.ejemplo.FileNuevo - .project
2025-10-08 12:20:38.015 [main] INFO  Unidad1.ejemplo.FileNuevo - org.eclipse.jdt.apt.core.prefs
2025-10-08 12:20:38.015 [main] INFO  Unidad1.ejemplo.FileNuevo - org.eclipse.jdt.core.prefs
2025-10-08 12:20:38.015 [main] INFO  Unidad1.ejemplo.FileNuevo - org.eclipse.m2e.core.prefs
2025-10-08 12:20:38.015 [main] INFO  Unidad1.ejemplo.FileNuevo - adios.txt
2025-10-08 12:20:38.015 [main] INFO  Unidad1.ejemplo.FileNuevo - pom.xml
2025-10-08 12:20:38.015 [main] INFO  Unidad1.ejemplo.FileNuevo - PruebaGit.java
2025-10-08 12:20:38.016 [main] INFO  Unidad1.ejemplo.FileNuevo - Ejemplo.java
2025-10-08 12:20:38.016 [main] INFO  Unidad1.ejemplo.FileNuevo - EjemploProcessBuilder.java
2025-10-08 12:20:38.016 [main] INFO  Unidad1.ejemplo.FileNuevo - Gestiona.class
2025-10-08 12:20:38.016 [main] INFO  Unidad1.ejemplo.FileNuevo - Gestiona.java
2025-10-08 12:20:38.016 [main] INFO  Unidad1.ejemplo.FileNuevo - LanzadorEjemplo.java
2025-10-08 12:20:38.016 [main] INFO  Unidad1.ejemplo.FileNuevo - MANIFEST.MF
2025-10-08 12:20:38.016 [main] INFO  Unidad1.ejemplo.FileNuevo - pom.properties
2025-10-08 12:20:38.017 [main] INFO  Unidad1.ejemplo.FileNuevo - pom.xml
2025-10-08 12:20:38.017 [main] INFO  Unidad1.ejemplo.FileNuevo - PruebaGit.class
2025-10-08 12:20:38.017 [main] INFO  Unidad1.ejemplo.FileNuevo - Ejemplo.class
2025-10-08 12:20:38.017 [main] INFO  Unidad1.ejemplo.FileNuevo - EjemploProcessBuilder.class
2025-10-08 12:20:38.017 [main] INFO  Unidad1.ejemplo.FileNuevo - Gestiona.class
2025-10-08 12:20:38.017 [main] INFO  Unidad1.ejemplo.FileNuevo - LanzadorEjemplo.class
2025-10-08 12:20:38.017 [main] INFO  Unidad1.ejemplo.FileNuevo - Gestiona.class
2025-10-08 12:20:38.017 [main] INFO  Unidad1.ejemplo.FileNuevo - .classpath
2025-10-08 12:20:38.017 [main] INFO  Unidad1.ejemplo.FileNuevo - .project
2025-10-08 12:20:38.018 [main] INFO  Unidad1.ejemplo.FileNuevo - org.eclipse.jdt.apt.core.prefs
2025-10-08 12:20:38.018 [main] INFO  Unidad1.ejemplo.FileNuevo - org.eclipse.jdt.core.prefs
2025-10-08 12:20:38.018 [main] INFO  Unidad1.ejemplo.FileNuevo - org.eclipse.m2e.core.prefs
2025-10-08 12:20:38.018 [main] INFO  Unidad1.ejemplo.FileNuevo - pom.xml
2025-10-08 12:20:38.018 [main] INFO  Unidad1.ejemplo.FileNuevo - Padre.java
2025-10-08 12:20:38.018 [main] INFO  Unidad1.ejemplo.FileNuevo - Test.java
2025-10-08 12:20:38.019 [main] INFO  Unidad1.ejemplo.FileNuevo - MANIFEST.MF
2025-10-08 12:20:38.019 [main] INFO  Unidad1.ejemplo.FileNuevo - pom.properties
2025-10-08 12:20:38.019 [main] INFO  Unidad1.ejemplo.FileNuevo - pom.xml
2025-10-08 12:20:38.019 [main] INFO  Unidad1.ejemplo.FileNuevo - Padre.class
2025-10-08 12:20:38.019 [main] INFO  Unidad1.ejemplo.FileNuevo - Test.class
2025-10-08 12:20:38.019 [main] INFO  Unidad1.ejemplo.FileNuevo - .lock
2025-10-08 12:20:38.019 [main] INFO  Unidad1.ejemplo.FileNuevo - .lock_info
2025-10-08 12:20:38.019 [main] INFO  Unidad1.ejemplo.FileNuevo - .log
2025-10-08 12:20:38.020 [main] INFO  Unidad1.ejemplo.FileNuevo - repositories.xml.zip
2025-10-08 12:20:38.020 [main] INFO  Unidad1.ejemplo.FileNuevo - tasks.xml.zip
2025-10-08 12:20:38.020 [main] INFO  Unidad1.ejemplo.FileNuevo - versions.json
2025-10-08 12:20:38.020 [main] INFO  Unidad1.ejemplo.FileNuevo - .location
2025-10-08 12:20:38.021 [main] INFO  Unidad1.ejemplo.FileNuevo - history.version
2025-10-08 12:20:38.021 [main] INFO  Unidad1.ejemplo.FileNuevo - properties.index
2025-10-08 12:20:38.021 [main] INFO  Unidad1.ejemplo.FileNuevo - properties.version
2025-10-08 12:20:38.021 [main] INFO  Unidad1.ejemplo.FileNuevo - 3.tree
2025-10-08 12:20:38.021 [main] INFO  Unidad1.ejemplo.FileNuevo - org.eclipse.core.resources
2025-10-08 12:20:38.021 [main] INFO  Unidad1.ejemplo.FileNuevo - Docker.prefs
2025-10-08 12:20:38.021 [main] INFO  Unidad1.ejemplo.FileNuevo - org.eclipse.core.resources.prefs
2025-10-08 12:20:38.021 [main] INFO  Unidad1.ejemplo.FileNuevo - org.eclipse.egit.core.prefs
2025-10-08 12:20:38.021 [main] INFO  Unidad1.ejemplo.FileNuevo - org.eclipse.jdt.ui.prefs
2025-10-08 12:20:38.021 [main] INFO  Unidad1.ejemplo.FileNuevo - org.eclipse.jsch.core.prefs
2025-10-08 12:20:38.021 [main] INFO  Unidad1.ejemplo.FileNuevo - org.eclipse.m2e.apt.prefs
2025-10-08 12:20:38.021 [main] INFO  Unidad1.ejemplo.FileNuevo - org.eclipse.m2e.discovery.prefs
2025-10-08 12:20:38.021 [main] INFO  Unidad1.ejemplo.FileNuevo - org.eclipse.mylyn.monitor.ui.prefs
2025-10-08 12:20:38.021 [main] INFO  Unidad1.ejemplo.FileNuevo - org.eclipse.mylyn.tasks.ui.prefs
2025-10-08 12:20:38.021 [main] INFO  Unidad1.ejemplo.FileNuevo - org.eclipse.ui.ide.prefs
2025-10-08 12:20:38.021 [main] INFO  Unidad1.ejemplo.FileNuevo - org.eclipse.ui.workbench.prefs
2025-10-08 12:20:38.021 [main] INFO  Unidad1.ejemplo.FileNuevo - org.springframework.ide.eclipse.boot.dash.prefs
2025-10-08 12:20:38.021 [main] INFO  Unidad1.ejemplo.FileNuevo - org.springframework.ide.eclipse.imports.prefs
2025-10-08 12:20:38.021 [main] INFO  Unidad1.ejemplo.FileNuevo - org.springsource.ide.eclipse.commons.ui.prefs
2025-10-08 12:20:38.021 [main] INFO  Unidad1.ejemplo.FileNuevo - workbench.xmi
2025-10-08 12:20:38.021 [main] INFO  Unidad1.ejemplo.FileNuevo - .project
2025-10-08 12:20:38.021 [main] INFO  Unidad1.ejemplo.FileNuevo - org.eclipse.core.resources.prefs
2025-10-08 12:20:38.023 [main] INFO  Unidad1.ejemplo.FileNuevo - assumedExternalFilesCache
2025-10-08 12:20:38.023 [main] INFO  Unidad1.ejemplo.FileNuevo - externalFilesCache
2025-10-08 12:20:38.023 [main] INFO  Unidad1.ejemplo.FileNuevo - javaLikeNames.txt
2025-10-08 12:20:38.023 [main] INFO  Unidad1.ejemplo.FileNuevo - nonChainingJarsCache
2025-10-08 12:20:38.023 [main] INFO  Unidad1.ejemplo.FileNuevo - variablesAndContainers.dat
2025-10-08 12:20:38.023 [main] INFO  Unidad1.ejemplo.FileNuevo - dialog_settings.xml
2025-10-08 12:20:38.023 [main] INFO  Unidad1.ejemplo.FileNuevo - OpenTypeHistory.xml
2025-10-08 12:20:38.023 [main] INFO  Unidad1.ejemplo.FileNuevo - QualifiedTypeNameHistory.xml
2025-10-08 12:20:38.023 [main] INFO  Unidad1.ejemplo.FileNuevo - workspaceState.ser
2025-10-08 12:20:38.023 [main] INFO  Unidad1.ejemplo.FileNuevo - 0.log
2025-10-08 12:20:38.023 [main] INFO  Unidad1.ejemplo.FileNuevo - logback.2.7.100.20250418-1315.xml
2025-10-08 12:20:38.024 [main] INFO  Unidad1.ejemplo.FileNuevo - clean-cache.properties
2025-10-08 12:20:38.024 [main] INFO  Unidad1.ejemplo.FileNuevo - dialog_settings.xml
2025-10-08 12:20:38.024 [main] INFO  Unidad1.ejemplo.FileNuevo - dialog_settings.xml
2025-10-08 12:20:38.024 [main] INFO  Unidad1.ejemplo.FileNuevo - workingsets.xml
2025-10-08 12:20:38.025 [main] INFO  Unidad1.ejemplo.FileNuevo - version.ini
2025-10-08 12:20:38.025 [main] INFO  Unidad1.ejemplo.FileNuevo - .classpath
2025-10-08 12:20:38.025 [main] INFO  Unidad1.ejemplo.FileNuevo - .project
2025-10-08 12:20:38.025 [main] INFO  Unidad1.ejemplo.FileNuevo - org.eclipse.core.resources.prefs
2025-10-08 12:20:38.025 [main] INFO  Unidad1.ejemplo.FileNuevo - org.eclipse.jdt.core.prefs
2025-10-08 12:20:38.025 [main] INFO  Unidad1.ejemplo.FileNuevo - StreamMain.class
2025-10-08 12:20:38.025 [main] INFO  Unidad1.ejemplo.FileNuevo - Canal.class
2025-10-08 12:20:38.025 [main] INFO  Unidad1.ejemplo.FileNuevo - Retransmision.class
2025-10-08 12:20:38.025 [main] INFO  Unidad1.ejemplo.FileNuevo - Usuario.class
2025-10-08 12:20:38.025 [main] INFO  Unidad1.ejemplo.FileNuevo - module-info.class
2025-10-08 12:20:38.025 [main] INFO  Unidad1.ejemplo.FileNuevo - CanalRepository.class
2025-10-08 12:20:38.025 [main] INFO  Unidad1.ejemplo.FileNuevo - RetransmisionRepository.class
2025-10-08 12:20:38.025 [main] INFO  Unidad1.ejemplo.FileNuevo - UsuarioRepository.class
2025-10-08 12:20:38.026 [main] INFO  Unidad1.ejemplo.FileNuevo - CanalService.class
2025-10-08 12:20:38.026 [main] INFO  Unidad1.ejemplo.FileNuevo - RetransmisionService.class
2025-10-08 12:20:38.026 [main] INFO  Unidad1.ejemplo.FileNuevo - UsuarioService.class
2025-10-08 12:20:38.026 [main] INFO  Unidad1.ejemplo.FileNuevo - StreamMain.java
2025-10-08 12:20:38.026 [main] INFO  Unidad1.ejemplo.FileNuevo - Canal.java
2025-10-08 12:20:38.026 [main] INFO  Unidad1.ejemplo.FileNuevo - Retransmision.java
2025-10-08 12:20:38.026 [main] INFO  Unidad1.ejemplo.FileNuevo - Usuario.java
2025-10-08 12:20:38.026 [main] INFO  Unidad1.ejemplo.FileNuevo - module-info.java
2025-10-08 12:20:38.026 [main] INFO  Unidad1.ejemplo.FileNuevo - CanalRepository.java
2025-10-08 12:20:38.026 [main] INFO  Unidad1.ejemplo.FileNuevo - RetransmisionRepository.java
2025-10-08 12:20:38.026 [main] INFO  Unidad1.ejemplo.FileNuevo - UsuarioRepository.java
2025-10-08 12:20:38.026 [main] INFO  Unidad1.ejemplo.FileNuevo - CanalService.java
2025-10-08 12:20:38.026 [main] INFO  Unidad1.ejemplo.FileNuevo - RetransmisionService.java
2025-10-08 12:20:38.026 [main] INFO  Unidad1.ejemplo.FileNuevo - UsuarioService.java
2025-10-08 12:20:38.027 [main] INFO  Unidad1.ejemplo.FileNuevo - .classpath
2025-10-08 12:20:38.027 [main] INFO  Unidad1.ejemplo.FileNuevo - .project
2025-10-08 12:20:38.027 [main] INFO  Unidad1.ejemplo.FileNuevo - org.eclipse.jdt.apt.core.prefs
2025-10-08 12:20:38.027 [main] INFO  Unidad1.ejemplo.FileNuevo - org.eclipse.jdt.core.prefs
2025-10-08 12:20:38.027 [main] INFO  Unidad1.ejemplo.FileNuevo - org.eclipse.m2e.core.prefs
2025-10-08 12:20:38.027 [main] INFO  Unidad1.ejemplo.FileNuevo - pom.xml
2025-10-08 12:20:38.027 [main] INFO  Unidad1.ejemplo.FileNuevo - Editorial.java
2025-10-08 12:20:38.027 [main] INFO  Unidad1.ejemplo.FileNuevo - Genero.java
2025-10-08 12:20:38.027 [main] INFO  Unidad1.ejemplo.FileNuevo - LibreriaException.java
2025-10-08 12:20:38.027 [main] INFO  Unidad1.ejemplo.FileNuevo - Libro.java
2025-10-08 12:20:38.027 [main] INFO  Unidad1.ejemplo.FileNuevo - EditorialRepository.java
2025-10-08 12:20:38.027 [main] INFO  Unidad1.ejemplo.FileNuevo - LibroRepository.java
2025-10-08 12:20:38.028 [main] INFO  Unidad1.ejemplo.FileNuevo - EditorialService.java
2025-10-08 12:20:38.028 [main] INFO  Unidad1.ejemplo.FileNuevo - LibroService.java
2025-10-08 12:20:38.028 [main] INFO  Unidad1.ejemplo.FileNuevo - MANIFEST.MF
2025-10-08 12:20:38.028 [main] INFO  Unidad1.ejemplo.FileNuevo - pom.properties
2025-10-08 12:20:38.028 [main] INFO  Unidad1.ejemplo.FileNuevo - pom.xml
2025-10-08 12:20:38.029 [main] INFO  Unidad1.ejemplo.FileNuevo - Editorial.class
2025-10-08 12:20:38.029 [main] INFO  Unidad1.ejemplo.FileNuevo - Genero.class
2025-10-08 12:20:38.029 [main] INFO  Unidad1.ejemplo.FileNuevo - LibreriaException.class
2025-10-08 12:20:38.029 [main] INFO  Unidad1.ejemplo.FileNuevo - Libro.class
2025-10-08 12:20:38.029 [main] INFO  Unidad1.ejemplo.FileNuevo - EditorialRepository.class
2025-10-08 12:20:38.029 [main] INFO  Unidad1.ejemplo.FileNuevo - LibroRepository.class
2025-10-08 12:20:38.029 [main] INFO  Unidad1.ejemplo.FileNuevo - EditorialService.class
2025-10-08 12:20:38.029 [main] INFO  Unidad1.ejemplo.FileNuevo - LibroService.class
2025-10-08 12:20:38.030 [main] INFO  Unidad1.ejemplo.FileNuevo - .classpath
2025-10-08 12:20:38.030 [main] INFO  Unidad1.ejemplo.FileNuevo - .project
2025-10-08 12:20:38.030 [main] INFO  Unidad1.ejemplo.FileNuevo - org.eclipse.jdt.apt.core.prefs
2025-10-08 12:20:38.030 [main] INFO  Unidad1.ejemplo.FileNuevo - org.eclipse.jdt.core.prefs
2025-10-08 12:20:38.030 [main] INFO  Unidad1.ejemplo.FileNuevo - org.eclipse.m2e.core.prefs
2025-10-08 12:20:38.030 [main] INFO  Unidad1.ejemplo.FileNuevo - pom.xml
2025-10-08 12:20:38.031 [main] INFO  Unidad1.ejemplo.FileNuevo - Padre.java
2025-10-08 12:20:38.031 [main] INFO  Unidad1.ejemplo.FileNuevo - Test.java
2025-10-08 12:20:38.032 [main] INFO  Unidad1.ejemplo.FileNuevo - MANIFEST.MF
2025-10-08 12:20:38.032 [main] INFO  Unidad1.ejemplo.FileNuevo - pom.properties
2025-10-08 12:20:38.032 [main] INFO  Unidad1.ejemplo.FileNuevo - pom.xml
2025-10-08 12:20:38.032 [main] INFO  Unidad1.ejemplo.FileNuevo - Padre.class
2025-10-08 12:20:38.032 [main] INFO  Unidad1.ejemplo.FileNuevo - Test.class
2025-10-08 12:20:38.033 [main] INFO  Unidad1.ejemplo.FileNuevo - Tu Chrome - Chrome.lnk
2025-10-08 12:20:38.033 [main] INFO  Unidad1.ejemplo.FileNuevo - Visual Studio Code.lnk
